$NOD
8152
1 0 0.103909534 0.9305513869000001
2 0.0973599587 0.103909534 0.9305513869000001
3 0 0.2012694927 0.9305513869000001
4 -0.0973599587 0.103909534 0.9305513869000001
5 0 0.0065495753 0.9305513869000001
6 0 0.103909534 1.0279113456
7 0 0.103909534 0.8331914282
8 0.1039095318639959 0.1039120882215133 0.9305467548608388
9 -1.989683137861041e-11 0.207819068 0.9305513869276071
10 -2.315516970416383e-06 0.1039091862543445 1.034460920481458
11 -0.1039095255663439 0.1039033528624394 0.9305428858883439
12 0.00010868134426832 9.059383732313783e-07 0.9305439998932337
13 -5.04300140753638e-05 0.1039624336857818 0.8266422606920419
14 0 0.08350396290000001 0
15 0.1482193074 0.08350396290000001 0
16 0 0.1576136166 0
17 -0.1482193074 0.08350396290000001 0
18 0 0.009394309199999999 0
19 0.161519605 0.08350396290000001 0
20 0 0.1642637654 0
21 -0.161519605 0.08350396290000001 0
22 0 0.0027441604 0
23 0.1648405876 0.08350396290000001 0
24 0 0.1659242567 0
25 -0.1648405876 0.08350396290000001 0
26 0 0.0010836691 0
27 0.1670079257 0.08350396290000001 0
28 0 0.1670079257 0
29 -0.1670079257 0.08350396290000001 0
30 0 0 0
31 -0.2247303272 0.0377224015 0.035934986
32 -0.1906882924 0.0377224015 0.035934986
33 -0.2247303272 0.0717644363 0.035934986
34 -0.258772362 0.0377224015 0.035934986
35 -0.2247303272 0.0036803667 0.035934986
36 -0.1884312301 0.0377224015 0.035934986
37 -0.2247303272 0.0740214986 0.035934986
38 -0.2610294243 0.0377224015 0.035934986
39 -0.2247303272 0.0014233044 0.035934986
40 -0.1870079257 0.0377224015 0.035934986
41 -0.2247303272 0.0754448029 0.035934986
42 -0.2624527287 0.0377224015 0.035934986
43 -0.2247303272 0 0.035934986
44 0.2247303272 0.0377224015 0.035934986
45 0.258772362 0.0377224015 0.035934986
46 0.2247303272 0.0717644363 0.035934986
47 0.1906882924 0.0377224015 0.035934986
48 0.2247303272 0.0036803667 0.035934986
49 0.2610294243 0.0377224015 0.035934986
50 0.2247303272 0.0740214986 0.035934986
51 0.1884312301 0.0377224015 0.035934986
52 0.2247303272 0.0014233044 0.035934986
53 0.2624527287 0.0377224015 0.035934986
54 0.2247303272 0.0754448029 0.035934986
55 0.1870079257 0.0377224015 0.035934986
56 0.2247303272 0 0.035934986
57 -0.06394971219999999 0.0589497122 -1.0178618181
58 -0.008611455 0.0589497122 -1.0178618181
59 -0.06394971219999999 0.1142879694 -1.0178618181
60 -0.1192879694 0.0589497122 -1.0178618181
61 -0.06394971219999999 0.003611455 -1.0178618181
62 -0.006413397 0.0589497122 -1.0178618181
63 -0.06394971219999999 0.1164860273 -1.0178618181
64 -0.1214860273 0.0589497122 -1.0178618181
65 -0.06394971219999999 0.001413397 -1.0178618181
66 -0.005 0.0589497122 -1.0178618181
67 -0.06394971219999999 0.1178994244 -1.0178618181
68 -0.1228994244 0.0589497122 -1.0178618181
69 -0.06394971219999999 0 -1.0178618181
70 0.06394971219999999 0.0589497122 -1.0178618181
71 0.1192879694 0.0589497122 -1.0178618181
72 0.06394971219999999 0.1142879694 -1.0178618181
73 0.008611455 0.0589497122 -1.0178618181
74 0.06394971219999999 0.003611455 -1.0178618181
75 0.1214860273 0.0589497122 -1.0178618181
76 0.06394971219999999 0.1164860273 -1.0178618181
77 0.006413397 0.0589497122 -1.0178618181
78 0.06394971219999999 0.001413397 -1.0178618181
79 0.1228994244 0.0589497122 -1.0178618181
80 0.06394971219999999 0.1178994244 -1.0178618181
81 0.005 0.0589497122 -1.0178618181
82 0.06394971219999999 0 -1.0178618181
83 0.1482193074 0.08350396290000001 0.7766418529
84 0 0.1576136166 0.7766418529
85 -0.1482193074 0.08350396290000001 0.7766418529
86 0 0.009394309199999999 0.7766418529
87 0.161519605 0.08350396290000001 0.7766418529
88 0 0.1642637654 0.7766418529
89 -0.161519605 0.08350396290000001 0.7766418529
90 0 0.0027441604 0.7766418529
91 0.1648405876 0.08350396290000001 0.7766418529
92 0 0.1659242567 0.7766418529
93 -0.1648405876 0.08350396290000001 0.7766418529
94 0 0.0010836691 0.7766418529
95 0.1670079257 0.08350396290000001 0.7766418529
96 0 0.1670079257 0.7766418529
97 -0.1670079257 0.08350396290000001 0.7766418529
98 0 0 0.7766418529
99 -0.1906882924 0.0377224015 0.7766418529
100 -0.2247303272 0.0717644363 0.7766418529
101 -0.258772362 0.0377224015 0.7766418529
102 -0.2247303272 0.0036803667 0.7766418529
103 -0.1884312301 0.0377224015 0.7766418529
104 -0.2247303272 0.0740214986 0.7766418529
105 -0.2610294243 0.0377224015 0.7766418529
106 -0.2247303272 0.0014233044 0.7766418529
107 -0.1870079257 0.0377224015 0.7766418529
108 -0.2247303272 0.0754448029 0.7766418529
109 -0.2624527287 0.0377224015 0.7766418529
110 -0.2247303272 0 0.7766418529
111 0.258772362 0.0377224015 0.7766418529
112 0.2247303272 0.0717644363 0.7766418529
113 0.1906882924 0.0377224015 0.7766418529
114 0.2247303272 0.0036803667 0.7766418529
115 0.2610294243 0.0377224015 0.7766418529
116 0.2247303272 0.0740214986 0.7766418529
117 0.1884312301 0.0377224015 0.7766418529
118 0.2247303272 0.0014233044 0.7766418529
119 0.2624527287 0.0377224015 0.7766418529
120 0.2247303272 0.0754448029 0.7766418529
121 0.1870079257 0.0377224015 0.7766418529
122 0.2247303272 0 0.7766418529
123 -0.008611455 0.0589497122 -0.02000000000000013
124 -0.06394971219999999 0.1142879694 -0.02000000000000013
125 -0.1192879694 0.0589497122 -0.02000000000000013
126 -0.06394971219999999 0.003611455 -0.02000000000000013
127 -0.006413397 0.0589497122 -0.02000000000000013
128 -0.06394971219999999 0.1164860273 -0.02000000000000013
129 -0.1214860273 0.0589497122 -0.02000000000000013
130 -0.06394971219999999 0.001413397 -0.02000000000000013
131 -0.005 0.0589497122 -0.02000000000000013
132 -0.06394971219999999 0.1178994244 -0.02000000000000013
133 -0.1228994244 0.0589497122 -0.02000000000000013
134 -0.06394971219999999 0 -0.02000000000000013
135 0.1192879694 0.0589497122 -0.02000000000000013
136 0.06394971219999999 0.1142879694 -0.02000000000000013
137 0.008611455 0.0589497122 -0.02000000000000013
138 0.06394971219999999 0.003611455 -0.02000000000000013
139 0.1214860273 0.0589497122 -0.02000000000000013
140 0.06394971219999999 0.1164860273 -0.02000000000000013
141 0.006413397 0.0589497122 -0.02000000000000013
142 0.06394971219999999 0.001413397 -0.02000000000000013
143 0.1228994244 0.0589497122 -0.02000000000000013
144 0.06394971219999999 0.1178994244 -0.02000000000000013
145 0.005 0.0589497122 -0.02000000000000013
146 0.06394971219999999 0 -0.02000000000000013
147 0.09491894124913197 0.1255741630115833 0.9305513869000001
148 0.08771829171257862 0.1461524370381752 0.9305513869000001
149 0.07611908072427986 0.1646124755082685 0.9305513869000001
150 0.06070294122844334 0.180028614947433 0.9305513869000001
151 0.04224290280870439 0.1916278258230859 0.9305513869000001
152 0.02166462887162083 0.1988284752810775 0.9305513869000001
153 -0.02166462900132259 0.1988284752514739 0.9305513869000001
154 -0.04224290304202467 0.1916278257107248 0.9305513869000001
155 -0.06070294152633182 0.1800286147098749 0.9305513869000001
156 -0.07611908096833984 0.164612475202227 0.9305513869000001
157 -0.08771829183023705 0.1461524367938549 0.9305513869000001
158 -0.09491894127814976 0.1255741628844481 0.9305513869000001
159 -0.09491894125048951 0.08224490499436445 0.9305513869000001
160 -0.08771829171037974 0.06166663095725884 0.9305513869000001
161 -0.07611908071227361 0.0432065924766761 0.9305513869000001
162 -0.0607029412151435 0.02779045304196072 0.9305513869000001
163 -0.04224290279897949 0.01619124217223082 0.9305513869000001
164 -0.02166462886896442 0.00899059271831619 0.9305513869000001
165 0.02166462899743754 0.008990592747639345 0.9305513869000001
166 0.04224290303369423 0.01619124228526349 0.9305513869000001
167 0.06070294151849825 0.02779045328387805 0.9305513869000001
168 0.07611908095660329 0.04320659278305581 0.9305513869000001
169 0.08771829182844861 0.06166663120243138 0.9305513869000001
170 0.0949189412798901 0.08224490512317688 0.9305513869000001
171 0.09491894127626124 0.103909534 0.9522160157927223
172 0.0877182917083365 0.103909534 0.972794289946984
173 0.07611908074436712 0.103909534 0.99125432838308
174 0.06070294126661567 0.103909534 1.006670467816992
175 0.04224290279309874 0.103909534 1.018269678730601
176 0.02166462887959865 0.103909534 1.025470328179257
177 -0.02166462899887712 0.103909534 1.025470328152032
178 -0.04224290305553489 0.103909534 1.018269678604219
179 -0.06070294142939978 0.103909534 1.006670467687176
180 -0.07611908093245531 0.103909534 0.9912543281472247
181 -0.08771829184370269 0.103909534 0.972794289665893
182 -0.09491894128732169 0.103909534 0.952216015744263
183 -0.09491894127345396 0.103909534 0.9088867579949783
184 -0.08771829169738887 0.103909534 0.888308483830283
185 -0.07611908072076953 0.103909534 0.8698484453873297
186 -0.06070294121290862 0.103909534 0.8544323059401785
187 -0.04224290280399867 0.103909534 0.842833095074648
188 -0.02166462887614459 0.103909534 0.8356324456199551
189 0.02166462899049881 0.103909534 0.8356324456460557
190 0.04224290303513976 0.103909534 0.8428330951859596
191 0.06070294151896542 0.103909534 0.8544323061842506
192 0.07611908096379137 0.103909534 0.8698484456920694
193 0.08771829179392238 0.103909534 0.8883084840307369
194 0.09491894129081589 0.103909534 0.9088867580710458
195 0 0.1988284752708457 0.9522160158164491
196 0 0.1916278256936959 0.9727942899773856
197 0 0.1800286147232032 0.9912543284096187
198 0 0.1646124752325669 1.006670467844144
199 0 0.1461524367694646 1.018269678741983
200 0 0.1255741628853776 1.025470328177938
201 0 0.08224490499257894 1.025470328150082
202 0 0.06166663094958483 1.018269678606684
203 0 0.0432065925741544 1.00667046769001
204 0 0.02779045306967047 0.9912543281498903
205 0 0.0161912421572835 0.9727942896679409
206 0 0.008990592712931206 0.952216015745371
207 0 0.008990592726841815 0.9088867579936825
208 0 0.01619124230376454 0.8883084838278881
209 0 0.0277904532817166 0.8698484453842121
210 0 0.04320659279124809 0.8544323059368637
211 0 0.06166663120198899 0.8428330950717645
212 0 0.082244905118473 0.8356324456211836
213 0 0.1255741629906539 0.8356324456460911
214 0 0.1461524370354532 0.8428330951861106
215 0 0.1646124755184817 0.8544323061838649
216 0 0.1800286149692062 0.8698484456988594
217 0 0.1916278257970043 0.8883084840371366
218 0 0.1988284752901921 0.9088867580683129
219 0.1012976775803747 0.127060311410986 0.9305466580726856
220 0.09361456261275337 0.1490039078967728 0.9305450603929875
221 0.08124172513723084 0.1686935763788823 0.9305432313676495
222 0.06478239193366236 0.1851525283676141 0.9305283691558444
223 0.045100704728345 0.1975210340478795 0.9305501150139102
224 0.02315117373565009 0.2052071200761576 0.9305547862816904
225 -4.75742159339504e-06 0.2052117743247939 0.9536824424819097
226 -1.324845926583191e-05 0.1975142148834267 0.9756660809509276
227 -2.940981579158499e-06 0.1851552230441435 0.9953304558713969
228 1.042567426716229e-05 0.1686952922072609 1.011791740485475
229 -4.320751959029923e-07 0.1490170266148299 1.024159590578463
230 3.446729394902454e-06 0.1270436542404422 1.031852923252656
231 0.02315577396079068 0.1039057752983988 1.031847898941653
232 0.0451081408424634 0.1039363706830248 1.024159214138703
233 0.0647794896082165 0.1039647253265706 1.011796445201494
234 0.08122439226116823 0.1039869243090616 0.9953563695416804
235 0.09362665370143837 0.1039373048878243 0.9756204930441851
236 0.1012967720968967 0.1038837320442518 0.9537058295034937
237 0.09890920944474479 0.1039101381812928 0.9305502912270546
238 0.1004584601894896 0.1039107423625857 0.9305491955541091
239 0.1015095841466879 0.1039111522829511 0.9305484521701952
240 0.1025607081038861 0.1039115622033165 0.9305477087862813
241 0.103235119983941 0.1039118252124149 0.93054723182356
242 -4.706441177086919e-12 0.20281874395 0.9305513869065303
243 -9.412882354173838e-12 0.2043679952 0.9305513869130605
244 -1.260607305694504e-11 0.2054191195 0.9305513869174911
245 -1.579926375971624e-11 0.2064702438 0.9305513869219216
246 -1.784804756916333e-11 0.2071446559 0.9305513869247644
247 -5.477175841941682e-07 0.1039094517434617 1.029460596750997
248 -1.095435168388336e-06 0.1039093694869234 1.031009847901994
249 -1.467046462737001e-06 0.1039093136781279 1.032060972134824
250 -1.838657757085665e-06 0.1039092578693324 1.033112096367653
251 -2.077087363751024e-06 0.1039092220618384 1.033786508424555
252 -0.02316176009882132 0.2052046210265059 0.9305340622697164
253 -0.04505511977021642 0.1975428488808881 0.9305809602068776
254 -0.06480423900925848 0.1851347602630544 0.9306111627868926
255 -0.08124171271551536 0.168693569380484 0.9305672267673114
256 -0.09361405356690676 0.1490049622361161 0.930556749366198
257 -0.1012956402362528 0.1270689979042273 0.9305406504322433
258 -0.1012995765506514 0.1039051287669199 0.9536939909946124
259 -0.09360372936327122 0.1039078658260239 0.9756680605389483
260 -0.08124112355735745 0.1039207745661222 0.9953361769451016
261 -0.06478759878926654 0.1039320059061759 1.011790233880693
262 -0.04510310913877552 0.1039316073602085 1.024161679159084
263 -0.02313958353580748 0.1039243705244216 1.031851646636632
264 -0.09890920795508404 0.1039080718998403 0.930549376051612
265 -0.1004584572101681 0.1039066097996806 0.9305473652032239
266 -0.1015095801566725 0.1039056178049948 0.9305460008979801
267 -0.102560703103177 0.1039046258103091 0.9305446365927363
268 -0.1032351143347604 0.1039039893363743 0.9305437612405401
269 -0.1012971789191529 0.08075661065910379 0.9305504791308594
270 -0.09360943467877293 0.05880479007908682 0.9305162027509382
271 -0.08124253673072836 0.03912670789777057 0.9305104374172352
272 -0.06479500957040851 0.02267656119840669 0.9305465496858788
273 -0.04510026685036483 0.01029784045333137 0.9305663357425595
274 -0.02314939566775346 0.002611535579361913 0.9305572333981259
275 0.0001904645660736404 0.002608175407636155 0.9536738940669434
276 6.061977161882641e-05 0.01027740734291658 0.9756085070799474
277 -2.882354542510348e-05 0.02267907923914356 0.9953494427243808
278 3.187587569722218e-05 0.03913187884672639 1.011798101508686
279 4.181395804290166e-05 0.05879482423236677 1.024155926510249
280 1.133057911499097e-05 0.08075318185295656 1.031847754770833
281 2.570772924152427e-05 0.005000538342697291 0.9305496395608304
282 5.141545848304854e-05 0.003451501385394583 0.9305478922216607
283 6.885744467062574e-05 0.002400522477087141 0.9305467067001634
284 8.629943085820295e-05 0.0013495435687797 0.9305455211786661
285 9.749038756326148e-05 0.0006752247535764654 0.9305447605359498
286 0.02311409024115496 0.002603450559961048 0.9305717188382092
287 0.04500793912849383 0.01025445781880856 0.9306295035031327
288 0.06478688720320812 0.02267057350180225 0.9306231871214565
289 0.08120859315616387 0.03908436900311209 0.9305841479891241
290 0.09362211438975812 0.05883130878166132 0.9306039468202958
291 0.1013001099798333 0.08076927224634763 0.9305399743605818
292 0.1012952845086482 0.1038616892342857 0.907391132898361
293 0.09362660057499625 0.1038860627688491 0.8854821307160992
294 0.08122474380556764 0.1039357010669585 0.8657461952315195
295 0.06480653585639412 0.1039570056003502 0.8493278770710829
296 0.04506512295861777 0.103951331643183 0.8369229120863494
297 0.02315751880111812 0.103898017424987 0.8292552923632641
298 -0.0001937553881851263 0.1270311285932196 0.8292499189761225
299 -0.0001179129714182517 0.1489782419612953 0.8369256541442864
300 -2.786829433579825e-05 0.1686978245018304 0.8493131183915689
301 9.726551444605529e-07 0.1851380547058923 0.8657508169648859
302 8.598524778092918e-06 0.1975190710627487 0.8854466503776472
303 -7.598901070350615e-06 0.2052113496792722 0.9074184960343766
304 -1.192882878127609e-05 0.1039220470104729 0.8316422734100454
305 -2.385765756255217e-05 0.1039345600209458 0.8300931186200907
306 -3.19510393187642e-05 0.1039430497538889 0.8290420597655747
307 -4.004442107497622e-05 0.103951539486832 0.8279910009110585
308 -4.523721757517001e-05 0.1039569865863069 0.8273166308015502
309 -0.02312695165662119 0.1041052223837347 0.8292512032054609
310 -0.0450782847234408 0.1040228662466113 0.8369301549781242
311 -0.06476490326867787 0.1039170047549364 0.8492944712741269
312 -0.08124949671410017 0.1039445201936421 0.8657772607548178
313 -0.09360322999783752 0.1039689370824079 0.8854343041065909
314 -0.1012984736991874 0.1039342521656258 0.9074042291919956
315 -1.209339390101474e-05 0.08076559099973261 0.8292521305742373
316 -2.292526023432003e-05 0.05880702152258092 0.836940808289517
317 3.995239200187981e-06 0.03911107812871979 0.8493211729609522
318 3.288812044059379e-05 0.022649459748082 0.8657906084642472
319 0.0001068503114184384 0.01028970114207813 0.88546993991626
320 0.0002074700121655654 0.002613730915674138 0.9074070532103917
321 0.1453218381618698 0.09808585611891212 0
322 0.1377158521168325 0.1109051816770472 0
323 0.1272215208152882 0.1215291115768325 0
324 0.1150626986433637 0.1302199624800212 0
325 0.1019047581176253 0.1373193495452801 0
326 0.08811221669109406 0.143096748444723 0
327 0.07389811069619626 0.1477457567760828 0
328 0.05939624566644382 0.1514028750541486 0
329 0.04469688301346003 0.1541636256062017 0
330 0.02986527489889098 0.1560936116822977 0
331 0.0149521147714876 0.1572355662834813 0
332 -0.01495211483776916 0.157235566280121 0
333 -0.02986527504114998 0.1560936116676655 0
334 -0.04469688327960847 0.1541636255641126 0
335 -0.05939624593080867 0.1514028749963337 0
336 -0.07389811103193959 0.1477457566795304 0
337 -0.08811221707962906 0.1430967483011038 0
338 -0.1019047585648103 0.1373193493335829 0
339 -0.1150626990085177 0.1302199622551753 0
340 -0.1272215210411387 0.1215291113879245 0
341 -0.1377158522448811 0.1109051815161573 0
342 -0.1453218381901082 0.09808585604855687 0
343 -0.1453218381629144 0.06892206968369055 0
344 -0.1377158521245922 0.05610274413270273 0
345 -0.1272215208286157 0.04547881423431501 0
346 -0.1150626986558114 0.03678796332764354 0
347 -0.1019047581396549 0.02968857626514873 0
348 -0.08811221671468941 0.02391117736399889 0
349 -0.07389811072506128 0.0192621690322182 0
350 -0.05939624569732992 0.01560505075260603 0
351 -0.04469688311324985 0.01284430020957922 0
352 -0.02986527490084924 0.01091431411790367 0
353 -0.01495211477114896 0.009772359516501544 0
354 0.01495211483729402 0.009772359519854959 0
355 0.02986527503674024 0.01091431413188095 0
356 0.04469688322637175 0.01284430022746848 0
357 0.059396245906645 0.01560505079838188 0
358 0.07389811099876765 0.01926216911093012 0
359 0.08811221705150889 0.02391117748850182 0
360 0.1019047585330716 0.02968857645139204 0
361 0.115062698977528 0.0367879635257426 0
362 0.1272215210189786 0.04547881439354024 0
363 0.1377158522237777 0.05610274425732679 0
364 0.1453218381926582 0.06892206975779647 0
365 0.1583621345251692 0.09939434637545655 0
366 0.1500736336323091 0.1133640001059024 0
367 0.1386376049788819 0.1249412567458689 0
368 0.1253877241702601 0.1344119716676752 0
369 0.1110490702334795 0.1421484144696834 0
370 0.09601887017425628 0.1484442419450875 0
371 0.08052927691254431 0.1535104239577102 0
372 0.0647261028717237 0.1574957097478665 0
373 0.0487077089743724 0.1605041932337852 0
374 0.03254520270934547 0.1626073645018964 0
375 0.01629382645290661 0.1638517911514198 0
376 -0.01629382652133112 0.1638517911479508 0
377 -0.03254520285697534 0.1626073644867118 0
378 -0.04870770924791367 0.1605041931905269 0
379 -0.0647261031878732 0.1574957096787267 0
380 -0.08052927730835428 0.153510423843884 0
381 -0.09601887063039675 0.1484442417764784 0
382 -0.1110490707529022 0.1421484142237889 0
383 -0.1253877245979025 0.1344119714043517 0
384 -0.1386376052298821 0.1249412565359247 0
385 -0.1500736337785805 0.1133639999221159 0
386 -0.1583621345590154 0.09939434629112957 0
387 -0.1583621345271574 0.0676135794294971 0
388 -0.1500736336412281 0.05364392570530421 0
389 -0.1386376049912032 0.04206666906443709 0
390 -0.1253877242067559 0.0325959541547973 0
391 -0.1110490702792383 0.0248595113519788 0
392 -0.09601887023025185 0.01856368387561083 0
393 -0.08052927698065271 0.01349750186187627 0
394 -0.06472610293964318 0.009512216066987045 0
395 -0.04870770907035826 0.006503732581394195 0
396 -0.03254520270371741 0.004400561297524697 0
397 -0.01629382644835032 0.003156134648349254 0
398 0.01629382652632993 0.003156134652302647 0
399 0.03254520286275901 0.004400561313883167 0
400 0.0487077092098828 0.006503732603458809 0
401 0.06472610313800785 0.009512216110368121 0
402 0.08052927724820858 0.01349750193881946 0
403 0.09601887057946785 0.01856368400469606 0
404 0.1110490707019488 0.02485951155208984 0
405 0.1253877245527955 0.03259595436787339 0
406 0.1386376052041011 0.0420666692425113 0
407 0.150073633753025 0.05364392584577419 0
408 0.1583621345604604 0.06761357951247066 0
409 0.16161819680451 0.09972106638653504 0
410 0.15315927717578 0.1139779482617223 0
411 0.141488113897153 0.1257932432974587 0
412 0.1279658041032463 0.1354586842940246 0
413 0.1133323350611427 0.1433541950422026 0
414 0.09799310109960448 0.1497794701730416 0
415 0.08218502842292084 0.1549498172644013 0
416 0.06605692747107883 0.1590170439743971 0
417 0.04970918155024233 0.1620873844816516 0
418 0.03321436019524732 0.1642337987680569 0
419 0.01662884160200121 0.1655038119048744 0
420 -0.01662884166685914 0.1655038119015863 0
421 -0.03321436033605164 0.1642337987535743 0
422 -0.04970918182027701 0.1620873844389479 0
423 -0.06605692778177155 0.1590170439064506 0
424 -0.08218502881567703 0.1549498171514533 0
425 -0.09799310155574842 0.1497794700044312 0
426 -0.1133323355726122 0.1433541948000731 0
427 -0.1279658045327548 0.135458684029552 0
428 -0.1414881141572498 0.1257932430799059 0
429 -0.1531592773293217 0.113977948068801 0
430 -0.1616181968400685 0.09972106629794182 0
431 -0.1616181968071986 0.06728685942016359 0
432 -0.1531592771822895 0.05302997754645666 0
433 -0.1414881139057121 0.04121468250970044 0
434 -0.1279658041133117 0.03154924151217325 0
435 -0.1133323350694105 0.02365373076171139 0
436 -0.09799310111973931 0.01722845563440109 0
437 -0.08218502844760699 0.01205810854269788 0
438 -0.06605692749263276 0.007990881830316585 0
439 -0.0497091816519748 0.004920541334436562 0
440 -0.03321436019058597 0.002774127031463625 0
441 -0.01662884159802244 0.001504113894923845 0
442 0.01662884166979165 0.001504113898562393 0
443 0.03321436033653164 0.002774127046475089 0
444 0.04970918176906701 0.004920541352953695 0
445 0.06605692771281853 0.007990881878469802 0
446 0.08218502873202785 0.01205810862449108 0
447 0.09799310147643524 0.01722845576625123 0
448 0.1133323354947654 0.02365373096307427 0
449 0.1279658044506 0.03154924171986063 0
450 0.1414881141298359 0.04121468269716431 0
451 0.1531592773020752 0.05302997769696445 0
452 0.1616181968407008 0.06728685950363342 0
453 0.1637431666315516 0.09993429024606573 0
454 0.1551730283935559 0.1143786228221076 0
455 0.1433484116596753 0.1263492663546131 0
456 0.1296483094187268 0.1361417893611354 0
457 0.1148224382721135 0.1441411109576274 0
458 0.09928152275920643 0.1506508661488326 0
459 0.08326560418652085 0.1558891934048681 0
460 0.06692544958770714 0.1600098963562723 0
461 0.05036276211317502 0.1631206059600166 0
462 0.03365106543754155 0.1652952414837976 0
463 0.01684747903098611 0.1665819528610233 0
464 -0.01684747909644201 0.1665819528577048 0
465 -0.03365106557963021 0.1652952414691828 0
466 -0.05036276238074042 0.1631206059177034 0
467 -0.06692544985371097 0.1600098962980989 0
468 -0.08326560453380523 0.1558891933049968 0
469 -0.09928152316415979 0.1506508659991444 0
470 -0.1148224387426455 0.1441411107348777 0
471 -0.1296483098023223 0.136141789124934 0
472 -0.1433484119239118 0.1263492661335978 0
473 -0.1551730285529968 0.1143786226217741 0
474 -0.1637431666680748 0.09993429015506912 0
475 -0.1637431666418446 0.06707363555990295 0
476 -0.1551730284269202 0.05262930298283998 0
477 -0.143348411704717 0.04065865943175186 0
478 -0.1296483094387634 0.03086613638816599 0
479 -0.1148224383020228 0.02286681478391575 0
480 -0.09928152280401054 0.01635705958731733 0
481 -0.08326560424637837 0.0111187323256608 0
482 -0.06692544965026449 0.00699802936578911 0
483 -0.05036276220752819 0.003887319759559818 0
484 -0.03365106542843633 0.00171268421731692 0
485 -0.01684747902481865 0.0004259728391741852 0
486 0.01684747910444103 0.0004259728432108589 0
487 0.03365106559132346 0.001712684234070935 0
488 0.05036276235001396 0.003887319782092724 0
489 0.06692544985439082 0.006998029410430234 0
490 0.08326560452233502 0.01111873240501984 0
491 0.09928152315748849 0.01635705971797795 0
492 0.1148224387368812 0.02286681498977754 0
493 0.1296483097956902 0.0308661366079459 0
494 0.1433484119178663 0.04065865961003626 0
495 0.1551730285418531 0.05262930312725034 0
496 0.1637431666750732 0.06707363564269127 0
497 0.1504360236666775 0.08350396290000001 0
498 0.1526527399333026 0.08350396290000001 0
499 0.1548694561999729 0.08350396290000001 0
500 0.1570861724666504 0.08350396290000001 0
501 0.1593028887333225 0.08350396290000001 0
502 0 0.1587219747333352 0
503 0 0.1598303328666757 0
504 0 0.1609386909999838 0
505 0 0.1620470491333243 0
506 0 0.1631554072666649 0
507 -0.1504360236666775 0.08350396290000001 0
508 -0.1526527399333026 0.08350396290000001 0
509 -0.1548694561999729 0.08350396290000001 0
510 -0.1570861724666504 0.08350396290000001 0
511 -0.1593028887333225 0.08350396290000001 0
512 0 0.008285951066669434 0
513 0 0.007177592933338811 0
514 0 0.006069234800008807 0
515 0 0.0049608766666722 0
516 0 0.003852518533336157 0
517 0.1626265991999964 0.08350396290000001 0
518 0.1637335933999928 0.08350396290000001 0
519 0 0.1648172624999928 0
520 0 0.1653707595999964 0
521 -0.1626265991999964 0.08350396290000001 0
522 -0.1637335933999928 0.08350396290000001 0
523 0 0.002190663300001298 0
524 0 0.001637166200001241 0
525 0.1659242566499892 0.08350396290000001 0
526 0 0.1664660912 0
527 -0.1659242566499892 0.08350396290000001 0
528 0 0.0005418345500014592 0
529 -0.1913424005560199 0.04436367304546619 0.035934986
530 -0.1932795880204786 0.05074972426356606 0.035934986
531 -0.1964254097648104 0.05663514276908932 0.035934986
532 -0.2006589736051221 0.06179375521005902 0.035934986
533 -0.2058175860288715 0.06602731900064489 0.035934986
534 -0.2117030045008569 0.06917314070620631 0.035934986
535 -0.2180890556902763 0.07111032815108967 0.035934986
536 -0.2313715987289397 0.07111032814726737 0.035934986
537 -0.2377576499313619 0.06917314069286085 0.035934986
538 -0.2436430684334087 0.06602731895903055 0.035934986
539 -0.2488016808992489 0.06179375510568794 0.035934986
540 -0.2530352447186083 0.05663514264424431 0.035934986
541 -0.2561810664170234 0.05074972417302834 0.035934986
542 -0.2581182538535334 0.04436367299743835 0.035934986
543 -0.2581182538429304 0.03108112994925719 0.035934986
544 -0.2561810663821709 0.02469507874283048 0.035934986
545 -0.2530352446461629 0.01880966024733354 0.035934986
546 -0.2488016807824873 0.01365104777755049 0.035934986
547 -0.2436430683405693 0.009417483978936148 0.035934986
548 -0.2377576498566755 0.006271662276203065 0.035934986
549 -0.2313715986885052 0.00433447484468974 0.035934986
550 -0.2180890556500335 0.004334474856915134 0.035934986
551 -0.2117030044581508 0.006271662311483149 0.035934986
552 -0.2058175859566304 0.009417484047625123 0.035934986
553 -0.200658973497244 0.0136510478978191 0.035934986
554 -0.1964254096879401 0.01880966034595532 0.035934986
555 -0.1932795879840185 0.02469507882445645 0.035934986
556 -0.1913424005474608 0.03108112999756374 0.035934986
557 -0.1891287070748877 0.0448040040546784 0.035934986
558 -0.191194334352795 0.05161346459925351 0.035934986
559 -0.1945487310396108 0.05788909938255903 0.035934986
560 -0.1990629895433761 0.06338973926409397 0.035934986
561 -0.2045636294132495 0.06790399772440639 0.035934986
562 -0.2108392641818184 0.0712583943807861 0.035934986
563 -0.2176487246836958 0.07332402163274537 0.035934986
564 -0.2318119297718614 0.07332402162169438 0.035934986
565 -0.238621390323856 0.07125839433701432 0.035934986
566 -0.2448970250981931 0.06790399764994279 0.035934986
567 -0.2503976649653814 0.06338973915533647 0.035934986
568 -0.2549119234300434 0.05788909927831408 0.035934986
569 -0.2582663200731022 0.05161346453673214 0.035934986
570 -0.2603319473310774 0.04480400402468983 0.035934986
571 -0.2603319473238689 0.03064079893907068 0.035934986
572 -0.2582663200428764 0.0238313383902964 0.035934986
573 -0.2549119233634862 0.01755570362207613 0.035934986
574 -0.2503976648554856 0.0120550637347678 0.035934986
575 -0.24489702499183 0.007540805278987636 0.035934986
576 -0.2386213902224933 0.004186408620999872 0.035934986
577 -0.2318119297196599 0.002120781367922105 0.035934986
578 -0.2176487246220798 0.002120781379510793 0.035934986
579 -0.210839264075473 0.004186408663263613 0.035934986
580 -0.2045636293100643 0.007540805344539759 0.035934986
581 -0.1990629894158493 0.01205506386343282 0.035934986
582 -0.1945487309643066 0.0175557037301418 0.035934986
583 -0.1911943343194117 0.02383133848134085 0.035934986
584 -0.1891287070676338 0.03064079898178939 0.035934986
585 -0.1877327510703166 0.0450816769708248 0.035934986
586 -0.189879372553289 0.05215813962245475 0.035934986
587 -0.1933652966848459 0.05867984494405235 0.035934986
588 -0.1980565613608572 0.06439616746744037 0.035934986
589 -0.2037728838598753 0.06908743208459639 0.035934986
590 -0.2102945891679036 0.07257335618413868 0.035934986
591 -0.2173710517632016 0.07471997763645168 0.035934986
592 -0.2320896026578359 0.07471997753030793 0.035934986
593 -0.2391660653002689 0.07257335604766146 0.035934986
594 -0.2456877705991255 0.0690874319249043 0.035934986
595 -0.2514040930980659 0.06439616726709596 0.035934986
596 -0.2560953577201422 0.05867984475659191 0.035934986
597 -0.2595812817928121 0.05215813949126551 0.035934986
598 -0.2617279032400963 0.04508167690862654 0.035934986
599 -0.2617279033298675 0.0303631260301005 0.035934986
600 -0.2595812818468615 0.02328666337790854 0.035934986
601 -0.256095357701664 0.01676495803575827 0.035934986
602 -0.2514040930318319 0.01104863552524865 0.035934986
603 -0.2456877705421119 0.006357370916731449 0.035934986
604 -0.2391660652590608 0.002871446827030298 0.035934986
605 -0.232089602659224 0.0007248253680090452 0.035934986
606 -0.2173710517503468 0.0007248253661053181 0.035934986
607 -0.2102945890922115 0.002871446847214007 0.035934986
608 -0.203772883781369 0.006357370967859877 0.035934986
609 -0.1980565612513369 0.01104863564207995 0.035934986
610 -0.1933652966146977 0.0167649581609318 0.035934986
611 -0.189879372521503 0.0232866634542834 0.035934986
612 -0.1877327510635678 0.03036312606310356 0.035934986
613 -0.1899359383000777 0.0377224015 0.035934986
614 -0.1891835841999331 0.0377224015 0.035934986
615 -0.2247303272 0.0725167904 0.035934986
616 -0.2247303272 0.07326914449999999 0.035934986
617 -0.2595247161 0.0377224015 0.035934986
618 -0.2602770702 0.0377224015 0.035934986
619 -0.2247303272 0.002928012600001581 0.035934986
620 -0.2247303272 0.002175658500001807 0.035934986
621 -0.1877195779000054 0.0377224015 0.035934986
622 -0.2247303272 0.07473315074999999 0.035934986
623 -0.2617410765 0.0377224015 0.035934986
624 -0.2247303272 0.0007116522000018845 0.035934986
625 0.2581182538432895 0.04436367304893753 0.035934986
626 0.2561810663835891 0.05074972425374585 0.035934986
627 0.2530352446491438 0.05663514274820525 0.035934986
628 0.2488016807851822 0.06179375521975468 0.035934986
629 0.2436430683404009 0.06602731902117634 0.035934986
630 0.2377576498541366 0.06917314072484859 0.035934986
631 0.2313715986878414 0.0711103281554423 0.035934986
632 0.2180890556698468 0.07111032814702598 0.035934986
633 0.2117030044663518 0.06917314069191381 0.035934986
634 0.2058175859635048 0.06602731895696824 0.035934986
635 0.2006589734972513 0.06179375510218818 0.035934986
636 0.1964254096911532 0.05663514265885344 0.035934986
637 0.1932795879859172 0.05074972418012762 0.035934986
638 0.1913424005474584 0.04436367300242425 0.035934986
639 0.1913424005560476 0.03108112995439458 0.035934986
640 0.1932795880193352 0.02469507873919424 0.035934986
641 0.1964254097615654 0.0188096602357672 0.035934986
642 0.2006589736048663 0.01365104779019679 0.035934986
643 0.2058175860260696 0.009417484001227321 0.035934986
644 0.2117030045031912 0.006271662292826788 0.035934986
645 0.2180890556909198 0.004334474848782334 0.035934986
646 0.231371598748635 0.004334474856650283 0.035934986
647 0.2377576499393407 0.006271662310444112 0.035934986
648 0.2436430684399833 0.009417484045362447 0.035934986
649 0.2488016808989162 0.01365104789397932 0.035934986
650 0.2530352447117145 0.01880966034543843 0.035934986
651 0.2561810664184153 0.02469507883033189 0.035934986
652 0.2581182538536563 0.03108113000317965 0.035934986
653 0.260331947324105 0.04480400405974218 0.035934986
654 0.2582663200450235 0.05161346460452 0.035934986
655 0.2549119233658667 0.05788909937436122 0.035934986
656 0.2503976648590031 0.06338973926171479 0.035934986
657 0.2448970249936878 0.06790399771977099 0.035934986
658 0.2386213902233205 0.07125839437865748 0.035934986
659 0.231811929719032 0.07332402163220279 0.035934986
660 0.2176487246305767 0.07332402162217933 0.035934986
661 0.2108392640807372 0.07125839433891687 0.035934986
662 0.2045636293080075 0.06790399765408592 0.035934986
663 0.1990629894361624 0.06338973915688027 0.035934986
664 0.1945487309742846 0.05788909928479137 0.035934986
665 0.1911943343297144 0.05161346454353199 0.035934986
666 0.189128707070016 0.04480400403018656 0.035934986
667 0.1891287070751239 0.03064079894413447 0.035934986
668 0.1911943343549421 0.0238313383955629 0.035934986
669 0.1945487310419913 0.01755570361387833 0.035934986
670 0.1990629895468935 0.01205506373238862 0.035934986
671 0.2045636294151074 0.007540805274352254 0.035934986
672 0.2108392641826456 0.004186408618871269 0.035934986
673 0.2176487246830678 0.002120781367379532 0.035934986
674 0.2318119297838193 0.002120781380684188 0.035934986
675 0.2386213903356406 0.004186408667867021 0.035934986
676 0.2448970251049387 0.007540805354564441 0.035934986
677 0.2503976650066498 0.01205506388593194 0.035934986
678 0.2549119234446921 0.01755570374360925 0.035934986
679 0.2582663200760027 0.02383133847027027 0.035934986
680 0.2603319473311674 0.03064079897576295 0.035934986
681 0.2617279033300483 0.0450816769689906 0.035934986
682 0.2595812818470749 0.05215813962157641 0.035934986
683 0.2560953577002057 0.05867984496642431 0.035934986
684 0.2514040930271559 0.06439616747942728 0.035934986
685 0.2456877705358167 0.06908743208747492 0.035934986
686 0.2391660652548257 0.07257335617472392 0.035934986
687 0.2320896026588674 0.0747199776320619 0.035934986
688 0.2173710517368404 0.074719977529249 0.035934986
689 0.2102945890897015 0.07257335604350708 0.035934986
690 0.2037728837873349 0.06908743191585742 0.035934986
691 0.1980565612865179 0.06439616725167971 0.035934986
692 0.1933652966949266 0.0586798447791439 0.035934986
693 0.1898793726100543 0.05215813949818579 0.035934986
694 0.187732751159409 0.04508167690613916 0.035934986
695 0.1877327510701988 0.03036312602976752 0.035934986
696 0.18987937255239 0.02328666337971556 0.035934986
697 0.1933652966818797 0.01676495806038682 0.035934986
698 0.1980565613613823 0.0110486355320345 0.035934986
699 0.203772883860715 0.006357370914842557 0.035934986
700 0.2102945891691848 0.002871446815330643 0.035934986
701 0.2173710517639506 0.0007248253633993576 0.035934986
702 0.2320896026546979 0.0007248253671087654 0.035934986
703 0.2391660653172925 0.002871446851150691 0.035934986
704 0.245687770631461 0.006357370976432644 0.035934986
705 0.2514040931745086 0.01104863566792537 0.035934986
706 0.2560953577946327 0.01676495817489571 0.035934986
707 0.2595812818808192 0.0232866634598898 0.035934986
708 0.2617279033362558 0.03036312606221708 0.035934986
709 0.2595247161 0.0377224015 0.035934986
710 0.2602770702 0.0377224015 0.035934986
711 0.2247303272 0.0725167904 0.035934986
712 0.2247303272 0.07326914449999999 0.035934986
713 0.1899359383000777 0.0377224015 0.035934986
714 0.1891835841999331 0.0377224015 0.035934986
715 0.2247303272 0.002928012600001581 0.035934986
716 0.2247303272 0.002175658500001807 0.035934986
717 0.2617410765 0.0377224015 0.035934986
718 0.2247303272 0.07473315074999999 0.035934986
719 0.1877195779000054 0.0377224015 0.035934986
720 0.2247303272 0.0007116522000018845 0.035934986
721 -0.009674764101184244 0.069745670647688 -1.0178618181
722 -0.01282382902875428 0.08012674645632313 -1.0178618181
723 -0.01793763299311893 0.08969400072637596 -1.0178618181
724 -0.02481965535941327 0.09807976920974382 -1.0178618181
725 -0.03320542382680511 0.1049617915092334 -1.0178618181
726 -0.04277267805321029 0.1100755954166159 -1.0178618181
727 -0.05315375381798715 0.1132246603118794 -1.0178618181
728 -0.0747456706325695 0.113224660301823 -1.0178618181
729 -0.08512674645291099 0.1100755953726591 -1.0178618181
730 -0.09469400072413094 0.1049617914083812 -1.0178618181
731 -0.1030797692181159 0.09807976903221469 -1.0178618181
732 -0.1099617915226586 0.08969400055310273 -1.0178618181
733 -0.1150755954238178 0.08012674632940281 -1.0178618181
734 -0.118224660313034 0.06974567057620827 -1.0178618181
735 -0.1182246602985172 0.04815375375081118 -1.0178618181
736 -0.115075595363713 0.03777267792549119 -1.0178618181
737 -0.1099617913992319 0.02820542366217625 -1.0178618181
738 -0.1030797690247861 0.01981965517445549 -1.0178618181
739 -0.09469400056715394 0.01293763288673015 -1.0178618181
740 -0.08512674633273834 0.00782382897756375 -1.0178618181
741 -0.07474567058268881 0.004674764088255075 -1.0178618181
742 -0.0531537537607925 0.004674764099497346 -1.0178618181
743 -0.04277267794110518 0.007823829029819485 -1.0178618181
744 -0.03320542368086715 0.01293763298827921 -1.0178618181
745 -0.02481965518349078 0.01981965536617864 -1.0178618181
746 -0.01793763288414932 0.02820542383670855 -1.0178618181
747 -0.01282382898210576 0.03777267805629629 -1.0178618181
748 -0.009674764088014452 0.04815375381852093 -1.0178618181
749 -0.007518941168654668 0.07017449048741511 -1.0178618181
750 -0.01079308823781746 0.08096790685207968 -1.0178618181
751 -0.01611001456527842 0.09091517632946577 -1.0178618181
752 -0.02326539365160105 0.09963403093641429 -1.0178618181
753 -0.0319842482430656 0.1067894099500034 -1.0178618181
754 -0.04193151768203238 0.1121063362177336 -1.0178618181
755 -0.05272493397599364 0.1153804832439581 -1.0178618181
756 -0.07517449047744743 0.1153804831313689 -1.0178618181
757 -0.08596790681618177 0.1121063360688127 -1.0178618181
758 -0.09591517627868629 0.1067894097483824 -1.0178618181
759 -0.1046340308716359 0.09963403067175595 -1.0178618181
760 -0.1117894098578274 0.09091517611489025 -1.0178618181
761 -0.1171063361232038 0.08096790668487021 -1.0178618181
762 -0.1203804831438665 0.07017449041461774 -1.0178618181
763 -0.1203804831317059 0.0477249339242465 -1.0178618181
764 -0.1171063360672926 0.03693151758014843 -1.0178618181
765 -0.111789409743269 0.02698424811366099 -1.0178618181
766 -0.1046340306696794 0.0182653935262875 -1.0178618181
767 -0.0959151761043805 0.0111100145351502 -1.0178618181
768 -0.08596790667197082 0.005793088271453133 -1.0178618181
769 -0.07517449039651238 0.002518941252532089 -1.0178618181
770 -0.05272493391062 0.00251894116904549 -1.0178618181
771 -0.04193151755002502 0.005793088236945639 -1.0178618181
772 -0.0319842480713288 0.01111001456474747 -1.0178618181
773 -0.02326539345775865 0.01826539365742808 -1.0178618181
774 -0.01611001444548987 0.02698424824981042 -1.0178618181
775 -0.01079308817974185 0.03693151768812719 -1.0178618181
776 -0.007518941155445089 0.04772493397899382 -1.0178618181
777 -0.006132702194208729 0.07045023055584211 -1.0178618181
778 -0.009487279672398534 0.08150879045331715 -1.0178618181
779 -0.01493481790472137 0.09170041762271558 -1.0178618181
780 -0.02226597104928368 0.1006334535405144 -1.0178618181
781 -0.03119900693276804 0.1079646065991695 -1.0178618181
782 -0.041390634065111 0.113412144776656 -1.0178618181
783 -0.0524491939065886 0.1167667222182095 -1.0178618181
784 -0.07545023055441372 0.1167667222060754 -1.0178618181
785 -0.08650879045662885 0.1134121447262297 -1.0178618181
786 -0.09670041762106941 0.1079646064963785 -1.0178618181
787 -0.1056334535404161 0.1006334533508146 -1.0178618181
788 -0.1129646066035177 0.0917004174607244 -1.0178618181
789 -0.1184121447781837 0.08150879033120076 -1.0178618181
790 -0.121766722218035 0.07045023049428878 -1.0178618181
791 -0.1217667222038322 0.0474491938343089 -1.0178618181
792 -0.1184121447225725 0.03639063393454192 -1.0178618181
793 -0.1129646064887009 0.0261990067674402 -1.0178618181
794 -0.1056334533512798 0.01726597086004913 -1.0178618181
795 -0.09670041745944466 0.009934817795627236 -1.0178618181
796 -0.08650879032655961 0.004487279619893834 -1.0178618181
797 -0.07545023050296251 0.001132702183690319 -1.0178618181
798 -0.05244919383556881 0.001132702195917205 -1.0178618181
799 -0.04139063394239777 0.004487279674173471 -1.0178618181
800 -0.0311990067815885 0.009934817901845479 -1.0178618181
801 -0.02226597086739737 0.01726597104137192 -1.0178618181
802 -0.01493481780351259 0.02619900692875408 -1.0178618181
803 -0.009487279626608315 0.0363906340572302 -1.0178618181
804 -0.006132702183622933 0.04744919389737628 -1.0178618181
805 -0.00787876900000113 0.0589497122 -1.0178618181
806 -0.007146083000001639 0.0589497122 -1.0178618181
807 -0.06394971219999999 0.1150206553666621 -1.0178618181
808 -0.06394971219999999 0.1157533413333324 -1.0178618181
809 -0.1200206553666603 0.0589497122 -1.0178618181
810 -0.1207533413333342 0.0589497122 -1.0178618181
811 -0.06394971219999999 0.002878769000001975 -1.0178618181
812 -0.06394971219999999 0.002146083000001692 -1.0178618181
813 -0.005706698500001864 0.0589497122 -1.0178618181
814 -0.06394971219999999 0.11719272585 -1.0178618181
815 -0.1221927258500027 0.0589497122 -1.0178618181
816 -0.06394971219999999 0.0007066985000018214 -1.0178618181
817 0.1182246602992977 0.06974567064526507 -1.0178618181
818 0.1150755953657515 0.0801267464695873 -1.0178618181
819 0.1099617914077158 0.08969400072512666 -1.0178618181
820 0.1030797690311359 0.09807976921919472 -1.0178618181
821 0.09469400056949095 0.1049617915117083 -1.0178618181
822 0.08512674633619884 0.1100755954210029 -1.0178618181
823 0.07474567058448453 0.1132246603113877 -1.0178618181
824 0.05315375376430705 0.1132246603012017 -1.0178618181
825 0.0427726779459998 0.1100755953722079 -1.0178618181
826 0.03320542368233775 0.1049617914127034 -1.0178618181
827 0.02481965517731877 0.09807976902764934 -1.0178618181
828 0.01793763287241191 0.08969400054572517 -1.0178618181
829 0.01282382897581875 0.08012674632852552 -1.0178618181
830 0.009674764086897568 0.06974567057586413 -1.0178618181
831 0.009674764100824816 0.04815375375411898 -1.0178618181
832 0.01282382903025687 0.03777267794004929 -1.0178618181
833 0.01793763299065643 0.02820542367730942 -1.0178618181
834 0.02481965536291263 0.01981965518675682 -1.0178618181
835 0.03320542383099512 0.01293763288796693 -1.0178618181
836 0.04277267805457637 0.0078238289828182 -1.0178618181
837 0.05315375381985837 0.004674764087748431 -1.0178618181
838 0.07474567063608405 0.004674764098876058 -1.0178618181
839 0.0851267464578056 0.007823829029368318 -1.0178618181
840 0.09469400072560155 0.01293763299260147 -1.0178618181
841 0.1030797692119439 0.01981965536161329 -1.0178618181
842 0.1099617915109211 0.02820542382933099 -1.0178618181
843 0.1150755954175308 0.03777267805541901 -1.0178618181
844 0.1182246603119171 0.04815375381817682 -1.0178618181
845 0.1203804831317315 0.07017449047562456 -1.0178618181
846 0.117106336069747 0.08096790681392615 -1.0178618181
847 0.111789409748652 0.09091517627828286 -1.0178618181
848 0.1046340306788018 0.09963403086459009 -1.0178618181
849 0.09591517612007072 0.1067894098543659 -1.0178618181
850 0.08596790667540938 0.1121063361271226 -1.0178618181
851 0.07517449039899987 0.1153804831469731 -1.0178618181
852 0.05272493393831324 0.1153804831345039 -1.0178618181
853 0.0419315176009486 0.1121063360759084 -1.0178618181
854 0.03198424813499999 0.1067894097575273 -1.0178618181
855 0.02326539354113888 0.09963403068453078 -1.0178618181
856 0.01611001454450967 0.09091517611838795 -1.0178618181
857 0.01079308828184156 0.08096790669705076 -1.0178618181
858 0.007518941257109037 0.0701744904195223 -1.0178618181
859 0.007518941167779555 0.04772493391698436 -1.0178618181
860 0.01079308823541146 0.03693151755372892 -1.0178618181
861 0.01611001456473306 0.02698424807135039 -1.0178618181
862 0.02326539365590887 0.01826539345927789 -1.0178618181
863 0.03198424824656047 0.01111001444766144 -1.0178618181
864 0.04193151768829891 0.005793088179670738 -1.0178618181
865 0.0527249339813934 0.002518941154967799 -1.0178618181
866 0.0751744904996568 0.002518941171089674 -1.0178618181
867 0.08596790686903151 0.005793088244839116 -1.0178618181
868 0.09591517634331262 0.01111001457453056 -1.0178618181
869 0.1046340309498989 0.0182653936650856 -1.0178618181
870 0.1117894099624022 0.02698424826162178 -1.0178618181
871 0.1171063362237347 0.0369315176965204 -1.0178618181
872 0.120380483245188 0.04772493398217647 -1.0178618181
873 0.1217667222039733 0.07045023056498172 -1.0178618181
874 0.1184121447236358 0.08150879046289106 -1.0178618181
875 0.1129646064796904 0.09170041764604507 -1.0178618181
876 0.1056334533428998 0.1006334535483309 -1.0178618181
877 0.09670041745343098 0.107964606608391 -1.0178618181
878 0.08650879032213321 0.1134121447819396 -1.0178618181
879 0.07545023049705352 0.116766722217485 -1.0178618181
880 0.05244919383514222 0.1167667222039979 -1.0178618181
881 0.04139063393828785 0.1134121447241241 -1.0178618181
882 0.03119900677827409 0.1079646064959399 -1.0178618181
883 0.02226597086406214 0.1006334533552928 -1.0178618181
884 0.01493481780226334 0.09170041746937629 -1.0178618181
885 0.009487279624619788 0.08150879033796907 -1.0178618181
886 0.006132702181946961 0.07045023049419805 -1.0178618181
887 0.006132702196156289 0.04744919383436688 -1.0178618181
888 0.009487279676051751 0.0363906339378632 -1.0178618181
889 0.01493481790442246 0.02619900677773176 -1.0178618181
890 0.02226597104458953 0.01726597086417977 -1.0178618181
891 0.03119900693246432 0.009934817801033481 -1.0178618181
892 0.04139063406240124 0.004487279624466406 -1.0178618181
893 0.05244919390268243 0.001132702182567474 -1.0178618181
894 0.07545023055398713 0.001132702193839756 -1.0178618181
895 0.08650879045251894 0.004487279672067905 -1.0178618181
896 0.09670041761775502 0.009934817901406837 -1.0178618181
897 0.1056334535370809 0.01726597104585019 -1.0178618181
898 0.1129646066022684 0.026199006937406 -1.0178618181
899 0.1184121447761952 0.03639063406399856 -1.0178618181
900 0.121766722216359 0.04744919389728559 -1.0178618181
901 0.1200206553666603 0.0589497122 -1.0178618181
902 0.1207533413333342 0.0589497122 -1.0178618181
903 0.06394971219999999 0.1150206553666621 -1.0178618181
904 0.06394971219999999 0.1157533413333324 -1.0178618181
905 0.00787876900000113 0.0589497122 -1.0178618181
906 0.007146083000001639 0.0589497122 -1.0178618181
907 0.06394971219999999 0.002878769000001975 -1.0178618181
908 0.06394971219999999 0.002146083000001692 -1.0178618181
909 0.1221927258500027 0.0589497122 -1.0178618181
910 0.06394971219999999 0.11719272585 -1.0178618181
911 0.005706698500001864 0.0589497122 -1.0178618181
912 0.06394971219999999 0.0007066985000018214 -1.0178618181
913 0.1453218381618698 0.09808585611891212 0.7766418529
914 0.1377158521168325 0.1109051816770472 0.7766418529
915 0.1272215208152882 0.1215291115768325 0.7766418529
916 0.1150626986433637 0.1302199624800212 0.7766418529
917 0.1019047581176253 0.1373193495452801 0.7766418529
918 0.08811221669109406 0.143096748444723 0.7766418529
919 0.07389811069619626 0.1477457567760828 0.7766418529
920 0.05939624566644382 0.1514028750541486 0.7766418529
921 0.04469688301346003 0.1541636256062017 0.7766418529
922 0.02986527489889098 0.1560936116822977 0.7766418529
923 0.0149521147714876 0.1572355662834813 0.7766418529
924 -0.01495211483776916 0.157235566280121 0.7766418529
925 -0.02986527504114998 0.1560936116676655 0.7766418529
926 -0.04469688327960847 0.1541636255641126 0.7766418529
927 -0.05939624593080867 0.1514028749963337 0.7766418529
928 -0.07389811103193959 0.1477457566795304 0.7766418529
929 -0.08811221707962906 0.1430967483011038 0.7766418529
930 -0.1019047585648103 0.1373193493335829 0.7766418529
931 -0.1150626990085177 0.1302199622551753 0.7766418529
932 -0.1272215210411387 0.1215291113879245 0.7766418529
933 -0.1377158522448811 0.1109051815161573 0.7766418529
934 -0.1453218381901082 0.09808585604855687 0.7766418529
935 -0.1453218381629144 0.06892206968369055 0.7766418529
936 -0.1377158521245922 0.05610274413270273 0.7766418529
937 -0.1272215208286157 0.04547881423431501 0.7766418529
938 -0.1150626986558114 0.03678796332764354 0.7766418529
939 -0.1019047581396549 0.02968857626514873 0.7766418529
940 -0.08811221671468941 0.02391117736399889 0.7766418529
941 -0.07389811072506128 0.0192621690322182 0.7766418529
942 -0.05939624569732992 0.01560505075260603 0.7766418529
943 -0.04469688311324985 0.01284430020957922 0.7766418529
944 -0.02986527490084924 0.01091431411790367 0.7766418529
945 -0.01495211477114896 0.009772359516501544 0.7766418529
946 0.01495211483729402 0.009772359519854959 0.7766418529
947 0.02986527503674024 0.01091431413188095 0.7766418529
948 0.04469688322637175 0.01284430022746848 0.7766418529
949 0.059396245906645 0.01560505079838188 0.7766418529
950 0.07389811099876765 0.01926216911093012 0.7766418529
951 0.08811221705150889 0.02391117748850182 0.7766418529
952 0.1019047585330716 0.02968857645139204 0.7766418529
953 0.115062698977528 0.0367879635257426 0.7766418529
954 0.1272215210189786 0.04547881439354024 0.7766418529
955 0.1377158522237777 0.05610274425732679 0.7766418529
956 0.1453218381926582 0.06892206975779647 0.7766418529
957 0.1482193074 0.08350396290000001 0.38832092645
958 0 0.1576136166 0.38832092645
959 -0.1482193074 0.08350396290000001 0.38832092645
960 0 0.009394309199999999 0.38832092645
961 0.1504360236666775 0.08350396290000001 0.7766418529
962 0.1526527399333026 0.08350396290000001 0.7766418529
963 0.1548694561999729 0.08350396290000001 0.7766418529
964 0.1570861724666504 0.08350396290000001 0.7766418529
965 0.1593028887333225 0.08350396290000001 0.7766418529
966 0.1583621345251692 0.09939434637545655 0.7766418529
967 0.1500736336323091 0.1133640001059024 0.7766418529
968 0.1386376049788819 0.1249412567458689 0.7766418529
969 0.1253877241702601 0.1344119716676752 0.7766418529
970 0.1110490702334795 0.1421484144696834 0.7766418529
971 0.09601887017425628 0.1484442419450875 0.7766418529
972 0.08052927691254431 0.1535104239577102 0.7766418529
973 0.0647261028717237 0.1574957097478665 0.7766418529
974 0.0487077089743724 0.1605041932337852 0.7766418529
975 0.03254520270934547 0.1626073645018964 0.7766418529
976 0.01629382645290661 0.1638517911514198 0.7766418529
977 0 0.1631554072666649 0.7766418529
978 0 0.1620470491333243 0.7766418529
979 0 0.1609386909999838 0.7766418529
980 0 0.1598303328666757 0.7766418529
981 0 0.1587219747333352 0.7766418529
982 0.161519605 0.08350396290000001 0.38832092645
983 0 0.1642637654 0.38832092645
984 -0.01629382652133112 0.1638517911479508 0.7766418529
985 -0.03254520285697534 0.1626073644867118 0.7766418529
986 -0.04870770924791367 0.1605041931905269 0.7766418529
987 -0.0647261031878732 0.1574957096787267 0.7766418529
988 -0.08052927730835428 0.153510423843884 0.7766418529
989 -0.09601887063039675 0.1484442417764784 0.7766418529
990 -0.1110490707529022 0.1421484142237889 0.7766418529
991 -0.1253877245979025 0.1344119714043517 0.7766418529
992 -0.1386376052298821 0.1249412565359247 0.7766418529
993 -0.1500736337785805 0.1133639999221159 0.7766418529
994 -0.1583621345590154 0.09939434629112957 0.7766418529
995 -0.1593028887333225 0.08350396290000001 0.7766418529
996 -0.1570861724666504 0.08350396290000001 0.7766418529
997 -0.1548694561999729 0.08350396290000001 0.7766418529
998 -0.1526527399333026 0.08350396290000001 0.7766418529
999 -0.1504360236666775 0.08350396290000001 0.7766418529
1000 -0.161519605 0.08350396290000001 0.38832092645
1001 -0.1583621345271574 0.0676135794294971 0.7766418529
1002 -0.1500736336412281 0.05364392570530421 0.7766418529
1003 -0.1386376049912032 0.04206666906443709 0.7766418529
1004 -0.1253877242067559 0.0325959541547973 0.7766418529
1005 -0.1110490702792383 0.0248595113519788 0.7766418529
1006 -0.09601887023025185 0.01856368387561083 0.7766418529
1007 -0.08052927698065271 0.01349750186187627 0.7766418529
1008 -0.06472610293964318 0.009512216066987045 0.7766418529
1009 -0.04870770907035826 0.006503732581394195 0.7766418529
1010 -0.03254520270371741 0.004400561297524697 0.7766418529
1011 -0.01629382644835032 0.003156134648349254 0.7766418529
1012 0 0.003852518533336157 0.7766418529
1013 0 0.0049608766666722 0.7766418529
1014 0 0.006069234800008807 0.7766418529
1015 0 0.007177592933338811 0.7766418529
1016 0 0.008285951066669434 0.7766418529
1017 0 0.0027441604 0.38832092645
1018 0.01629382652632993 0.003156134652302647 0.7766418529
1019 0.03254520286275901 0.004400561313883167 0.7766418529
1020 0.0487077092098828 0.006503732603458809 0.7766418529
1021 0.06472610313800785 0.009512216110368121 0.7766418529
1022 0.08052927724820858 0.01349750193881946 0.7766418529
1023 0.09601887057946785 0.01856368400469606 0.7766418529
1024 0.1110490707019488 0.02485951155208984 0.7766418529
1025 0.1253877245527955 0.03259595436787339 0.7766418529
1026 0.1386376052041011 0.0420666692425113 0.7766418529
1027 0.150073633753025 0.05364392584577419 0.7766418529
1028 0.1583621345604604 0.06761357951247066 0.7766418529
1029 0.1626265991999964 0.08350396290000001 0.7766418529
1030 0.1637335933999928 0.08350396290000001 0.7766418529
1031 0.16161819680451 0.09972106638653504 0.7766418529
1032 0.15315927717578 0.1139779482617223 0.7766418529
1033 0.141488113897153 0.1257932432974587 0.7766418529
1034 0.1279658041032463 0.1354586842940246 0.7766418529
1035 0.1133323350611427 0.1433541950422026 0.7766418529
1036 0.09799310109960448 0.1497794701730416 0.7766418529
1037 0.08218502842292084 0.1549498172644013 0.7766418529
1038 0.06605692747107883 0.1590170439743971 0.7766418529
1039 0.04970918155024233 0.1620873844816516 0.7766418529
1040 0.03321436019524732 0.1642337987680569 0.7766418529
1041 0.01662884160200121 0.1655038119048744 0.7766418529
1042 0 0.1653707595999964 0.7766418529
1043 0 0.1648172624999928 0.7766418529
1044 0.1648405876 0.08350396290000001 0.38832092645
1045 0 0.1659242567 0.38832092645
1046 -0.01662884166685914 0.1655038119015863 0.7766418529
1047 -0.03321436033605164 0.1642337987535743 0.7766418529
1048 -0.04970918182027701 0.1620873844389479 0.7766418529
1049 -0.06605692778177155 0.1590170439064506 0.7766418529
1050 -0.08218502881567703 0.1549498171514533 0.7766418529
1051 -0.09799310155574842 0.1497794700044312 0.7766418529
1052 -0.1133323355726122 0.1433541948000731 0.7766418529
1053 -0.1279658045327548 0.135458684029552 0.7766418529
1054 -0.1414881141572498 0.1257932430799059 0.7766418529
1055 -0.1531592773293217 0.113977948068801 0.7766418529
1056 -0.1616181968400685 0.09972106629794182 0.7766418529
1057 -0.1637335933999928 0.08350396290000001 0.7766418529
1058 -0.1626265991999964 0.08350396290000001 0.7766418529
1059 -0.1648405876 0.08350396290000001 0.38832092645
1060 -0.1616181968071986 0.06728685942016359 0.7766418529
1061 -0.1531592771822895 0.05302997754645666 0.7766418529
1062 -0.1414881139057121 0.04121468250970044 0.7766418529
1063 -0.1279658041133117 0.03154924151217325 0.7766418529
1064 -0.1133323350694105 0.02365373076171139 0.7766418529
1065 -0.09799310111973931 0.01722845563440109 0.7766418529
1066 -0.08218502844760699 0.01205810854269788 0.7766418529
1067 -0.06605692749263276 0.007990881830316585 0.7766418529
1068 -0.0497091816519748 0.004920541334436562 0.7766418529
1069 -0.03321436019058597 0.002774127031463625 0.7766418529
1070 -0.01662884159802244 0.001504113894923845 0.7766418529
1071 0 0.001637166200001241 0.7766418529
1072 0 0.002190663300001298 0.7766418529
1073 0 0.0010836691 0.38832092645
1074 0.01662884166979165 0.001504113898562393 0.7766418529
1075 0.03321436033653164 0.002774127046475089 0.7766418529
1076 0.04970918176906701 0.004920541352953695 0.7766418529
1077 0.06605692771281853 0.007990881878469802 0.7766418529
1078 0.08218502873202785 0.01205810862449108 0.7766418529
1079 0.09799310147643524 0.01722845576625123 0.7766418529
1080 0.1133323354947654 0.02365373096307427 0.7766418529
1081 0.1279658044506 0.03154924171986063 0.7766418529
1082 0.1414881141298359 0.04121468269716431 0.7766418529
1083 0.1531592773020752 0.05302997769696445 0.7766418529
1084 0.1616181968407008 0.06728685950363342 0.7766418529
1085 0.1659242566499892 0.08350396290000001 0.7766418529
1086 0.1637431666315516 0.09993429024606573 0.7766418529
1087 0.1551730283935559 0.1143786228221076 0.7766418529
1088 0.1433484116596753 0.1263492663546131 0.7766418529
1089 0.1296483094187268 0.1361417893611354 0.7766418529
1090 0.1148224382721135 0.1441411109576274 0.7766418529
1091 0.09928152275920643 0.1506508661488326 0.7766418529
1092 0.08326560418652085 0.1558891934048681 0.7766418529
1093 0.06692544958770714 0.1600098963562723 0.7766418529
1094 0.05036276211317502 0.1631206059600166 0.7766418529
1095 0.03365106543754155 0.1652952414837976 0.7766418529
1096 0.01684747903098611 0.1665819528610233 0.7766418529
1097 0 0.1664660912 0.7766418529
1098 0.1670079257 0.08350396290000001 0.38832092645
1099 0 0.1670079257 0.38832092645
1100 -0.01684747909644201 0.1665819528577048 0.7766418529
1101 -0.03365106557963021 0.1652952414691828 0.7766418529
1102 -0.05036276238074042 0.1631206059177034 0.7766418529
1103 -0.06692544985371097 0.1600098962980989 0.7766418529
1104 -0.08326560453380523 0.1558891933049968 0.7766418529
1105 -0.09928152316415979 0.1506508659991444 0.7766418529
1106 -0.1148224387426455 0.1441411107348777 0.7766418529
1107 -0.1296483098023223 0.136141789124934 0.7766418529
1108 -0.1433484119239118 0.1263492661335978 0.7766418529
1109 -0.1551730285529968 0.1143786226217741 0.7766418529
1110 -0.1637431666680748 0.09993429015506912 0.7766418529
1111 -0.1659242566499892 0.08350396290000001 0.7766418529
1112 -0.1670079257 0.08350396290000001 0.38832092645
1113 -0.1637431666418446 0.06707363555990295 0.7766418529
1114 -0.1551730284269202 0.05262930298283998 0.7766418529
1115 -0.143348411704717 0.04065865943175186 0.7766418529
1116 -0.1296483094387634 0.03086613638816599 0.7766418529
1117 -0.1148224383020228 0.02286681478391575 0.7766418529
1118 -0.09928152280401054 0.01635705958731733 0.7766418529
1119 -0.08326560424637837 0.0111187323256608 0.7766418529
1120 -0.06692544965026449 0.00699802936578911 0.7766418529
1121 -0.05036276220752819 0.003887319759559818 0.7766418529
1122 -0.03365106542843633 0.00171268421731692 0.7766418529
1123 -0.01684747902481865 0.0004259728391741852 0.7766418529
1124 0 0.0005418345500014592 0.7766418529
1125 0 0 0.38832092645
1126 0.01684747910444103 0.0004259728432108589 0.7766418529
1127 0.03365106559132346 0.001712684234070935 0.7766418529
1128 0.05036276235001396 0.003887319782092724 0.7766418529
1129 0.06692544985439082 0.006998029410430234 0.7766418529
1130 0.08326560452233502 0.01111873240501984 0.7766418529
1131 0.09928152315748849 0.01635705971797795 0.7766418529
1132 0.1148224387368812 0.02286681498977754 0.7766418529
1133 0.1296483097956902 0.0308661366079459 0.7766418529
1134 0.1433484119178663 0.04065865961003626 0.7766418529
1135 0.1551730285418531 0.05262930312725034 0.7766418529
1136 0.1637431666750732 0.06707363564269127 0.7766418529
1137 -0.1913424005560199 0.04436367304546619 0.7766418529
1138 -0.1932795880204786 0.05074972426356606 0.7766418529
1139 -0.1964254097648104 0.05663514276908932 0.7766418529
1140 -0.2006589736051221 0.06179375521005902 0.7766418529
1141 -0.2058175860288715 0.06602731900064489 0.7766418529
1142 -0.2117030045008569 0.06917314070620631 0.7766418529
1143 -0.2180890556902763 0.07111032815108967 0.7766418529
1144 -0.2313715987289397 0.07111032814726737 0.7766418529
1145 -0.2377576499313619 0.06917314069286085 0.7766418529
1146 -0.2436430684334087 0.06602731895903055 0.7766418529
1147 -0.2488016808992489 0.06179375510568794 0.7766418529
1148 -0.2530352447186083 0.05663514264424431 0.7766418529
1149 -0.2561810664170234 0.05074972417302834 0.7766418529
1150 -0.2581182538535334 0.04436367299743835 0.7766418529
1151 -0.2581182538429304 0.03108112994925719 0.7766418529
1152 -0.2561810663821709 0.02469507874283048 0.7766418529
1153 -0.2530352446461629 0.01880966024733354 0.7766418529
1154 -0.2488016807824873 0.01365104777755049 0.7766418529
1155 -0.2436430683405693 0.009417483978936148 0.7766418529
1156 -0.2377576498566755 0.006271662276203065 0.7766418529
1157 -0.2313715986885052 0.00433447484468974 0.7766418529
1158 -0.2180890556500335 0.004334474856915134 0.7766418529
1159 -0.2117030044581508 0.006271662311483149 0.7766418529
1160 -0.2058175859566304 0.009417484047625123 0.7766418529
1161 -0.200658973497244 0.0136510478978191 0.7766418529
1162 -0.1964254096879401 0.01880966034595532 0.7766418529
1163 -0.1932795879840185 0.02469507882445645 0.7766418529
1164 -0.1913424005474608 0.03108112999756374 0.7766418529
1165 -0.1906882924 0.0377224015 0.40628841945
1166 -0.2247303272 0.0717644363 0.40628841945
1167 -0.258772362 0.0377224015 0.40628841945
1168 -0.2247303272 0.0036803667 0.40628841945
1169 -0.1899359383000777 0.0377224015 0.7766418529
1170 -0.1891835841999331 0.0377224015 0.7766418529
1171 -0.1891287070748877 0.0448040040546784 0.7766418529
1172 -0.191194334352795 0.05161346459925351 0.7766418529
1173 -0.1945487310396108 0.05788909938255903 0.7766418529
1174 -0.1990629895433761 0.06338973926409397 0.7766418529
1175 -0.2045636294132495 0.06790399772440639 0.7766418529
1176 -0.2108392641818184 0.0712583943807861 0.7766418529
1177 -0.2176487246836958 0.07332402163274537 0.7766418529
1178 -0.2247303272 0.07326914449999999 0.7766418529
1179 -0.2247303272 0.0725167904 0.7766418529
1180 -0.1884312301 0.0377224015 0.40628841945
1181 -0.2247303272 0.0740214986 0.40628841945
1182 -0.2318119297718614 0.07332402162169438 0.7766418529
1183 -0.238621390323856 0.07125839433701432 0.7766418529
1184 -0.2448970250981931 0.06790399764994279 0.7766418529
1185 -0.2503976649653814 0.06338973915533647 0.7766418529
1186 -0.2549119234300434 0.05788909927831408 0.7766418529
1187 -0.2582663200731022 0.05161346453673214 0.7766418529
1188 -0.2603319473310774 0.04480400402468983 0.7766418529
1189 -0.2602770702 0.0377224015 0.7766418529
1190 -0.2595247161 0.0377224015 0.7766418529
1191 -0.2610294243 0.0377224015 0.40628841945
1192 -0.2603319473238689 0.03064079893907068 0.7766418529
1193 -0.2582663200428764 0.0238313383902964 0.7766418529
1194 -0.2549119233634862 0.01755570362207613 0.7766418529
1195 -0.2503976648554856 0.0120550637347678 0.7766418529
1196 -0.24489702499183 0.007540805278987636 0.7766418529
1197 -0.2386213902224933 0.004186408620999872 0.7766418529
1198 -0.2318119297196599 0.002120781367922105 0.7766418529
1199 -0.2247303272 0.002175658500001807 0.7766418529
1200 -0.2247303272 0.002928012600001581 0.7766418529
1201 -0.2247303272 0.0014233044 0.40628841945
1202 -0.2176487246220798 0.002120781379510793 0.7766418529
1203 -0.210839264075473 0.004186408663263613 0.7766418529
1204 -0.2045636293100643 0.007540805344539759 0.7766418529
1205 -0.1990629894158493 0.01205506386343282 0.7766418529
1206 -0.1945487309643066 0.0175557037301418 0.7766418529
1207 -0.1911943343194117 0.02383133848134085 0.7766418529
1208 -0.1891287070676338 0.03064079898178939 0.7766418529
1209 -0.1877195779000054 0.0377224015 0.7766418529
1210 -0.1877327510703166 0.0450816769708248 0.7766418529
1211 -0.189879372553289 0.05215813962245475 0.7766418529
1212 -0.1933652966848459 0.05867984494405235 0.7766418529
1213 -0.1980565613608572 0.06439616746744037 0.7766418529
1214 -0.2037728838598753 0.06908743208459639 0.7766418529
1215 -0.2102945891679036 0.07257335618413868 0.7766418529
1216 -0.2173710517632016 0.07471997763645168 0.7766418529
1217 -0.2247303272 0.07473315074999999 0.7766418529
1218 -0.1870079257 0.0377224015 0.40628841945
1219 -0.2247303272 0.0754448029 0.40628841945
1220 -0.2320896026578359 0.07471997753030793 0.7766418529
1221 -0.2391660653002689 0.07257335604766146 0.7766418529
1222 -0.2456877705991255 0.0690874319249043 0.7766418529
1223 -0.2514040930980659 0.06439616726709596 0.7766418529
1224 -0.2560953577201422 0.05867984475659191 0.7766418529
1225 -0.2595812817928121 0.05215813949126551 0.7766418529
1226 -0.2617279032400963 0.04508167690862654 0.7766418529
1227 -0.2617410765 0.0377224015 0.7766418529
1228 -0.2624527287 0.0377224015 0.40628841945
1229 -0.2617279033298675 0.0303631260301005 0.7766418529
1230 -0.2595812818468615 0.02328666337790854 0.7766418529
1231 -0.256095357701664 0.01676495803575827 0.7766418529
1232 -0.2514040930318319 0.01104863552524865 0.7766418529
1233 -0.2456877705421119 0.006357370916731449 0.7766418529
1234 -0.2391660652590608 0.002871446827030298 0.7766418529
1235 -0.232089602659224 0.0007248253680090452 0.7766418529
1236 -0.2247303272 0.0007116522000018845 0.7766418529
1237 -0.2247303272 0 0.40628841945
1238 -0.2173710517503468 0.0007248253661053181 0.7766418529
1239 -0.2102945890922115 0.002871446847214007 0.7766418529
1240 -0.203772883781369 0.006357370967859877 0.7766418529
1241 -0.1980565612513369 0.01104863564207995 0.7766418529
1242 -0.1933652966146977 0.0167649581609318 0.7766418529
1243 -0.189879372521503 0.0232866634542834 0.7766418529
1244 -0.1877327510635678 0.03036312606310356 0.7766418529
1245 0.2581182538432895 0.04436367304893753 0.7766418529
1246 0.2561810663835891 0.05074972425374585 0.7766418529
1247 0.2530352446491438 0.05663514274820525 0.7766418529
1248 0.2488016807851822 0.06179375521975468 0.7766418529
1249 0.2436430683404009 0.06602731902117634 0.7766418529
1250 0.2377576498541366 0.06917314072484859 0.7766418529
1251 0.2313715986878414 0.0711103281554423 0.7766418529
1252 0.2180890556698468 0.07111032814702598 0.7766418529
1253 0.2117030044663518 0.06917314069191381 0.7766418529
1254 0.2058175859635048 0.06602731895696824 0.7766418529
1255 0.2006589734972513 0.06179375510218818 0.7766418529
1256 0.1964254096911532 0.05663514265885344 0.7766418529
1257 0.1932795879859172 0.05074972418012762 0.7766418529
1258 0.1913424005474584 0.04436367300242425 0.7766418529
1259 0.1913424005560476 0.03108112995439458 0.7766418529
1260 0.1932795880193352 0.02469507873919424 0.7766418529
1261 0.1964254097615654 0.0188096602357672 0.7766418529
1262 0.2006589736048663 0.01365104779019679 0.7766418529
1263 0.2058175860260696 0.009417484001227321 0.7766418529
1264 0.2117030045031912 0.006271662292826788 0.7766418529
1265 0.2180890556909198 0.004334474848782334 0.7766418529
1266 0.231371598748635 0.004334474856650283 0.7766418529
1267 0.2377576499393407 0.006271662310444112 0.7766418529
1268 0.2436430684399833 0.009417484045362447 0.7766418529
1269 0.2488016808989162 0.01365104789397932 0.7766418529
1270 0.2530352447117145 0.01880966034543843 0.7766418529
1271 0.2561810664184153 0.02469507883033189 0.7766418529
1272 0.2581182538536563 0.03108113000317965 0.7766418529
1273 0.258772362 0.0377224015 0.40628841945
1274 0.2247303272 0.0717644363 0.40628841945
1275 0.1906882924 0.0377224015 0.40628841945
1276 0.2247303272 0.0036803667 0.40628841945
1277 0.2595247161 0.0377224015 0.7766418529
1278 0.2602770702 0.0377224015 0.7766418529
1279 0.260331947324105 0.04480400405974218 0.7766418529
1280 0.2582663200450235 0.05161346460452 0.7766418529
1281 0.2549119233658667 0.05788909937436122 0.7766418529
1282 0.2503976648590031 0.06338973926171479 0.7766418529
1283 0.2448970249936878 0.06790399771977099 0.7766418529
1284 0.2386213902233205 0.07125839437865748 0.7766418529
1285 0.231811929719032 0.07332402163220279 0.7766418529
1286 0.2247303272 0.07326914449999999 0.7766418529
1287 0.2247303272 0.0725167904 0.7766418529
1288 0.2610294243 0.0377224015 0.40628841945
1289 0.2247303272 0.0740214986 0.40628841945
1290 0.2176487246305767 0.07332402162217933 0.7766418529
1291 0.2108392640807372 0.07125839433891687 0.7766418529
1292 0.2045636293080075 0.06790399765408592 0.7766418529
1293 0.1990629894361624 0.06338973915688027 0.7766418529
1294 0.1945487309742846 0.05788909928479137 0.7766418529
1295 0.1911943343297144 0.05161346454353199 0.7766418529
1296 0.189128707070016 0.04480400403018656 0.7766418529
1297 0.1891835841999331 0.0377224015 0.7766418529
1298 0.1899359383000777 0.0377224015 0.7766418529
1299 0.1884312301 0.0377224015 0.40628841945
1300 0.1891287070751239 0.03064079894413447 0.7766418529
1301 0.1911943343549421 0.0238313383955629 0.7766418529
1302 0.1945487310419913 0.01755570361387833 0.7766418529
1303 0.1990629895468935 0.01205506373238862 0.7766418529
1304 0.2045636294151074 0.007540805274352254 0.7766418529
1305 0.2108392641826456 0.004186408618871269 0.7766418529
1306 0.2176487246830678 0.002120781367379532 0.7766418529
1307 0.2247303272 0.002175658500001807 0.7766418529
1308 0.2247303272 0.002928012600001581 0.7766418529
1309 0.2247303272 0.0014233044 0.40628841945
1310 0.2318119297838193 0.002120781380684188 0.7766418529
1311 0.2386213903356406 0.004186408667867021 0.7766418529
1312 0.2448970251049387 0.007540805354564441 0.7766418529
1313 0.2503976650066498 0.01205506388593194 0.7766418529
1314 0.2549119234446921 0.01755570374360925 0.7766418529
1315 0.2582663200760027 0.02383133847027027 0.7766418529
1316 0.2603319473311674 0.03064079897576295 0.7766418529
1317 0.2617410765 0.0377224015 0.7766418529
1318 0.2617279033300483 0.0450816769689906 0.7766418529
1319 0.2595812818470749 0.05215813962157641 0.7766418529
1320 0.2560953577002057 0.05867984496642431 0.7766418529
1321 0.2514040930271559 0.06439616747942728 0.7766418529
1322 0.2456877705358167 0.06908743208747492 0.7766418529
1323 0.2391660652548257 0.07257335617472392 0.7766418529
1324 0.2320896026588674 0.0747199776320619 0.7766418529
1325 0.2247303272 0.07473315074999999 0.7766418529
1326 0.2624527287 0.0377224015 0.40628841945
1327 0.2247303272 0.0754448029 0.40628841945
1328 0.2173710517368404 0.074719977529249 0.7766418529
1329 0.2102945890897015 0.07257335604350708 0.7766418529
1330 0.2037728837873349 0.06908743191585742 0.7766418529
1331 0.1980565612865179 0.06439616725167971 0.7766418529
1332 0.1933652966949266 0.0586798447791439 0.7766418529
1333 0.1898793726100543 0.05215813949818579 0.7766418529
1334 0.187732751159409 0.04508167690613916 0.7766418529
1335 0.1877195779000054 0.0377224015 0.7766418529
1336 0.1870079257 0.0377224015 0.40628841945
1337 0.1877327510701988 0.03036312602976752 0.7766418529
1338 0.18987937255239 0.02328666337971556 0.7766418529
1339 0.1933652966818797 0.01676495806038682 0.7766418529
1340 0.1980565613613823 0.0110486355320345 0.7766418529
1341 0.203772883860715 0.006357370914842557 0.7766418529
1342 0.2102945891691848 0.002871446815330643 0.7766418529
1343 0.2173710517639506 0.0007248253633993576 0.7766418529
1344 0.2247303272 0.0007116522000018845 0.7766418529
1345 0.2247303272 0 0.40628841945
1346 0.2320896026546979 0.0007248253671087654 0.7766418529
1347 0.2391660653172925 0.002871446851150691 0.7766418529
1348 0.245687770631461 0.006357370976432644 0.7766418529
1349 0.2514040931745086 0.01104863566792537 0.7766418529
1350 0.2560953577946327 0.01676495817489571 0.7766418529
1351 0.2595812818808192 0.0232866634598898 0.7766418529
1352 0.2617279033362558 0.03036312606221708 0.7766418529
1353 -0.009674764101184244 0.069745670647688 -0.02000000000000013
1354 -0.01282382902875428 0.08012674645632313 -0.02000000000000013
1355 -0.01793763299311893 0.08969400072637596 -0.02000000000000013
1356 -0.02481965535941327 0.09807976920974382 -0.02000000000000013
1357 -0.03320542382680511 0.1049617915092334 -0.02000000000000013
1358 -0.04277267805321029 0.1100755954166159 -0.02000000000000013
1359 -0.05315375381798715 0.1132246603118794 -0.02000000000000013
1360 -0.0747456706325695 0.113224660301823 -0.02000000000000013
1361 -0.08512674645291099 0.1100755953726591 -0.02000000000000013
1362 -0.09469400072413094 0.1049617914083812 -0.02000000000000013
1363 -0.1030797692181159 0.09807976903221469 -0.02000000000000013
1364 -0.1099617915226586 0.08969400055310273 -0.02000000000000013
1365 -0.1150755954238178 0.08012674632940281 -0.02000000000000013
1366 -0.118224660313034 0.06974567057620827 -0.02000000000000013
1367 -0.1182246602985172 0.04815375375081118 -0.02000000000000013
1368 -0.115075595363713 0.03777267792549119 -0.02000000000000013
1369 -0.1099617913992319 0.02820542366217625 -0.02000000000000013
1370 -0.1030797690247861 0.01981965517445549 -0.02000000000000013
1371 -0.09469400056715394 0.01293763288673015 -0.02000000000000013
1372 -0.08512674633273834 0.00782382897756375 -0.02000000000000013
1373 -0.07474567058268881 0.004674764088255075 -0.02000000000000013
1374 -0.0531537537607925 0.004674764099497346 -0.02000000000000013
1375 -0.04277267794110518 0.007823829029819485 -0.02000000000000013
1376 -0.03320542368086715 0.01293763298827921 -0.02000000000000013
1377 -0.02481965518349078 0.01981965536617864 -0.02000000000000013
1378 -0.01793763288414932 0.02820542383670855 -0.02000000000000013
1379 -0.01282382898210576 0.03777267805629629 -0.02000000000000013
1380 -0.009674764088014452 0.04815375381852093 -0.02000000000000013
1381 -0.008611455 0.0589497122 -0.5189309090500001
1382 -0.06394971219999999 0.1142879694 -0.5189309090500001
1383 -0.1192879694 0.0589497122 -0.5189309090500001
1384 -0.06394971219999999 0.003611455 -0.5189309090500001
1385 -0.00787876900000113 0.0589497122 -0.02000000000000013
1386 -0.007146083000001639 0.0589497122 -0.02000000000000013
1387 -0.007518941168654668 0.07017449048741511 -0.02000000000000013
1388 -0.01079308823781746 0.08096790685207968 -0.02000000000000013
1389 -0.01611001456527842 0.09091517632946577 -0.02000000000000013
1390 -0.02326539365160105 0.09963403093641429 -0.02000000000000013
1391 -0.0319842482430656 0.1067894099500034 -0.02000000000000013
1392 -0.04193151768203238 0.1121063362177336 -0.02000000000000013
1393 -0.05272493397599364 0.1153804832439581 -0.02000000000000013
1394 -0.06394971219999999 0.1157533413333324 -0.02000000000000013
1395 -0.06394971219999999 0.1150206553666621 -0.02000000000000013
1396 -0.006413397 0.0589497122 -0.5189309090500001
1397 -0.06394971219999999 0.1164860273 -0.5189309090500001
1398 -0.07517449047744743 0.1153804831313689 -0.02000000000000013
1399 -0.08596790681618177 0.1121063360688127 -0.02000000000000013
1400 -0.09591517627868629 0.1067894097483824 -0.02000000000000013
1401 -0.1046340308716359 0.09963403067175595 -0.02000000000000013
1402 -0.1117894098578274 0.09091517611489025 -0.02000000000000013
1403 -0.1171063361232038 0.08096790668487021 -0.02000000000000013
1404 -0.1203804831438665 0.07017449041461774 -0.02000000000000013
1405 -0.1207533413333342 0.0589497122 -0.02000000000000013
1406 -0.1200206553666603 0.0589497122 -0.02000000000000013
1407 -0.1214860273 0.0589497122 -0.5189309090500001
1408 -0.1203804831317059 0.0477249339242465 -0.02000000000000013
1409 -0.1171063360672926 0.03693151758014843 -0.02000000000000013
1410 -0.111789409743269 0.02698424811366099 -0.02000000000000013
1411 -0.1046340306696794 0.0182653935262875 -0.02000000000000013
1412 -0.0959151761043805 0.0111100145351502 -0.02000000000000013
1413 -0.08596790667197082 0.005793088271453133 -0.02000000000000013
1414 -0.07517449039651238 0.002518941252532089 -0.02000000000000013
1415 -0.06394971219999999 0.002146083000001692 -0.02000000000000013
1416 -0.06394971219999999 0.002878769000001975 -0.02000000000000013
1417 -0.06394971219999999 0.001413397 -0.5189309090500001
1418 -0.05272493391062 0.00251894116904549 -0.02000000000000013
1419 -0.04193151755002502 0.005793088236945639 -0.02000000000000013
1420 -0.0319842480713288 0.01111001456474747 -0.02000000000000013
1421 -0.02326539345775865 0.01826539365742808 -0.02000000000000013
1422 -0.01611001444548987 0.02698424824981042 -0.02000000000000013
1423 -0.01079308817974185 0.03693151768812719 -0.02000000000000013
1424 -0.007518941155445089 0.04772493397899382 -0.02000000000000013
1425 -0.005706698500001864 0.0589497122 -0.02000000000000013
1426 -0.006132702194208729 0.07045023055584211 -0.02000000000000013
1427 -0.009487279672398534 0.08150879045331715 -0.02000000000000013
1428 -0.01493481790472137 0.09170041762271558 -0.02000000000000013
1429 -0.02226597104928368 0.1006334535405144 -0.02000000000000013
1430 -0.03119900693276804 0.1079646065991695 -0.02000000000000013
1431 -0.041390634065111 0.113412144776656 -0.02000000000000013
1432 -0.0524491939065886 0.1167667222182095 -0.02000000000000013
1433 -0.06394971219999999 0.11719272585 -0.02000000000000013
1434 -0.005 0.0589497122 -0.5189309090500001
1435 -0.06394971219999999 0.1178994244 -0.5189309090500001
1436 -0.07545023055441372 0.1167667222060754 -0.02000000000000013
1437 -0.08650879045662885 0.1134121447262297 -0.02000000000000013
1438 -0.09670041762106941 0.1079646064963785 -0.02000000000000013
1439 -0.1056334535404161 0.1006334533508146 -0.02000000000000013
1440 -0.1129646066035177 0.0917004174607244 -0.02000000000000013
1441 -0.1184121447781837 0.08150879033120076 -0.02000000000000013
1442 -0.121766722218035 0.07045023049428878 -0.02000000000000013
1443 -0.1221927258500027 0.0589497122 -0.02000000000000013
1444 -0.1228994244 0.0589497122 -0.5189309090500001
1445 -0.1217667222038322 0.0474491938343089 -0.02000000000000013
1446 -0.1184121447225725 0.03639063393454192 -0.02000000000000013
1447 -0.1129646064887009 0.0261990067674402 -0.02000000000000013
1448 -0.1056334533512798 0.01726597086004913 -0.02000000000000013
1449 -0.09670041745944466 0.009934817795627236 -0.02000000000000013
1450 -0.08650879032655961 0.004487279619893834 -0.02000000000000013
1451 -0.07545023050296251 0.001132702183690319 -0.02000000000000013
1452 -0.06394971219999999 0.0007066985000018214 -0.02000000000000013
1453 -0.06394971219999999 0 -0.5189309090500001
1454 -0.05244919383556881 0.001132702195917205 -0.02000000000000013
1455 -0.04139063394239777 0.004487279674173471 -0.02000000000000013
1456 -0.0311990067815885 0.009934817901845479 -0.02000000000000013
1457 -0.02226597086739737 0.01726597104137192 -0.02000000000000013
1458 -0.01493481780351259 0.02619900692875408 -0.02000000000000013
1459 -0.009487279626608315 0.0363906340572302 -0.02000000000000013
1460 -0.006132702183622933 0.04744919389737628 -0.02000000000000013
1461 0.1182246602992977 0.06974567064526507 -0.02000000000000013
1462 0.1150755953657515 0.0801267464695873 -0.02000000000000013
1463 0.1099617914077158 0.08969400072512666 -0.02000000000000013
1464 0.1030797690311359 0.09807976921919472 -0.02000000000000013
1465 0.09469400056949095 0.1049617915117083 -0.02000000000000013
1466 0.08512674633619884 0.1100755954210029 -0.02000000000000013
1467 0.07474567058448453 0.1132246603113877 -0.02000000000000013
1468 0.05315375376430705 0.1132246603012017 -0.02000000000000013
1469 0.0427726779459998 0.1100755953722079 -0.02000000000000013
1470 0.03320542368233775 0.1049617914127034 -0.02000000000000013
1471 0.02481965517731877 0.09807976902764934 -0.02000000000000013
1472 0.01793763287241191 0.08969400054572517 -0.02000000000000013
1473 0.01282382897581875 0.08012674632852552 -0.02000000000000013
1474 0.009674764086897568 0.06974567057586413 -0.02000000000000013
1475 0.009674764100824816 0.04815375375411898 -0.02000000000000013
1476 0.01282382903025687 0.03777267794004929 -0.02000000000000013
1477 0.01793763299065643 0.02820542367730942 -0.02000000000000013
1478 0.02481965536291263 0.01981965518675682 -0.02000000000000013
1479 0.03320542383099512 0.01293763288796693 -0.02000000000000013
1480 0.04277267805457637 0.0078238289828182 -0.02000000000000013
1481 0.05315375381985837 0.004674764087748431 -0.02000000000000013
1482 0.07474567063608405 0.004674764098876058 -0.02000000000000013
1483 0.0851267464578056 0.007823829029368318 -0.02000000000000013
1484 0.09469400072560155 0.01293763299260147 -0.02000000000000013
1485 0.1030797692119439 0.01981965536161329 -0.02000000000000013
1486 0.1099617915109211 0.02820542382933099 -0.02000000000000013
1487 0.1150755954175308 0.03777267805541901 -0.02000000000000013
1488 0.1182246603119171 0.04815375381817682 -0.02000000000000013
1489 0.1192879694 0.0589497122 -0.5189309090500001
1490 0.06394971219999999 0.1142879694 -0.5189309090500001
1491 0.008611455 0.0589497122 -0.5189309090500001
1492 0.06394971219999999 0.003611455 -0.5189309090500001
1493 0.1200206553666603 0.0589497122 -0.02000000000000013
1494 0.1207533413333342 0.0589497122 -0.02000000000000013
1495 0.1203804831317315 0.07017449047562456 -0.02000000000000013
1496 0.117106336069747 0.08096790681392615 -0.02000000000000013
1497 0.111789409748652 0.09091517627828286 -0.02000000000000013
1498 0.1046340306788018 0.09963403086459009 -0.02000000000000013
1499 0.09591517612007072 0.1067894098543659 -0.02000000000000013
1500 0.08596790667540938 0.1121063361271226 -0.02000000000000013
1501 0.07517449039899987 0.1153804831469731 -0.02000000000000013
1502 0.06394971219999999 0.1157533413333324 -0.02000000000000013
1503 0.06394971219999999 0.1150206553666621 -0.02000000000000013
1504 0.1214860273 0.0589497122 -0.5189309090500001
1505 0.06394971219999999 0.1164860273 -0.5189309090500001
1506 0.05272493393831324 0.1153804831345039 -0.02000000000000013
1507 0.0419315176009486 0.1121063360759084 -0.02000000000000013
1508 0.03198424813499999 0.1067894097575273 -0.02000000000000013
1509 0.02326539354113888 0.09963403068453078 -0.02000000000000013
1510 0.01611001454450967 0.09091517611838795 -0.02000000000000013
1511 0.01079308828184156 0.08096790669705076 -0.02000000000000013
1512 0.007518941257109037 0.0701744904195223 -0.02000000000000013
1513 0.007146083000001639 0.0589497122 -0.02000000000000013
1514 0.00787876900000113 0.0589497122 -0.02000000000000013
1515 0.006413397 0.0589497122 -0.5189309090500001
1516 0.007518941167779555 0.04772493391698436 -0.02000000000000013
1517 0.01079308823541146 0.03693151755372892 -0.02000000000000013
1518 0.01611001456473306 0.02698424807135039 -0.02000000000000013
1519 0.02326539365590887 0.01826539345927789 -0.02000000000000013
1520 0.03198424824656047 0.01111001444766144 -0.02000000000000013
1521 0.04193151768829891 0.005793088179670738 -0.02000000000000013
1522 0.0527249339813934 0.002518941154967799 -0.02000000000000013
1523 0.06394971219999999 0.002146083000001692 -0.02000000000000013
1524 0.06394971219999999 0.002878769000001975 -0.02000000000000013
1525 0.06394971219999999 0.001413397 -0.5189309090500001
1526 0.0751744904996568 0.002518941171089674 -0.02000000000000013
1527 0.08596790686903151 0.005793088244839116 -0.02000000000000013
1528 0.09591517634331262 0.01111001457453056 -0.02000000000000013
1529 0.1046340309498989 0.0182653936650856 -0.02000000000000013
1530 0.1117894099624022 0.02698424826162178 -0.02000000000000013
1531 0.1171063362237347 0.0369315176965204 -0.02000000000000013
1532 0.120380483245188 0.04772493398217647 -0.02000000000000013
1533 0.1221927258500027 0.0589497122 -0.02000000000000013
1534 0.1217667222039733 0.07045023056498172 -0.02000000000000013
1535 0.1184121447236358 0.08150879046289106 -0.02000000000000013
1536 0.1129646064796904 0.09170041764604507 -0.02000000000000013
1537 0.1056334533428998 0.1006334535483309 -0.02000000000000013
1538 0.09670041745343098 0.107964606608391 -0.02000000000000013
1539 0.08650879032213321 0.1134121447819396 -0.02000000000000013
1540 0.07545023049705352 0.116766722217485 -0.02000000000000013
1541 0.06394971219999999 0.11719272585 -0.02000000000000013
1542 0.1228994244 0.0589497122 -0.5189309090500001
1543 0.06394971219999999 0.1178994244 -0.5189309090500001
1544 0.05244919383514222 0.1167667222039979 -0.02000000000000013
1545 0.04139063393828785 0.1134121447241241 -0.02000000000000013
1546 0.03119900677827409 0.1079646064959399 -0.02000000000000013
1547 0.02226597086406214 0.1006334533552928 -0.02000000000000013
1548 0.01493481780226334 0.09170041746937629 -0.02000000000000013
1549 0.009487279624619788 0.08150879033796907 -0.02000000000000013
1550 0.006132702181946961 0.07045023049419805 -0.02000000000000013
1551 0.005706698500001864 0.0589497122 -0.02000000000000013
1552 0.005 0.0589497122 -0.5189309090500001
1553 0.006132702196156289 0.04744919383436688 -0.02000000000000013
1554 0.009487279676051751 0.0363906339378632 -0.02000000000000013
1555 0.01493481790442246 0.02619900677773176 -0.02000000000000013
1556 0.02226597104458953 0.01726597086417977 -0.02000000000000013
1557 0.03119900693246432 0.009934817801033481 -0.02000000000000013
1558 0.04139063406240124 0.004487279624466406 -0.02000000000000013
1559 0.05244919390268243 0.001132702182567474 -0.02000000000000013
1560 0.06394971219999999 0.0007066985000018214 -0.02000000000000013
1561 0.06394971219999999 0 -0.5189309090500001
1562 0.07545023055398713 0.001132702193839756 -0.02000000000000013
1563 0.08650879045251894 0.004487279672067905 -0.02000000000000013
1564 0.09670041761775502 0.009934817901406837 -0.02000000000000013
1565 0.1056334535370809 0.01726597104585019 -0.02000000000000013
1566 0.1129646066022684 0.026199006937406 -0.02000000000000013
1567 0.1184121447761952 0.03639063406399856 -0.02000000000000013
1568 0.121766722216359 0.04744919389728559 -0.02000000000000013
1569 0.06763100420987567 0.1245484773036661 0.9974770385362564
1570 0.01884084610403071 0.1847882468107547 0.9813708505947835
1571 0.06792070128844925 0.1710236237040702 0.9495629322802411
1572 0.01884084604779651 0.1547289974116808 1.01143009990174
1573 0.09024934339708435 0.1356749565786882 0.9485784638360488
1574 0.0319148653136701 0.194044393215605 0.9488846922282562
1575 0.03200987236931975 0.1222637823165544 1.020648285834979
1576 0.05043987993566059 0.1257614534681685 1.010908550150693
1577 0.05524753156352844 0.1444691776991487 0.999700407986352
1578 0.07134239897855436 0.1433763302728485 0.9837641265213346
1579 0.05443868230068114 0.1654989073349873 0.9827255234010939
1580 0.03881536295981428 0.1611853372606208 0.9990481862209482
1581 0.01907648948200955 0.1721113690603327 0.9973612574395517
1582 0.08113637272823038 0.1542077701027886 0.9496808935198663
1583 0.05157400938933799 0.1842006058254946 0.9498497520817313
1584 0.03969408046016626 0.1840110009405658 0.969114277461484
1585 0.08094826929977587 0.1231902974344993 0.9810943529469144
1586 0.05833280085839551 0.1739921239801256 0.9646787437234939
1587 0.09049870205296748 0.1208007476677667 0.9622315602837392
1588 0.01625059190286706 0.1945168266512263 0.9622562499226849
1589 0.01694274270529229 0.1360135962720119 1.020890936452357
1590 0.07113007193234944 0.1593170211898758 0.9672867212290659
1591 0.03698770404959635 0.1417629224262813 1.012270370568755
1592 0.03502705184241382 0.174998795989163 0.9871056442740538
1593 0.08257668604445112 0.140815849321002 0.9665788260181033
1594 0.01546841203500848 0.1987438355485623 0.9462403969700222
1595 0.09487816791945815 0.1192727852458609 0.9460776653165865
1596 0.01536325075486823 0.1194358123282842 1.025429554913413
1597 -0.0669354557892068 0.123875550359471 0.9983744250735453
1598 -0.01983404783300302 0.1845405721113165 0.981386490890405
1599 -0.06744608675090562 0.1714967358632009 0.9495765566589786
1600 -0.01884084604775483 0.1547289974116301 1.011430099901781
1601 -0.09022095851391777 0.1356872978059455 0.9486983957551578
1602 -0.03205539834550126 0.1939790730410743 0.9489603828504947
1603 -0.03132628168259264 0.1221936161602733 1.02090246865094
1604 -0.0808924126757995 0.123828617638207 0.9809359999933639
1605 -0.06937530319037964 0.1437157178400668 0.9860626163351279
1606 -0.05338158979992329 0.1421904561771767 1.002411935365506
1607 -0.05550187734655695 0.1606849015440614 0.986899064840712
1608 -0.01816075445369287 0.1718440642279476 0.9978867279806425
1609 -0.05101171764081242 0.1847913772138026 0.9488514868925573
1610 -0.0371293724886335 0.1860113197366455 0.9674250636290702
1611 -0.08062583256447781 0.1549730151779535 0.9498116457596125
1612 -0.07008767327834577 0.1596067428739757 0.9688201801412597
1613 -0.04941509522307598 0.1238944718288607 1.01202354277019
1614 -0.0824765075562402 0.1407037120739406 0.9669213706675838
1615 -0.01691129151180863 0.1943832906105625 0.9622920413078887
1616 -0.01663122777701041 0.1356585757186827 1.021074103223806
1617 -0.09048495084506927 0.120820255691112 0.9622604190598888
1618 -0.03756464064556312 0.158312505459405 1.0020228919046
1619 -0.03692817462053065 0.1743235565660187 0.9867397923172524
1620 -0.03567455530694862 0.1405360340358471 1.013405398008945
1621 -0.0542532591273007 0.1750172180189636 0.9690123112985489
1622 -0.01536325309197399 0.198787701574947 0.9460776655951006
1623 -0.0154684113976886 0.1195985447611915 1.025385688438171
1624 -0.09510009805571491 0.1185623764007988 0.9453914380264777
1625 -0.06758720223425262 0.03646344748954118 0.9495765561932191
1626 -0.05049316762969653 0.08542476096668015 1.011716125220848
1627 -0.019966017332146 0.03697407814611495 0.9983744247233736
1628 -0.08060651231323189 0.08411489016615389 0.9814407159018024
1629 -0.0317777629003077 0.01368857498517898 0.9486983948507206
1630 -0.01828408231722544 0.07258325275047262 1.020902468769329
1631 -0.09006953886608218 0.07185413545444543 0.9489603833583264
1632 -0.01991908307860549 0.02301712013679384 0.9809359983082176
1633 -0.03980618311400728 0.03453422927974883 0.9860626149438123
1634 -0.03809040895895479 0.05119507999432522 1.003003223607491
1635 -0.05686633863294193 0.04890027435980553 0.987289050249727
1636 -0.08088184307717101 0.05289781608064389 0.948851486719991
1637 -0.08208611984432426 0.06677231152452251 0.9674520263765163
1638 -0.06720550867908359 0.08466973261556818 0.998317242638262
1639 -0.05106348072808986 0.02328370069565849 0.9498116438551457
1640 -0.05571753216327874 0.03387817934310676 0.9688936290438829
1641 -0.01951377065718629 0.0541370380225067 1.011920133707204
1642 -0.03680552847146116 0.02144436598827171 0.9669355963431031
1643 -0.03173759665218175 0.08728957406126636 1.02108018590034
1644 -0.09047297173093184 0.08699956625466249 0.9622949836573204
1645 -0.01691182244882799 0.01342515559642339 0.9622614654940903
1646 -0.0702626207655081 0.06691603138387364 0.9868861580934535
1647 -0.05438496545863863 0.06618084434615643 1.001950147863566
1648 -0.03675569508779856 0.06884717421468584 1.01360926649588
1649 -0.0710988524130191 0.04970509289260371 0.9690973764170983
1650 -0.01568901114384299 0.08844112266180816 1.025385688384571
1651 -0.01465306901744355 0.008809515007218494 0.9453917209261714
1652 -0.09487816812645325 0.08854628381224804 0.9460776650986772
1653 0.06957832968498601 0.08688406163556706 0.9964903805765875
1654 0.06785218749231187 0.03711307694019705 0.950880566293959
1655 0.02006432552993236 0.03451368987094007 0.9958246679322098
1656 0.02442252210541321 0.01355416467963491 0.9573545435621683
1657 0.01900723602549601 0.0709210919121491 1.020158580949101
1658 0.08947167726673308 0.08464657040296172 0.9637585963371456
1659 0.04743185160293558 0.02215748144671568 0.9539133841371338
1660 0.05661284706268165 0.0364702060654673 0.9720951488055097
1661 0.03578783237514108 0.02602492869576961 0.9767269309526558
1662 0.0731199629145592 0.05190279760887449 0.9683367273296319
1663 0.06091715880222812 0.05388865562881066 0.9877000793478987
1664 0.04124868907200731 0.04154578298531827 0.9929073791323858
1665 0.04257563033647078 0.06266448573215888 1.007785597279218
1666 0.05269138726923941 0.08560008519607795 1.010347021806963
1667 0.07678926851569846 0.07191675039768561 0.981136281841723
1668 0.02279925926315976 0.05120649923022211 1.009174191868867
1669 0.08180296665289348 0.05437918878202397 0.948826536897727
1670 0.03353975610695589 0.08567420798239152 1.020114321216508
1671 0.09049128760061374 0.07234244882512292 0.9476922025168477
1672 0.0175287734571057 0.02225071585166039 0.9805867851473566
1673 0.08177707113263676 0.08978850975710435 0.9814637515019798
1674 0.01552627826221718 0.0885462833656393 1.025429554943738
1675 0.09496280693932371 0.08870633389564905 0.9457134963461655
1676 0.08383826121738656 0.06622815205044016 0.9626484423487845
1677 0.06166583915315933 0.07130594777412133 0.9984726060057705
1678 0.06796096049482017 0.1708493363714819 0.9110749327783139
1679 0.01884084614000782 0.154728997676385 0.8496726740860658
1680 0.06707030871119248 0.1237603393128919 0.862827825446982
1681 0.01915112601996876 0.1848055547588182 0.8798756554733907
1682 0.09025742474191162 0.1353254374126372 0.9119610708781644
1683 0.03149677920477 0.1222401106309806 0.8402690275036738
1684 0.0313177536647045 0.1942529411110898 0.9122148481038564
1685 0.02063271885794303 0.1714539381850109 0.8635364189160738
1686 0.03819941779020943 0.1594703531745081 0.8603177666657251
1687 0.08088184344153951 0.1222096340105356 0.8795396696267265
1688 0.07043704358890721 0.1425164406598477 0.8755323792146746
1689 0.05419136781755132 0.1422085303176732 0.8593092358011778
1690 0.08134407890794099 0.1537567039927777 0.911125578592609
1691 0.04981615318628602 0.1850796099239564 0.9103342848750968
1692 0.05479951406210565 0.17449321567154 0.8919001424399119
1693 0.04994329064761903 0.1237988411326227 0.8493784558260431
1694 0.07079794230051274 0.1585206824546541 0.8920256112615692
1695 0.09051573161164257 0.1205008845913383 0.8987615933424745
1696 0.01625059154239003 0.1945168267617504 0.8988465240084095
1697 0.01670812797983501 0.1356825783486269 0.8400512561249821
1698 0.08263458565645804 0.1396466485994531 0.8934927111066482
1699 0.03567296928049778 0.1413751217572648 0.8480727196291169
1700 0.03533706817529999 0.1866901567277122 0.8934350606856225
1701 0.03881844739963163 0.174763361120924 0.8762206876419751
1702 0.05610766872457979 0.1604559161773391 0.8745746262665656
1703 0.01546841134223717 0.1195985451013835 0.8357170854090642
1704 0.01536324832337233 0.198787702464518 0.91502510892237
1705 0.09483430146118479 0.1193779446226257 0.9148623749092892
1706 -0.06591778074356569 0.1734995978994907 0.913491763622398
1707 -0.02032918003124837 0.1717617217857773 0.8637549303322568
1708 -0.06671714033939034 0.1232501634086139 0.8623331723449529
1709 -0.02528046078897729 0.1295063321783007 0.8400822552396263
1710 -0.08961354871017069 0.1228802496798207 0.8975591849087571
1711 -0.03394279230103349 0.1930784950135231 0.9111672490382483
1712 -0.02181993445145655 0.1537247765470174 0.8497968599149346
1713 -0.0405107477602327 0.1625147005779226 0.8641942069995066
1714 -0.05063422831654572 0.1261946949793161 0.8504357949033132
1715 -0.0375588987434461 0.1774439699393788 0.878966724311953
1716 -0.05689899693436751 0.1652066727609886 0.8807103748151252
1717 -0.06103136505666938 0.1448662801436162 0.8667025107727522
1718 -0.07714272010497354 0.1464878079393657 0.8891381899548746
1719 -0.0797622144294485 0.1566306062437626 0.9121818673405683
1720 -0.05041875558157395 0.1809779497774354 0.8989702226841647
1721 -0.07862560556091265 0.1266130706104808 0.8778112206732802
1722 -0.01821423884717589 0.1858230997611781 0.8811816511748325
1723 -0.01724603784888205 0.1944148992406184 0.8990821225418536
1724 -0.08954932635987659 0.137455393214461 0.9122605412081906
1725 -0.05133341488006803 0.1854465474597689 0.9165671990123183
1726 -0.04066588132108134 0.1448541654704965 0.8521371993559678
1727 -0.01546841248419939 0.1987438356282328 0.9148623777544312
1728 -0.09483430157599103 0.1195985440944446 0.9150829750579231
1729 -0.03227647454878631 0.1879911205888788 0.8935719663330938
1730 -0.06776682026319085 0.1657605097565 0.8979772187993265
1731 -0.06727754597901769 0.03657512701119675 0.9100874918510835
1732 -0.06771930767625202 0.08477488426468686 0.8632689812844032
1733 -0.02035900623802345 0.03669888406009528 0.8631184501574748
1734 -0.01791805090253498 0.01386109079628235 0.8981602941968091
1735 -0.0180320277471579 0.07157475738981189 0.8405054555373856
1736 -0.09011797337443185 0.07201110057357654 0.9121068110607207
1737 -0.01951610127309519 0.0529322783157208 0.8499325134765664
1738 -0.03558552812620763 0.06500137389916805 0.8487052701710274
1739 -0.07989120267601753 0.05281033062936236 0.9085234794203639
1740 -0.08165999353482081 0.06766705399959284 0.891859144042047
1741 -0.05072351367329318 0.08316209769553377 0.8500800839063672
1742 -0.02278178985849471 0.02421924322746692 0.8794690106289395
1743 -0.03914146851298234 0.0230987380877743 0.8929146725807942
1744 -0.08107905409866158 0.0854982539621391 0.8798939756761773
1745 -0.05123588170575788 0.02322708065653864 0.911999090374247
1746 -0.09043881163876537 0.08707537730312022 0.8986704509705371
1747 -0.03206942837647625 0.01357488783305355 0.9135171559644881
1748 -0.03171917517710134 0.08692474447499218 0.8400838656067688
1749 -0.07121648882003816 0.06753655726090385 0.8750159942089579
1750 -0.06729322999153428 0.04880049383720366 0.8868069421360363
1751 -0.05528218555757387 0.05989162972378554 0.8635792611970354
1752 -0.04419284315498685 0.03756295914767885 0.8746578615387404
1753 -0.05564657748290815 0.03262900542097469 0.8944749927065783
1754 -0.03643673602094095 0.04860506449907508 0.8591879405186261
1755 -0.09483430150012331 0.08844112260745018 0.9148623759037566
1756 -0.01552627831947349 0.08854628310640811 0.8356732189076084
1757 -0.01568901115147034 0.009075232475635436 0.9150829758135099
1758 0.02081468453960931 0.0375200472453565 0.8624474478506523
1759 0.06694086617387246 0.03621504050790803 0.9101715550850286
1760 0.06754252036899468 0.08506868795381595 0.8630088668068496
1761 0.08899805363365174 0.0825167546073758 0.8973752358672797
1762 0.0277065012464597 0.01382817251637479 0.9061247690415638
1763 0.03305363231525468 0.08479277114156031 0.8409915279974324
1764 0.02376325592867557 0.02272758700072326 0.8823459856762721
1765 0.04170123134800319 0.03650156019389468 0.8740170262908852
1766 0.0462440297495272 0.02586211109642095 0.8952094705866416
1767 0.03765855394711531 0.05227886775816767 0.8571002522858743
1768 0.05758344247513691 0.05588197249330216 0.8684509678474794
1769 0.06168618195414932 0.04229096273430434 0.8872278576213313
1770 0.07858837005855854 0.05578765548220024 0.8991330091964507
1771 0.0486655109836572 0.07109031658190498 0.8528755955179417
1772 0.07464501207020167 0.06775260086774598 0.8795635460202877
1773 0.01863782934646274 0.05451434044890182 0.848748527968497
1774 0.08090605477678875 0.08727905403109394 0.8790091809467739
1775 0.01696120249111727 0.0718932344067902 0.8401841598291263
1776 0.08945875711643363 0.06895603970860983 0.9146031716371439
1777 0.05017981565573654 0.02208467649330628 0.9142529098904365
1778 0.05091236555089809 0.08978850500501122 0.8487743171787138
1779 0.08150473523495358 0.05246664976020524 0.9167829682022375
1780 0.09483430149509167 0.08822052257897517 0.9150829759074414
1781 0.01536325070757727 0.08838325573055078 0.8356732188693016
1782 0.03165263501854047 0.06667365134089744 0.8463459161926504
1783 0.09642778186580496 0.125925699891457 0.9305502683325675
1784 0.09793662248247793 0.1262772367713308 0.9305491497651348
1785 0.09896032928085036 0.1265157448614688 0.9305483908479421
1786 0.09998403607922277 0.1267542529516069 0.9305476319307492
1787 0.1006408568297987 0.1269072821812964 0.9305471450017174
1788 0.08911300887270264 0.1468269303586842 0.9305498904138237
1789 0.09050772603282664 0.1475014236791932 0.9305483939276473
1790 0.09145400320938747 0.1479590488186757 0.9305473786029964
1791 0.0924002803859483 0.1484166739581583 0.9305463632783455
1792 0.09300742149935085 0.1487102909274655 0.9305457118356665
1793 0.07733080253776445 0.1655778282732294 0.9305494577720628
1794 0.07854252435124903 0.1665431810381903 0.9305475286441255
1795 0.07936464422560363 0.1671981462991979 0.9305462197839566
1796 0.08018676409995823 0.1678531115602054 0.9305449109237878
1797 0.08071424461859454 0.1682733439695439 0.9305440711457186
1798 0.06166790365957592 0.1812406369347376 0.930545942231106
1799 0.06263286609070852 0.1824526589220423 0.9305404975622119
1800 0.06328756652096509 0.1832749824560657 0.9305368035043371
1801 0.06394226695122168 0.1840973059900891 0.9305331094464624
1802 0.06436232944244202 0.1846249171788516 0.9305307393011534
1803 0.04291889369261034 0.1930218185310973 0.9305510860452081
1804 0.0435948845765163 0.1944158112391087 0.930550785190416
1805 0.04405352577151422 0.1953615968948657 0.9305505810687266
1806 0.04451216696651215 0.1963073825506227 0.930550376947037
1807 0.04480643584742858 0.1969142082992511 0.9305502459804736
1808 0.02201625953212769 0.200337294245581 0.9305521909973792
1809 0.02236789019263455 0.2018461132100846 0.9305529950947583
1810 0.02260646191034903 0.2028698053180564 0.9305535406526816
1811 0.02284503362806351 0.2038934974260282 0.930554086210605
1812 0.0229981036818568 0.2045503087510929 0.9305544362461476
1813 -1.125331187557193e-06 0.2003383951641941 0.9525628876730866
1814 -2.250662375114386e-06 0.2018483150575425 0.9529097595297241
1815 -3.014168589351246e-06 0.2028727541154111 0.9531451025300914
1816 -3.777674803588105e-06 0.2038971931732798 0.9533804455304588
1817 -4.267548198491573e-06 0.2045544837490369 0.9535314440061843
1818 -3.133820307121925e-06 0.1930202054118399 0.973473589863517
1819 -6.267640614243849e-06 0.1944125851299839 0.9741528897496483
1820 -8.39385137356989e-06 0.1953572764165447 0.9746137760115118
1821 -1.052006213289593e-05 0.1963019677031054 0.9750746622733754
1822 -1.188426069936392e-05 0.1969080912932661 0.9753703716121515
1823 -6.956663873668694e-07 0.1812412741683854 0.9922185047532847
1824 -1.391332774733739e-06 0.1824539336135676 0.9931826810969507
1825 -1.86332325688086e-06 0.1832766896452026 0.9938368481885135
1826 -2.33531373902798e-06 0.1840994456768376 0.9944910152800763
1827 -2.63814765909324e-06 0.1846273343604906 0.9949107355757366
1828 2.466112404340785e-06 0.1655782339286408 1.007881865175689
1829 4.93222480868157e-06 0.1665439926247147 1.009093262507234
1830 6.605414147553509e-06 0.1671992332988014 1.00991516222953
1831 8.278603486425447e-06 0.167854473972888 1.010737061951826
1832 9.35213887679387e-06 0.1682748830900744 1.01126440121865
1833 -1.02204037160502e-07 0.1468300332845653 1.0196628917149
1834 -2.044080743210039e-07 0.147507629799666 1.021056104687817
1835 -2.737506983902158e-07 0.1479673603712034 1.02200136131479
1836 -3.430933224594276e-07 0.1484270909427409 1.022946617941763
1837 -3.8758425918121e-07 0.1487220587787854 1.023553104260113
1838 8.152971114729179e-07 0.1259217596705764 1.026980081550458
1839 1.630594222945836e-06 0.1262693564557754 1.028489834922978
1840 2.183750856247886e-06 0.1265051913002039 1.029514161001052
1841 2.736907489549936e-06 0.1267410261446324 1.030538487079125
1842 3.091818442226195e-06 0.1268923401925373 1.031195705165891
1843 0.09642756770142166 0.1039034307474433 0.9525684196735785
1844 0.09793619412658208 0.1038973274948865 0.9529208235544346
1845 0.09895975560191297 0.1038931866061369 0.9531599198808582
1846 0.09998331707724388 0.1038890457173873 0.953399016207282
1847 0.1006400445870703 0.1038863888808195 0.9535524228553878
1848 0.08911586892273475 0.1039161029881717 0.9734628063744679
1849 0.090513446137133 0.1039226719763434 0.9741313228019518
1850 0.09146166378174055 0.1039271288538794 0.9745848927841464
1851 0.09240988142634809 0.1039315857314154 0.975038462766341
1852 0.09301826756389324 0.1039344453096199 0.975329477905263
1853 0.07732670259567151 0.1039278400775027 0.9922246344107873
1854 0.0785343244469759 0.1039461461550054 0.9931949404384947
1855 0.07935366260992206 0.1039585663243619 0.9938532663518413
1856 0.08017300077286822 0.1039709864937184 0.9945115922651879
1857 0.08069869651701822 0.10397895540139 0.9949339809034341
1858 0.06166721716614011 0.1039225890803315 1.007882978019052
1859 0.06263149306566454 0.103935644160663 1.009095488221112
1860 0.06328572770313505 0.1039445016730742 1.0099181429954
1861 0.06393996234060556 0.1039533591854853 1.010740797769687
1862 0.06435972597441103 0.103959042256028 1.011268621485591
1863 0.04292065263582912 0.1039158820092705 1.019662802662304
1864 0.04359840247855949 0.1039222300185409 1.021055926594007
1865 0.0440582370786704 0.1039265369679791 1.022001122808969
1866 0.04451807167878132 0.1039308439174173 1.022946319023931
1867 0.04481310626062236 0.1039336073002211 1.023552766581317
1868 0.02201734768580401 0.1039086449082822 1.026978893089657
1869 0.02237006649200937 0.1039077558165645 1.028487458000058
1870 0.02260937648660801 0.1039071525923235 1.029510977739318
1871 0.02284868648120666 0.1039065493680824 1.030534497478579
1872 0.02300223022099867 0.1039061623332406 1.031191198210116
1873 0.07217078310736158 0.1259386783897979 1.001988655221263
1874 0.0201176462190163 0.1902530145462466 0.9847476881203197
1875 0.07251065371015243 0.1755297529375742 0.950797465677048
1876 0.02014026624988493 0.1581659857332195 1.016851866682631
1877 0.0963052771862165 0.137858679872635 0.9497842644528556
1878 0.03412666734879986 0.2000758020947762 0.9501602216477606
1879 0.03422014659159058 0.1234984837842561 1.026688744158516
1880 0.05385866674432645 0.1271938544860708 1.01630827798561
1881 0.05898119701746024 0.1472442954346023 1.004310765938058
1882 0.0760933001063699 0.1460778526232136 0.9873735104126059
1883 0.05812493968439243 0.1695932718583216 0.9862673622259792
1884 0.04144897467211885 0.1649857271633323 1.003686942794272
1885 0.020338894829784 0.1766676576134237 1.001893751672229
1886 0.08659135286446569 0.157601549248095 0.9509546248245503
1887 0.05501185430957598 0.1896265360891333 0.9511293769052219
1888 0.0423397672057914 0.189412380834303 0.9717070314987822
1889 0.08638764820525331 0.1244958071833684 0.9845010724875612
1890 0.06221354124319342 0.1787140791134272 0.9670324493965242
1891 0.0965603574943469 0.1219548412410398 0.964427314811116
1892 0.01741767211049025 0.2005704091778788 0.9644673580141974
1893 0.0181080239158416 0.1382270575141005 1.026944005561535
1894 0.07590698416028234 0.1630163989565309 0.9698150903311894
1895 0.03947185834339286 0.144344661658638 1.017753119568216
1896 0.03743348414411699 0.179790574950185 0.9908666115135277
1897 0.08812539910125251 0.1432928443337135 0.9690228423295575
1898 0.01648814734154126 0.2051341670748529 0.9472507135041233
1899 0.1012712803400521 0.1202806144201989 0.9470823197563671
1900 0.01637653051936055 0.120445758939921 1.031820971702426
1901 -0.02201876375326808 0.2003367030921631 0.9305472888930464
1902 -0.02237289850521356 0.2018449309328524 0.9305431908860928
1903 -0.02261316917999557 0.2028682219795983 0.9305404105012517
1904 -0.02285343985477758 0.2038915130263443 0.9305376301164106
1905 -0.02300759997679945 0.2045480670264251 0.9305358461930635
1906 -0.04290811110237356 0.1930269785749043 0.9305583822364224
1907 -0.04357331916272245 0.1944261314390838 0.9305653775728446
1908 -0.04402464450894281 0.1953754181186677 0.9305701237159252
1909 -0.04447596985516317 0.1963247047982516 0.9305748698590057
1910 -0.04476554481268979 0.1969337768395699 0.9305779150329417
1911 -0.06167307164332521 0.1812364338460172 0.9305655264225258
1912 -0.0626432017603186 0.1824442529821596 0.9305796659450515
1913 -0.06330140832309114 0.1832637249974342 0.9305892592216211
1914 -0.0639596148858637 0.1840831970127089 0.9305988524981907
1915 -0.06438192694756109 0.1846089786378817 0.9306050076425416
1916 -0.07733079978583346 0.1655778263841628 0.9305551336977859
1917 -0.07854251860332707 0.1665431775660985 0.9305588804955717
1918 -0.07936463644498432 0.1671981417530672 0.9305614225946662
1919 -0.08018675428664157 0.1678531059400358 0.9305639646937607
1920 -0.08071423350107847 0.1682733376602599 0.9305655957305361
1921 -0.08911288855168213 0.146827179567952 0.9305526553497971
1922 -0.09050748527312723 0.1475019223420491 0.9305539237995942
1923 -0.09145368073536181 0.1479597167289201 0.930554784407843
1924 -0.0923998761975964 0.1484175111157912 0.9305556450160917
1925 -0.09300696488225159 0.1487112366759536 0.9305561971911449
1926 -0.0964272999700049 0.1259277545170134 0.9305488472718058
1927 -0.09793565866186006 0.1262813461495788 0.9305463076436113
1928 -0.09895903848751787 0.1265212483328212 0.930544584575834
1929 -0.0999824183131757 0.1267611505160637 0.9305428615080565
1930 -0.1006390292747142 0.1269150742101455 0.9305417559701499
1931 -0.02201351805738333 0.1039130434648054 1.026979779557059
1932 -0.02236240711588954 0.1039165529296109 1.028489230962086
1933 -0.02259911873216224 0.1039189340048154 1.029513352163533
1934 -0.02283583034843494 0.1039213150800199 1.03053747336498
1935 -0.02298770694212121 0.1039228428022208 1.031194560000806
1936 -0.04291946262569788 0.1039147552821944 1.019663385647273
1937 -0.04359602219586087 0.1039199765643888 1.021057092690328
1938 -0.0440550492288201 0.1039235190605408 1.02200268453028
1939 -0.04451407626177933 0.1039270615566929 1.022948276370232
1940 -0.04480859270027743 0.1039293344584507 1.023554977764658
1941 -0.06166913545431546 0.1039148495551526 1.007881508680172
1942 -0.06263532947923113 0.1039201651103051 1.009092549673168
1943 -0.06329086551194608 0.1039237715680626 1.009914207629574
1944 -0.06394640154466102 0.1039273780258201 1.01073586558598
1945 -0.06436700016696378 0.103929691965998 1.011263049733337
1946 -0.07733066039764337 0.1039121928687538 0.99221985782858
1947 -0.07854223986283143 0.1039148517375075 0.9931853875099353
1948 -0.07936426315778773 0.1039166557067201 0.9938404728038436
1949 -0.08018628645274405 0.1039184596759327 0.9944955580977517
1950 -0.08071370500505075 0.1039196171210275 0.9949158675214267
1951 -0.08911044645164932 0.1039091394063814 0.9734740578819016
1952 -0.09050260105959596 0.1039087448127629 0.97415382609791
1953 -0.09144713961508827 0.1039084770918615 0.9746150301086953
1954 -0.0923916781705806 0.1039082093709601 0.9750762341194807
1955 -0.0929977037669259 0.103908037598492 0.9753721473292145
1956 -0.09642823108165501 0.1039084919762743 0.952565619329105
1957 -0.09793752087598832 0.1039074499525486 0.952915222913947
1958 -0.09896153242903097 0.1039067429681526 0.9531524193166574
1959 -0.0999855439820736 0.1039060359837565 0.9533896157193679
1960 -0.1006425602663625 0.1039055823753382 0.9535418033569901
1961 -0.07144328192168692 0.1252269456357247 1.002929660630245
1962 -0.02115674860345058 0.1899749498889076 0.9847945603516471
1963 -0.0719776572815812 0.1760428334567806 0.9508784021972556
1964 -0.02011102766564723 0.1581567875386544 1.016864603569368
1965 -0.09627345802738851 0.1378754469165389 0.9499133812363943
1966 -0.03426152672162325 0.2000205935850141 0.9501972998709909
1967 -0.03348759021943282 0.1234096460893864 1.026964395178905
1968 -0.08631748973392678 0.1251780214752651 0.9843484162646128
1969 -0.07404755666135271 0.1463861354444128 0.9897956920016192
1970 -0.05699870231048497 0.1447879775592375 1.007214675871306
1971 -0.05922617399051795 0.1645067676815286 0.9906964179116592
1972 -0.01940501875562163 0.1763980204522218 1.002426576619607
1973 -0.05444611617518172 0.1902254545788187 0.950105538928364
1974 -0.03963017493268537 0.1915273959458204 0.969918219661245
1975 -0.08604830085457268 0.1584084142672897 0.9511123407085816
1976 -0.07479902451791504 0.1633485365263478 0.9714084394734842
1977 -0.05276982749047136 0.1252156425798188 1.01749137743039
1978 -0.08800229402533505 0.1431979692997432 0.9693995355934654
1979 -0.01806942034302206 0.2004413182711348 0.9644956690179214
1980 -0.01776027399663222 0.1378587950830272 1.027138855979945
1981 -0.09654947323154195 0.1219732652280118 0.9644488143263249
1982 -0.04010740713933769 0.161991047288444 1.006808245097471
1983 -0.03945093049805109 0.1790443282463721 0.9905143060786235
1984 -0.0380738748997292 0.1430171009695665 1.018971771062602
1985 -0.05790916832555642 0.1797883877729669 0.9716136962610187
1986 -0.01637698971459018 0.2051798870447819 0.9470822747676493
1987 -0.01647765500051694 0.120608646983765 1.031777719215669
1988 -0.1015032880696929 0.1195370679632146 0.9463640996394854
1989 -0.09642766391239613 0.08189286051000369 0.930551172174249
1990 -0.09793638657430274 0.08154081602564292 0.9305509574484978
1991 -0.09896001334361516 0.08130196353984208 0.9305508117629901
1992 -0.09998364011292757 0.08106311105404124 0.9305506660774825
1993 -0.1006404095160402 0.08090986085657252 0.930550572604171
1994 -0.08911179589800422 0.06098968468903148 0.9305430643623671
1995 -0.09050530008562871 0.06031273842080412 0.9305347418247341
1996 -0.09145075429375915 0.05985344902385956 0.9305290952121891
1997 -0.09239620850188959 0.05939415962691501 0.930523448599644
1998 -0.09300282159033126 0.05909947485300092 0.9305198256752911
1999 -0.07733099450474669 0.04224152741608734 0.9305417006173856
2000 -0.07854290829721979 0.04127646235549859 0.9305320143347712
2001 -0.07936515842403015 0.04062169229398287 0.9305254424588196
2002 -0.08018740855084051 0.03996692223246714 0.9305188705828681
2003 -0.08071497264078444 0.03954681506511885 0.9305146540000516
2004 -0.06167088825355373 0.02658080158089715 0.9305502426945087
2005 -0.06263883529196396 0.02537115011983358 0.9305490984890175
2006 -0.06329556069604933 0.02455043492257011 0.930548322177108
2007 -0.06395228610013469 0.02372971972530664 0.9305475458651986
2008 -0.06437364783527161 0.02320314046185667 0.9305470477755386
2009 -0.04291879010854501 0.01479720369468906 0.9305549229327901
2010 -0.04359467741811053 0.0134031652171473 0.93055845896558
2011 -0.04405324834077137 0.01245734850802465 0.9305608580664303
2012 -0.04451181926343219 0.01151153179890201 0.9305632571672805
2013 -0.04480604305689851 0.01090468612611669 0.9305647964549201
2014 -0.02201583894192631 0.00748167621706666 0.9305527698437963
2015 -0.02236704901488821 0.005972759715817131 0.9305541527875927
2016 -0.02260533537553824 0.004949001431849723 0.9305550910768662
2017 -0.02284362173618828 0.003925243147882317 0.9305560293661397
2018 -0.02299650870197087 0.003268389363622114 0.9305566313821328
2019 2.680160629212653e-06 0.08189204945113431 1.026978858964894
2020 5.360321258425306e-06 0.08153919390968968 1.028487389779706
2021 7.178736422052711e-06 0.08129979114399746 1.029510886386049
2022 8.997151585680113e-06 0.08106038837830526 1.030534382992392
2023 1.016386535033554e-05 0.08090678511563092 1.031191068881612
2024 9.890767538074256e-06 0.060987327339409 1.019662024904681
2025 1.978153507614851e-05 0.06030802372923317 1.021054371202678
2026 2.649214841592863e-05 0.05984713494070804 1.02199903981459
2027 3.320276175570875e-05 0.0593862461521829 1.022943708426501
2028 3.75083598993052e-05 0.05909053519227484 1.023549817468375
2029 7.539991221837863e-06 0.04224275063838644 1.007883369708729
2030 1.507998244367573e-05 0.04127890870261848 1.009096271727449
2031 2.019565880350469e-05 0.04062496849760348 1.009919192338548
2032 2.531133516333365e-05 0.03997102829258849 1.010742112949646
2033 2.859360543027791e-05 0.03955145356965743 1.011270107229166
2034 -6.817986164579763e-06 0.0265813972250631 0.9922229957478371
2035 -1.363597232915953e-05 0.02537234138045572 0.9931916633457839
2036 -1.826178814480182e-05 0.02455203029255192 0.9938488776296674
2037 -2.28876039604441e-05 0.02373171920464811 0.994506091913551
2038 -2.585557469277379e-05 0.02320539922189584 0.9949277673189659
2039 1.433913691398912e-05 0.01479237038945277 0.9734599709745323
2040 2.867827382797823e-05 0.01339349862162205 0.9741256522811238
2041 3.840698326185538e-05 0.01244440265816819 0.9745772987118844
2042 4.813569269573253e-05 0.01149530669471434 0.975028945142645
2043 5.437773215727948e-05 0.01088635701881546 0.9753187261112962
2044 4.505291618989327e-05 0.007480881390389424 0.9525608655575479
2045 9.010583237978654e-05 0.005971170067847641 0.9529057153697249
2046 0.0001206729950611529 0.004946872519526279 0.9531396864686217
2047 0.0001512401577425193 0.003922574971204918 0.9533736575675184
2048 0.0001708523619080799 0.003265375189420536 0.9535237758172309
2049 -0.07213326399700387 0.03193218257490114 0.9508795900887772
2050 -0.05390348827489231 0.08417534683680966 1.017166410905048
2051 -0.02132363657371469 0.03246498013587391 1.002926549693026
2052 -0.08603526079667202 0.08279519224303586 0.9848589060523988
2053 -0.03396595676331356 0.007636136507859873 0.9499136037654924
2054 -0.01950113007616481 0.07041672868000037 1.026962328900957
2055 -0.09611094689578303 0.0696479169971656 0.9501976892007898
2056 -0.02126842788672147 0.01759202420378728 0.9843484079138858
2057 -0.04248091273126539 0.02987074021008924 0.9898035543688897
2058 -0.04067297067729896 0.04761074289186114 1.007838493932634
2059 -0.06068523604714504 0.04519270607906918 0.9911057106477504
2060 -0.08631557110988294 0.04946316900458938 0.950106371471608
2061 -0.08760095238594495 0.06427191805620493 0.9699483418918
2062 -0.0717242999471568 0.08337893352207748 1.002879182991467
2063 -0.05449913751170236 0.01786162592255244 0.9511132982756562
2064 -0.05946140970517864 0.02917307002888177 0.9714902160158175
2065 -0.02081468971166801 0.05077017213661674 1.017385365662985
2066 -0.03930081330937998 0.0159192583311485 0.9694142402395153
2067 -0.03392962161207551 0.08616696737937232 1.027149099923734
2068 -0.0965306825813083 0.08584109352967029 0.9644993014223104
2069 -0.01806506022006311 0.007360702102014017 0.9644499314105516
2070 -0.07498356286330278 0.06439084749066877 0.9906588346797962
2071 -0.05805170673401511 0.06362958317015177 1.006740034233996
2072 -0.03923833373506232 0.06647785804459973 1.019187777304658
2073 -0.07586822919045749 0.04605044222154159 0.9717038127270254
2074 -0.01669892588651685 0.08743184136891534 1.031777742834802
2075 -0.01562776936953851 0.002406330973910536 0.9463644131023433
2076 -0.1012703458470092 0.08753253615392458 0.947082312441998
2077 0.02200748781511627 0.007479763790807848 0.930556196262324
2078 0.02235034663279499 0.005968934833976352 0.9305610056246478
2079 0.02258296689676532 0.004943879001573934 0.9305642686445139
2080 0.02281558716073567 0.003918823169171515 0.9305675316643799
2081 0.02296483870094531 0.003261136864566282 0.9305696252512945
2082 0.04289695088106586 0.01478694195518928 0.9305698647767334
2083 0.04355099872843749 0.01338264162511507 0.9305883426534667
2084 0.04399475217755364 0.01242986253170526 0.930600879383869
2085 0.0444385056266698 0.01147708343829545 0.9306134161142714
2086 0.04472322237758181 0.010865770628552 0.930621459808702
2087 0.06166896720217409 0.02657938542238928 0.9305683706856268
2088 0.06263499288584992 0.02536831756090051 0.9305853544712537
2089 0.06329041470367049 0.02454664137496238 0.930596877501994
2090 0.06394583652149105 0.02372496518902426 0.9306084005327344
2091 0.06436636186234959 0.02319776934541325 0.9306157938270955
2092 0.0773229656019267 0.04223151271277133 0.9305591362815938
2093 0.07852685024725012 0.04125643264248684 0.9305668856631876
2094 0.07934365281887711 0.04059486767274954 0.9305721434051473
2095 0.08016045539050408 0.03993330270301224 0.9305774011471069
2096 0.08068452427333397 0.03950883585306216 0.9305807745681155
2097 0.08911479527545638 0.06099595766967101 0.9305638195415818
2098 0.09051129872246415 0.06032528413691065 0.9305762521831638
2099 0.0914587878454735 0.059870250618202 0.9305846873880279
2100 0.09240627696848285 0.05941521709949336 0.9305931225928921
2101 0.09301419567912048 0.05912326294057734 0.9305985347065939
2102 0.09642835725451794 0.08189585560862762 0.9305486873522967
2103 0.09793777322914576 0.08154680609407836 0.9305459878045932
2104 0.09896187039204268 0.0813099856128001 0.9305441562358338
2105 0.09998596755493959 0.08107316513152187 0.9305423246670743
2106 0.1006430387673865 0.08092121868893475 0.930541149513828
2107 0.07424755603450951 0.08573812030288155 1.000938085644297
2108 0.07237473618920635 0.0325808550370363 0.9522598612280098
2109 0.02144200245203835 0.02987169169992799 1.000234973577966
2110 0.02606290984985804 0.007457545424172623 0.959097328205253
2111 0.02034190964231274 0.06862355782761945 1.026144975529929
2112 0.09548223680615817 0.08336843936028387 0.966024979286062
2113 0.0506017835669982 0.01663977985193869 0.9554636863865612
2114 0.06039796897602932 0.03191558196110062 0.9748925025513537
2115 0.03823738632745836 0.02078451968556934 0.9797985323999254
2116 0.07799668129795594 0.04837190071595897 0.9709149673399897
2117 0.06498210777630586 0.05050480799626592 0.9915630706303424
2118 0.04404891607349433 0.03738062597649634 0.9971153635005097
2119 0.04542760318543636 0.05988162551485361 1.012983565775667
2120 0.05619368008239792 0.08432504585125519 1.015732665346079
2121 0.08193134760920366 0.06971160842513541 0.9845411765665866
2122 0.02434260765987098 0.04767537282690778 1.014470054278386
2123 0.08727592816243369 0.0509893720283708 0.9500318465268737
2124 0.03584997925843005 0.08437220111383488 1.026103025894065
2125 0.09657680472912163 0.07019731616936921 0.9488155118145153
2126 0.01872225456288092 0.01672186283974923 0.9838889547119322
2127 0.08728193518606185 0.08879972561976614 0.9848719349321119
2128 0.01656063425304212 0.08751891087404878 1.031814815318862
2129 0.1013560002437344 0.08771806466349041 0.9467368926074331
2130 0.08946149499883964 0.06370814281345777 0.9648678413428859
2131 0.06577726291519401 0.06904160645053599 1.00304052562302
2132 0.02201776049892108 0.1039068098434834 0.8341239794872184
2133 0.02237089200734334 0.1039040856869668 0.8326155133283811
2134 0.02261048200902855 0.1039022374218054 0.8315920605893361
2135 0.02285007201071375 0.103900389156644 0.830568607850291
2136 0.02300379540591593 0.1038992032908155 0.8299119501067775
2137 0.04291047727376607 0.1039194209083845 0.8414350872029381
2138 0.04357805151239239 0.1039293078167689 0.8400370792199168
2139 0.04403098224539913 0.1039360158117793 0.8390885693106636
2140 0.04448391297840588 0.1039427238067897 0.8381400594014105
2141 0.04477451796851182 0.1039470277249863 0.8375314857438799
2142 0.06167361493908082 0.1039207630389549 0.8532248930586833
2143 0.06264428835919622 0.1039319920779099 0.8520174799331161
2144 0.06330286353817213 0.1039396106715442 0.8511982833848333
2145 0.06396143871714804 0.1039472292651785 0.8503790868365505
2146 0.06438398728677108 0.1039521174327643 0.8498534819538167
2147 0.07732678591829437 0.1039157236167824 0.8688780901556089
2148 0.07853449087279736 0.1039219132335648 0.8679077346191484
2149 0.07935388541897474 0.1039261127180626 0.8672493751154764
2150 0.08017327996515212 0.1039303122025605 0.8665910156118045
2151 0.08069901188535988 0.1039330066347595 0.866168605421662
2152 0.08911585642142802 0.1039039820622737 0.8876399320704832
2153 0.09051342104893367 0.1038984301245473 0.8869713801102296
2154 0.09146163015368129 0.1038946632877246 0.8865177860200293
2155 0.09240983925842891 0.1038908964509018 0.8860641919298291
2156 0.09301821991671258 0.1038884796098755 0.8857731613229641
2157 0.0964272158350685 0.1038982166916718 0.9085329795339377
2158 0.09793549037932112 0.1038868993833436 0.9081792009968296
2159 0.0989588131131484 0.1038792209013709 0.9079391720040031
2160 0.09998213584697568 0.1038715424193982 0.9076991430111765
2161 0.1006387101778119 0.1038666158268419 0.9075451379547688
2162 -4.583133464242211e-05 0.1259187969062273 0.8341227084541838
2163 -9.166266928484421e-05 0.1262634308218007 0.8326129712622766
2164 -0.0001227579674452179 0.1264972554407987 0.8315886561623033
2165 -0.0001538532656055916 0.1267310800597967 0.83056434106233
2166 -0.000173804326895359 0.1268811043265082 0.8299071300192262
2167 -2.789139905925514e-05 0.1468208592785896 0.8414357358155958
2168 -5.578279811851029e-05 0.1474892815217261 0.8400383764450809
2169 -7.470634412964324e-05 0.1479427876024352 0.8390903066015479
2170 -9.362989014077616e-05 0.1483962936831443 0.8381422367580149
2171 -0.0001057714307795139 0.1486872678222198 0.8375339454511507
2172 -6.59202892668527e-06 0.165578833141569 0.8532214020071927
2173 -1.318405785337054e-05 0.1665451907646563 0.8520104978305204
2174 -1.765656790694758e-05 0.1672008377942245 0.8511889327002217
2175 -2.212907796052463e-05 0.1678564848237926 0.8503673675699229
2176 -2.499868614816144e-05 0.1682771546628115 0.8498402429807459
2177 2.300740321856354e-07 0.1812372133189131 0.8688791833959825
2178 4.601480643712707e-07 0.1824458116686199 0.8679099210931054
2179 6.162469579686155e-07 0.1832658123588351 0.8672523033183074
2180 7.723458515659602e-07 0.1840858130490503 0.8665946855435095
2181 8.725004980132567e-07 0.1846119338774713 0.8661727512541977
2182 2.033914360922979e-06 0.193021354182274 0.8876315394764326
2183 4.067828721845958e-06 0.1944148825675436 0.8869545949157287
2184 5.447783592874859e-06 0.1953603531931098 0.8864953066772917
2185 6.827738463903759e-06 0.196305823818676 0.8860360184388548
2186 7.71313162099834e-06 0.1969124474407123 0.885741334408251
2187 -1.79746112421473e-06 0.2003382947323589 0.9085394520694944
2188 -3.59492224842946e-06 0.2018481141745256 0.9081921460706759
2189 -4.814450111303491e-06 0.2028724850790345 0.907956508516797
2190 -6.033977974177522e-06 0.2038968559835433 0.9077208709629181
2191 -6.816439522264069e-06 0.2045541028314077 0.9075696834986473
2192 0.07251784128972161 0.1753642580551063 0.9097530945801343
2193 0.02011210164366314 0.1581616181105995 0.8442414713638864
2194 0.0715828425056494 0.1251013548968735 0.8582741837650122
2195 0.02043526186598908 0.1902409122164928 0.8764544245477388
2196 0.09631182485870717 0.1374954886858333 0.9107233094682731
2197 0.03367485879734822 0.123468709637234 0.834215644120755
2198 0.03348384827762957 0.2003112031893969 0.9109891110485409
2199 0.02200220600377557 0.1759984017938437 0.8590231837044141
2200 0.0407915594435115 0.1631979866255494 0.8555973337285609
2201 0.08631168930583469 0.1234654141896063 0.8760992152029301
2202 0.07516599474316289 0.1451180111442957 0.8718221516467911
2203 0.05784685076562022 0.1448110456678886 0.854538355916016
2204 0.08680474775842291 0.1571270501721292 0.9098145488648465
2205 0.05319647890697458 0.1905243137103612 0.9089831611536223
2206 0.05849519523390057 0.1792380187718131 0.8893067429669326
2207 0.05331727386982062 0.1251262871078782 0.8439240025070156
2208 0.07555406246823039 0.1621990517043327 0.8894283324502711
2209 0.0965791182180215 0.1216303951013945 0.8965578498275374
2210 0.0173603836620396 0.2005872566796822 0.8966521724702523
2211 0.0178447525367533 0.1378822205943547 0.8339877097024839
2212 0.08817681940043758 0.14206609438444 0.8909773853164227
2213 0.03808751617784432 0.1439074355838799 0.8425360882909819
2214 0.03773789490976321 0.1922455372397559 0.8909309211192523
2215 0.04143857345913295 0.179521947655314 0.8725617629041027
2216 0.05988632804734891 0.164244001627208 0.8707971828245916
2217 0.01647996887485469 0.1206094053152979 0.8293255402440435
2218 0.01636929434813696 0.2051816648408613 0.9140240828805849
2219 0.1012259561974155 0.1203903121992238 0.9138530195541034
2220 -0.0964279702001056 0.1039153808904073 0.9085360773025704
2221 -0.09793699912675724 0.1039212277808146 0.9081853966101624
2222 -0.09896083368826329 0.1039251947349072 0.9079474694196368
2223 -0.09998466824976934 0.1039291616889997 0.9077095422291112
2224 -0.1006415709744784 0.1039317069273128 0.9075568857105534
2225 -0.08911032821892377 0.1039235853385157 0.8876286189038267
2226 -0.09050236474045868 0.1039376366770314 0.8869487539773704
2227 -0.09144682317757326 0.1039471701231792 0.8864874843512101
2228 -0.09239128161468785 0.1039567035693271 0.8860262147250496
2229 -0.09299725580626268 0.1039628203258675 0.8857302594158203
2230 -0.07733264084132994 0.1039178097128134 0.8688854382315986
2231 -0.07854620096189036 0.1039260854256269 0.8679224310758674
2232 -0.07936956807696093 0.1039317002688216 0.8672690572461139
2233 -0.08019293519203149 0.1039373151120164 0.8666156834163604
2234 -0.08072121595306583 0.1039409176528292 0.8661964720855891
2235 -0.06166376683962568 0.1039113011491499 0.8532169909901124
2236 -0.06262459246634274 0.1039130682982998 0.8520016760400463
2237 -0.06327648618874898 0.103914267260323 0.8511771183214917
2238 -0.06392837991115523 0.1039154662223463 0.8503525606029372
2239 -0.06434664158991656 0.1039162354886413 0.849823515938532
2240 -0.04291359041070855 0.1039363418641264 0.8414368003678424
2241 -0.04358427801741842 0.1039631497282527 0.8400405056610368
2242 -0.04403932108491415 0.1039813381256572 0.839093158162505
2243 -0.04449436415240988 0.1039995265230616 0.8381458106639732
2244 -0.04478632443792534 0.1040111963848364 0.8375379828210487
2245 -0.02201052999061179 0.1039558225697507 0.8341230122087218
2246 -0.02235643110507899 0.1040021111395014 0.8326135787974885
2247 -0.02259111548362221 0.1040335166590885 0.8315894698043351
2248 -0.02282579986216543 0.1040649221786756 0.8305653608111817
2249 -0.02297637575939331 0.1040850722812051 0.8299082820083212
2250 -0.07036801349882822 0.1781661559990337 0.9123447673111799
2251 -0.02169320790914522 0.1763139179163423 0.8592478387037719
2252 -0.0712022425138352 0.1245789286667824 0.8577489408953155
2253 -0.02696493561479708 0.1311918856094405 0.8339815675077126
2254 -0.09559935382127027 0.1242141504658347 0.8952596670298583
2255 -0.0362424214471454 0.1990775880217892 0.9098946432552597
2256 -0.02325293114187805 0.1570407004766632 0.8443335179351191
2257 -0.04327098738101443 0.1664257778621358 0.8597241411920326
2258 -0.05397670241823151 0.1276814565488291 0.8450030843896424
2259 -0.04012004675215677 0.1823603221862979 0.8754786104846731
2260 -0.06075681801370122 0.1692802123258006 0.8773309623596635
2261 -0.06515248046777161 0.1476537531629602 0.8624430109728725
2262 -0.08232408964368118 0.1493415340691354 0.8863263234057667
2263 -0.08514580888663957 0.160133924728344 0.9109010055500296
2264 -0.05382042826464978 0.1861299929186551 0.8967834417077987
2265 -0.08392335895297451 0.128171943545216 0.8742897634776555
2266 -0.019418623701838 0.1913029481634917 0.8778026490706765
2267 -0.01837514818003767 0.2005005973343273 0.8969405518139357
2268 -0.09553590285634973 0.1397685361017122 0.9109539393386816
2269 -0.05477037207484769 0.1909369237465503 0.9155976475277801
2270 -0.04342187058256686 0.1475833661200704 0.8468596124438164
2271 -0.01651711283295924 0.2051295162906292 0.9138523051497253
2272 -0.1012175454865985 0.1206408523007196 0.9140511187737468
2273 -0.03449753371489267 0.1936276144386184 0.8910832377675663
2274 -0.07232560367842718 0.169881365532453 0.895711611141957
2275 4.907542259801448e-05 0.007482195513357028 0.9085367453012344
2276 9.815084519602896e-05 0.005973798299872241 0.9081867326087864
2277 0.0001314471676779648 0.004950392338349765 0.9079492586378339
2278 0.0001647434901599006 0.00392698637682729 0.9077117846668815
2279 0.000186106751162733 0.003270358646250714 0.9075594189386367
2280 2.527461261921897e-05 0.01479527850414701 0.8876370482764455
2281 5.054922523843795e-05 0.01339931470452948 0.8869656127250031
2282 6.769735372769862e-05 0.01245219171741017 0.8865100621976079
2283 8.484548221695929e-05 0.01150506873029087 0.8860545116702128
2284 9.584789681769883e-05 0.0108973849361845 0.8857622257932364
2285 7.77942986665723e-06 0.02657439112601846 0.8688885955263821
2286 1.555885973331446e-05 0.02535832897032031 0.8679287456685522
2287 2.083698861847055e-05 0.02453326429332573 0.8672775139784588
2288 2.611511750362663e-05 0.02370819961633115 0.8666262822883655
2289 2.950161897211021e-05 0.02317882968220657 0.8662084453763063
2290 9.450428526167538e-07 0.04223783055557835 0.853223307064548
2291 1.890085705233508e-06 0.04126906831990861 0.8520143081922322
2292 2.531271250139015e-06 0.04061178982693674 0.851194035758459
2293 3.172456795044522e-06 0.03995451133396487 0.8503737633246858
2294 3.583847997616252e-06 0.03953279473134232 0.8498474681428191
2295 -5.422792539631631e-06 0.06099021270652791 0.8414393203238423
2296 -1.084558507926326e-05 0.06031379421106683 0.8400455455759199
2297 -1.452480045008547e-05 0.05985486289340704 0.8390999078000799
2298 -1.820401582090768e-05 0.05939593157574725 0.8381542700242398
2299 -2.056463802761386e-05 0.05910147654916409 0.8375475391568784
2300 -2.860598551770138e-06 0.08189498483469503 0.8341232315715527
2301 -5.721197103540276e-06 0.08154506455091706 0.8326140175219218
2302 -7.662034427576904e-06 0.08130765327670191 0.8315900573595735
2303 -9.60287175161353e-06 0.08107024200248675 0.8305660971972251
2304 -1.084813282631414e-05 0.08091791650110967 0.8299091138857312
2305 -0.07183363760128543 0.03207550519403574 0.9087118577273425
2306 -0.07223577454269001 0.08344510451498564 0.8587159438947014
2307 -0.02173001230819577 0.03214757116275732 0.8586125839947436
2308 -0.01914939016728835 0.007832777521764958 0.8959152598341046
2309 -0.01924614217881814 0.06936304534667059 0.834461351584323
2310 -0.09615240079728384 0.06979055932622295 0.9108610908443384
2311 -0.02078164097535556 0.04949356559989455 0.8445038303277367
2312 -0.03806023601922183 0.06243772647104772 0.8432097748049193
2313 -0.08525851844040366 0.049364419367367 0.907035341768735
2314 -0.08714868197826822 0.06519243624612989 0.88928086889083
2315 -0.05415019939983295 0.08171036243871388 0.8446905360323796
2316 -0.02430585902785594 0.01886702383216934 0.8760153318190365
2317 -0.04174379363177199 0.01765229273418781 0.8903728083836187
2318 -0.08653242004054484 0.08426477353802886 0.8764827790301871
2319 -0.05466840531021453 0.01778876807210428 0.9107583347378702
2320 -0.09649798747515813 0.08591859724790402 0.8964692729455018
2321 -0.03428655549228184 0.007528006257025859 0.912326984897697
2322 -0.03392827017386413 0.08574655910395461 0.8340316994542974
2323 -0.07596445835233109 0.06504937798580732 0.8712519988337857
2324 -0.0717867252407125 0.04508377036387763 0.8838250964527706
2325 -0.05901097790559683 0.05692222721626984 0.8590875251201877
2326 -0.04721074195118854 0.03312587129531767 0.8709026684868876
2327 -0.05940630812212649 0.02787810188337031 0.8919869658362911
2328 -0.03894244502985681 0.04486989591031063 0.8544269663970292
2329 -0.1012245453548643 0.08742374625017499 0.913849130901315
2330 -0.01653313706733929 0.08753073877525984 0.829281674353771
2331 -0.01670913936623656 0.00268673140839987 0.9140615409650061
2332 0.02221502792566671 0.0330129145850164 0.8579063323276127
2333 0.07142917932266805 0.03166403172549977 0.9087431641192346
2334 0.07205416256851226 0.08368771956709217 0.8584662962142477
2335 0.09495629624397438 0.0810153476360065 0.8951076250732436
2336 0.02948492202783917 0.007744610564946261 0.9044741842609909
2337 0.03530628763734785 0.08353092850308058 0.8349723724282574
2338 0.02532987027697114 0.0172351657277429 0.8791403711245523
2339 0.0445169732456305 0.0319641020213618 0.8702249282556505
2340 0.04934419771301363 0.02062029818151866 0.8927992231774103
2341 0.04023168551258464 0.04875509993243397 0.8522156856861155
2342 0.06149849143115917 0.05268764189146178 0.8642837649140401
2343 0.06585674796237774 0.03816693810239943 0.884313112929798
2344 0.08385317959689982 0.05257915340809557 0.8969229794283645
2345 0.05203344853103055 0.06887120022408603 0.8477152218998959
2346 0.07964208708740245 0.06526462560550553 0.8761377385275472
2347 0.01985573761500641 0.05112833403704269 0.8432759968686646
2348 0.0863489175031516 0.08611581376709795 0.8755567826440634
2349 0.01806731379612317 0.06972786336411867 0.8341026614414863
2350 0.09546969505803631 0.06662909776640377 0.9134408881647613
2351 0.05352263381657337 0.01656937860489961 0.913110984955913
2352 0.05435767728338003 0.08878458043383605 0.8432953666284912
2353 0.08695054733740253 0.04896004314445394 0.9158114862427756
2354 0.1012118600681414 0.08717375763823046 0.9140209182741096
2355 0.01639504275548267 0.08737481001250867 0.829284527374636
2356 0.03382559450165498 0.06417954756126643 0.84069307354213
2357 -0.07537087099358886 0.03412277945830455 0
2358 0.07553365548882782 0.1352678663427621 0
2359 0.07620682567423148 0.03326557648239812 0
2360 -0.07697919170010444 0.1331120473113694 0
2361 0.1152831987302548 0.05141487597619333 0
2362 -0.1153124577710619 0.1151967706323216 0
2363 0.03697028487215108 0.1456865342681236 0
2364 -0.03682009310616242 0.02370155418756097 0
2365 0.03446120705112078 0.02347663212866154 0
2366 -0.03560967793713431 0.1422841903027449 0
2367 0.1144274068958188 0.1155413137467222 0
2368 -0.1137956135592477 0.05217934123197265 0
2369 -0.008475633741015065 0.1455310862425589 0
2370 0.00795309437298009 0.0187147251911007 0
2371 0.1358019044461767 0.08712859906561406 0
2372 -0.1349929808541037 0.07927225084845285 0
2373 -0.1304314828291048 0.0979171443812336 0
2374 0.1311534978171668 0.06820630719515675 0
2375 -0.01994950825151832 0.1456489437090428 0
2376 -0.01440820361234133 0.1361234415106859 0
2377 -0.004231806668197753 0.1348389073778531 0
2378 -0.01039115321562254 0.1268918615179028 0
2379 -0.0005215198131087481 0.1253530354488734 0
2380 -0.006760333814875771 0.1175672841579086 0
2381 -0.01653658489689554 0.1189990752224423 0
2382 0.00312521130883436 0.1160477475016447 0
2383 0.009378620999110906 0.1238020380098174 0
2384 0.01300939214801036 0.1145184004442718 0
2385 -0.0129924150656607 0.1097527243099454 0
2386 -0.02287336363204245 0.1112632388164749 0
2387 -0.01925449810889963 0.1019579707448316 0
2388 -0.02914118634693556 0.1034717342748201 0
2389 -0.02551083966273766 0.09415718927718726 0
2390 -0.03539656937695165 0.09566994218297747 0
2391 -0.03176414832900853 0.08635368332645067 0
2392 -0.04164937507039358 0.08786598178925073 0
2393 -0.0380165245798099 0.07854936086301957 0
2394 -0.0479015959172656 0.08006152322908311 0
2395 -0.05153458418280482 0.08937826179479122 0
2396 -0.0577866641921448 0.08157368259244904 0
2397 -0.06141964014042972 0.0908904105259081 0
2398 -0.06767168455837511 0.0830858008009875 0
2399 -0.04426864795596729 0.07074481927520626 0
2400 -0.03438363850307952 0.06923271042372443 0
2401 -0.07130466258994464 0.09240253051785917 0
2402 -0.07755669981820627 0.08459791462593792 0
2403 -0.05516760387941434 0.09869502724509849 0
2404 -0.06403870545435397 0.07376907016405243 0
2405 -0.08118967860370999 0.09391464498935395 0
2406 -0.08744171474083398 0.08611002816147115 0
2407 -0.0838087358798057 0.07679329773328583 0
2408 -0.04063568974750729 0.06142810662170002 0
2409 -0.03075067858712635 0.05991599632055976 0
2410 -0.09369375051885782 0.07830541102554296 0
2411 -0.03277445528254246 0.1127887348372835 0
2412 -0.09006077171118994 0.06898868064313496 0
2413 -0.09732672933262401 0.08762214141318266 0
2414 -0.07493764281310092 0.101719262114489 0
2415 -0.08482265764258223 0.1032313755700949 0
2416 -0.1035787651195413 0.07981752428488406 0
2417 -0.02449864336922614 0.06772061393885301 0
2418 -0.02086566957424383 0.05840388787308165 0
2419 -0.03700271752449662 0.05211138190748075 0
2420 -0.04688773264202013 0.05362349561558934 0
2421 0.01927118164084052 0.1223144902445973 0
2422 0.02289427267160173 0.1129994221814667 0
2423 0.01663292819775079 0.1052035017001412 0
2424 0.02651640337326638 0.1036803088242841 0
2425 0.0327780693095753 0.1114774172844608 0
2426 0.03639971584842999 0.1021566109474617 0
2427 0.03013812152004019 0.09435973779405604 0
2428 0.04002130224808848 0.09283559247813786 0
2429 0.03375970114781139 0.08503869521082162 0
2430 0.04364285554118597 0.08351446005995096 0
2431 0.04990446851202646 0.09131139806897023 0
2432 0.05352600952201038 0.08199022353525902 0
2433 0.059787622421949 0.0897871613170237 0
2434 0.06340916137507802 0.08046597972444477 0
2435 0.06967077392040211 0.08826291629186031 0
2436 0.03738124722549165 0.07571753798670718 0
2437 0.07329231247161976 0.07894173332041184 0
2438 0.07955392489085622 0.08673866945562417 0
2439 0.05714754939493492 0.07266904509484221 0
2440 0.04266135518798951 0.1099536384948841 0
2441 0.08320991362922575 0.07764086019977798 0
2442 0.08944281745015459 0.08525165119810915 0
2443 0.08580218873760238 0.09444905407320361 0
2444 0.06604923550970455 0.0975840997336484 0
2445 0.07678697969167816 0.06920720678344114 0
2446 0.09309976311999814 0.07616004670538311 0
2447 0.09932804166312137 0.08374084764142077 0
2448 0.02749809551538208 0.07724178229453463 0
2449 0.03111963517051783 0.06792060309838735 0
2450 0.0212712825223008 0.06941690438833907 0
2451 0.02486382265269687 0.06011900999116593 0
2452 0.03386181748812327 0.05843696046201365 0
2453 0.01501643668993357 0.061614535239554 0
2454 0.01860430468044855 0.05232039230194926 0
2455 0.008726957839424777 0.05383997865725763 0
2456 0.102989874428874 0.07468093087159751 0
2457 0.09711261082505014 0.06568007023538174 0
2458 0.1092126981213835 0.08222636281163836 0
2459 -0.1072117439269126 0.08913425466703778 0
2460 0.1055825823628933 0.09149193120725382 0
2461 -0.01461829181078608 0.06621223634821756 0
2462 0.03903982425726903 0.1192748310622071 0
2463 0.04892300809049371 0.1177507144846019 0
2464 0.01233839696277211 0.04452690594348149 0
2465 0.002868631585868602 0.04634056280052583 0
2466 0.02225583750123783 0.04260270654784867 0
2467 -0.04325475502278193 0.04430676625345039 0
2468 -0.05305365085726785 0.04548728119528768 0
2469 -0.04975896692936605 0.03549188984954625 0
2470 -0.03363975116694071 0.04301095020430797 0
2471 -0.07866217158423054 0.1104375124124876 0
2472 -0.0885826278779915 0.1117179358678047 0
2473 -0.1134637797142463 0.08132963753909646 0
2474 -0.1009597081399461 0.09693887179529395 0
2475 -0.08017575711762251 0.06747656738989759 0
2476 -0.08649042545380953 0.05972212324720712 0
2477 -0.07655869079512265 0.0585920318760652 0
2478 -0.06870086558902283 0.1094241327641535 0
2479 -0.05675839557664829 0.05508034375047793 0
2480 -0.0182473880924213 0.07552585654121971 0
2481 0.005251763989582612 0.06325829468405632 0
2482 -0.1098308009081301 0.07201290715801956 0
2483 0.01568373082475299 0.1315610488568266 0
2484 -0.06302478493177577 0.04733099338834273 0
2485 -0.00940624822462466 0.1004729077562832 0
2486 -0.09632324626360318 0.06119242568535339 0
2487 0.04540967055192389 0.1269849770130044 0
2488 0.0551249930733157 0.1251664190718101 0
2489 0.05879622098265527 0.116162928496996 0
2490 0.00233148114071666 0.1435792080908443 0
2491 0.115371368087333 0.09003736212441962 0
2492 -0.09310053002785745 0.05231147359361385 0
2493 0.01777857993738949 0.07866511096044185 0
2494 0.1138111049268471 0.07187472598691504 0
2495 -0.1108608525696438 0.09824818292526495 0
2496 -0.01097855417927696 0.057037039449709 0
2497 -0.01658201996554421 0.04752500102686977 0
2498 -0.1194208750404953 0.07328875279065816 0
2499 0.02516626691427115 0.1299597133571483 0
2500 0.02139824432276574 0.1390927126742497 0
2501 0.1115317452472471 0.09898785153379261 0
2502 0.1013989519417736 0.1025638803992359 0
2503 0.1220373157173574 0.09858863997928483 0
2504 0.01593148304479729 0.0355321679183651 0
2505 -0.07339320594104293 0.118663308750211 0
2506 -0.06261521791969571 0.1172823220141036 0
2507 0.06446251318104948 0.1234223265485906 0
2508 0.06834047198811138 0.1145160205105035 0
2509 -0.02441738092332681 0.1358718804859375 0
2510 0.02316522339250019 0.02058092895409573 0
2511 0.05141679217627965 0.134236972389478 0
2512 -0.06700849779221674 0.1274212872429447 0
2513 -0.05637495969214616 0.1250009375025499 0
2514 -0.05254855699883466 0.1158163834207749 0
2515 -0.04632875932183688 0.1235989718030016 0
2516 -0.04957903663687931 0.1336424620418212 0
2517 -0.1057915059776457 0.1076013826332412 0
2518 0.02588757643704357 0.03222715240822992 0
2519 0.03689194103117448 0.03469588600616023 0
2520 0.04490314931170623 0.02733010693938101 0
2521 0.04646165120923235 0.03816115211432761 0
2522 0.05376467315649874 0.03206590272405328 0
2523 0.05530510756527941 0.04198380075856573 0
2524 0.04828040148269633 0.0481726171854544 0
2525 0.05736312124617521 0.05181720502815186 0
2526 0.04980900554009472 0.05815258651347868 0
2527 0.06589330800054201 0.04477005779315125 0
2528 0.06699793941181101 0.05493201789059311 0
2529 0.07343890922290706 0.05074464132017747 0
2530 0.06593677776036501 0.1398344415540124 0
2531 -0.1162563852341155 0.06372725241054975 0
2532 -0.007919671459031418 0.07441946621705411 0
2533 -0.01160141224655253 0.08370430112597999 0
2534 -0.1236615842001825 0.08299376976543064 0
2535 -0.04004448542449238 0.1314256176769364 0
2536 0.1246386397615561 0.05785412266745669 0
2537 -0.1243309219616629 0.1086770348182791 0
2538 -0.008758898052666234 0.02120239381650751 0
2539 -0.01982394871192699 0.02125860446135669 0
2540 -0.01374459830799327 0.03031146930088544 0
2541 -0.004597968343490027 0.03191956290970165 0
2542 -0.02266730499219953 0.0314152555204185 0
2543 -0.009495473012134825 0.03950215255220053 0
2544 -0.1264897735151465 0.06534534410122685 0
2545 0.1146731054408789 0.06173461387858576 0
2546 0.1056520388436432 0.05800480614284043 0
2547 0.1042395946952502 0.04805796334267633 0
2548 0.09615190559649002 0.05454104913133032 0
2549 0.09484759701742704 0.04455986168102528 0
2550 0.0881966033004335 0.05955505742286479 0
2551 -0.06525451322120795 0.028511461911794 0
2552 -0.1025648432962047 0.05337944639612929 0
2553 -0.09034625817700667 0.1304595951586631 0
2554 -0.100601135008259 0.1251076532683191 0
2555 -0.0933266737668802 0.03641748073681395 0
2556 0.09201209126678768 0.1291405650681158 0
2557 0.1019784446446818 0.1248478262291046 0
2558 0.0931419879976698 0.1188562046925484 0
2559 0.08419784280623813 0.1206830834193206 0
2560 0.08623538373318823 0.1118472845748694 0
2561 0.1030145284149789 0.1141392836412049 0
2562 0.00209880030411454 0.07322610485199468 0
2563 0.06632472035427397 0.02795388829888771 0
2564 0.1244088785353899 0.1096595242754819 0
2565 -0.081553572055325 0.1243959529233598 0
2566 -0.09873484393898056 0.04465254418543513 0
2567 -0.04769453753613249 0.02455272232241956 0
2568 0.07538164505197045 0.05909433326658323 0
2569 -0.06639870698199217 0.1385255706402762 0
2570 -0.06857531791425141 0.04016425037935163 0
2571 -0.07635979989770228 0.04391053092761422 0
2572 0.087177942522023 0.04905560068678953 0
2573 0.08571384862898818 0.04012582595512244 0
2574 0.004993750050685421 0.03599754189238912 0
2575 0.09560528864021424 0.09330498434930759 0
2576 0.09167047665454464 0.102450081871686 0
2577 0.1190865281715336 0.08064168004898452 0
2578 -0.09994752610394506 0.07050218759569404 0
2579 -0.1062642650233167 0.06255806157411703 0
2580 -0.09107469346880281 0.0954267584755113 0
2581 -0.116577069064131 0.09087331025748374 0
2582 0.07591585614776671 0.09595267113913025 0
2583 0.02766830070212547 0.05092242275416656 0
2584 -0.04042082155818653 0.03430659804605379 0
2585 -0.09492864071103869 0.1048294239411195 0
2586 0.06645734378924545 0.0710361650122681 0
2587 -0.09797605878581508 0.1146405315447011 0
2588 0.0418071345401216 0.06503584004387403 0
2589 0.05616608404799517 0.09910834485833206 0
2590 -0.07392372111309059 0.07528118433146005 0
2591 -0.02705426056310942 0.05037495961616505 0
2592 -0.07029339435935891 0.06603648640404965 0
2593 -0.05051831433685507 0.06293101069670799 0
2594 -0.06505516796631922 0.1001905215767036 0
2595 -0.02469520572157577 0.04075012657310045 0
2596 -0.05883383175766387 0.1079846733434188 0
2597 -0.04892111713198229 0.1064951359458897 0
2598 0.04726439858807348 0.07419329249192426 0
2599 0.02390382102520074 0.08654611636141699 0
2600 0.01399340773115534 0.08808721804925056 0
2601 -0.05415327596670231 0.07225540780876151 0
2602 -0.06040572794362717 0.06445234089507032 0
2603 -0.02813165571268132 0.07703736513087994 0
2604 -0.06660130669642425 0.0570962102090951 0
2605 -0.04528259940136267 0.09718292265287577 0
2606 0.04628291205557936 0.100632519331308 0
2607 0.05254287960334298 0.1084189048952793 0
2608 0.06236762336508753 0.1068618891300275 0
2609 -0.02181383589524226 0.0849041619825579 0
2610 0.07197371698349996 0.1051342732661936 0
2611 0.02025942536305356 0.09588088059911344 0
2612 -0.03656754101016815 0.1220456313446117 0
2613 0.01041237143072014 0.09765432417432984 0
2614 -0.03902991233303836 0.1049854572180471 0
2615 -0.04269505701306713 0.1142883857616014 0
2616 -0.01562757132805224 0.09264657649362988 0
2617 0.02909465908241587 0.120770333789221 0
2618 0.03509891630362123 0.1283179014104459 0
2619 0.00675852490624132 0.1067693616496193 0
2620 -0.02653955666753669 0.1205518921499232 0
2621 0.0597193141033546 0.06262848258520011 0
2622 -0.003129335587172506 0.1082577937544128 0
2623 0.0005066499962854017 0.09925507182184869 0
2624 0.04002096455283196 0.04455937471424341 0
2625 -0.004756572356383032 0.06471878415315904 0
2626 -0.1206877455634777 0.1000054719686541 0
2627 -0.001024785356000281 0.05560764805574485 0
2628 -0.1223253485054948 0.05646593322215053 0
2629 -0.005298290525521374 0.09177848079703746 0
2630 0.005818949327570146 0.1333175437911202 0
2631 0.1379739007833702 0.07758877465154135 0
2632 -0.1379739007961073 0.08941915114339435 0
2633 0.0116233298777172 0.0709505634102016 0
2634 0.01202368946834711 0.1409347418606318 0
2635 0.1284404103298142 0.07906584722752347 0
2636 -0.08317060935971715 0.05065625776471977 0
2637 0.08163311538380695 0.1036124613573797 0
2638 -0.04651854552768115 0.1433547817411154 0
2639 -0.05634879985800414 0.1399705180556424 0
2640 0.1250890409237429 0.08832081602780779 0
2641 -0.0591692194866873 0.03702797022206911 0
2642 0.1318561206643384 0.1023403939543493 0
2643 -0.09030209180389392 0.1205139183381519 0
2644 -0.02029703337610001 0.1279684573309722 0
2645 0.04105512888565461 0.136042021489197 0
2646 0.07453928919361391 0.1238364516722923 0
2647 -0.006448464906455292 0.04779033497979558 0
2648 0.008305492750032058 0.08092017080939529 0
2649 -0.0310674359513087 0.1295594512901341 0
2650 0.1225775377461754 0.07263778412745563 0
2651 0.06918890633047975 0.0368957356281673 0
2652 0.1087205759129319 0.1074691864355947 0
2653 -0.1153966967686984 0.1059457685955522 0
2654 -0.05625469657414475 0.028237819011687 0
2655 0.08663503276457682 0.06869420104304887 0
2656 0.0312202397581539 0.04218852473987626 0
2657 0.04788118105351318 0.1439798943049788 0
2658 0.05690186270265929 0.141489349188435 0
2659 0.004420688203984917 0.09085686069157058 0
2660 -0.1298763223080674 0.08881049629941633 0
2661 0.1068029960022934 0.06660196385084352 0
2662 0.07781997001474308 0.1132715958000932 0
2663 -0.05948949277367384 0.1329193775106968 0
2664 0.05114606606490801 0.06655877399711084 0
2665 -0.1353889928581745 0.0688678541104331 0
2666 0.1164080703186197 0.1062884136330032 0
2667 0.09461745450673957 0.1104649784860076 0
2668 0.04206777170364224 0.05427112575749633 0
2669 -0.1069188873065439 0.04536949456737432 0
2670 0.09306390673682999 0.03489157473078582 0
2671 0.08339898181806525 0.03029126475354767 0
2672 0.009107058990150973 0.1496607738331544 0
2673 0.05258813711959587 0.0225175803058002 0
2674 -0.03098807285024222 0.03288612184225341 0
2675 0.01887650151923016 0.1483085490021017 0
2676 0.02733284679389532 0.1452454514351848 0
2677 0.06906864440961193 0.06337964110761714 0
2678 0.06850375615859897 0.1308354038586937 0
2679 -0.1069487713102599 0.1185532600667517 0
2680 -0.1278311873280064 0.07361952794086685 0
2681 -0.0725668465720128 0.05108506494056481 0
2682 0.06039111584204467 0.13249748543517 0
2683 0.03117028134872652 0.1373907224390582 0
2684 -0.08404409002650173 0.04025125987765247 0
2685 -0.002248117989536399 0.03997672539917489 0
2686 0.07686260877501024 0.04401135107039011 0
2687 0.1020149968100527 0.03883995115876118 0
2688 -0.02803293891227608 0.02403517002589865 0
2689 0.01018132732674817 0.02706286399174051 0
2690 -0.02762122460115537 0.1439885532535069 0
2691 0.06138249513842968 0.03530730901883023 0
2692 0.01766822189808003 0.02741574661025525 0
2693 0.01486899927214212 0.01988682489080449 0
2694 -0.01727524944389969 0.03775739717101177 0
2695 -0.07473361687217227 0.1258981490569712 0
2696 0.0005087256596824848 0.02441495505021429 0
2697 0.132021243982697 0.09489286102919361 0
2698 -0.1031895723615742 0.03858321181648314 0
2699 0.05869125433508865 0.02668994622919066 0
2700 0.1216058190530492 0.06557776115943316 0
2701 0.08300816734541459 0.1298166505375232 0
2702 0.1080721986603151 0.1202611282043859 0
2703 0.08142500239285699 0.06340983421515332 0
2704 0.08041513830659067 0.0540004363198307 0
2705 -0.09066016138963355 0.04485725158067486 0
2706 0.03539333759670606 0.05073444917066793 0
2707 -0.08351153598592395 0.03100773461706056 0
2708 -0.1240553743979442 0.09252246886157933 0
2709 -0.0826867376667616 0.1168617695231281 0
2710 -0.04293793638154678 0.1376767629406545 0
2711 0.1474952208890968 0.09830393782833682 0
2712 0.1397754823694217 0.1113149847485243 0
2713 0.1291242015092296 0.1220978024383402 0
2714 0.1167835362311879 0.1309186306779654 0
2715 0.1034288101369415 0.1381241936993495 0
2716 0.08942999227162733 0.1439879973614526 0
2717 0.07500330506559283 0.1487065346396896 0
2718 0.06028455520066132 0.1524183475031038 0
2719 0.04536535400694858 0.1552203868774678 0
2720 0.03031192953396884 0.157179237152233 0
2721 0.01517573338505848 0.1583382704281397 0
2722 0.1496686036162738 0.09852201953776016 0
2723 0.1418351126219643 0.111724787819999 0
2724 0.1310268822031282 0.122666493299845 0
2725 0.1185043738189737 0.1316172988759068 0
2726 0.1049528621562239 0.1389290378534161 0
2727 0.0907477678521314 0.1448792462781802 0
2728 0.07610849943496495 0.1496673125032952 0
2729 0.06117286473485924 0.1534338199520588 0
2730 0.04603382500042239 0.1562771481487348 0
2731 0.03075858416903685 0.1582648626221704 0
2732 0.01539935199862445 0.1594409745728018 0
2733 0.1518419863434928 0.0987401012471813 0
2734 0.1438947428745454 0.1121345908914692 0
2735 0.1329295628970616 0.1232351841613429 0
2736 0.1202252114067907 0.1323159670738385 0
2737 0.1064769141755336 0.1397338820074705 0
2738 0.09206554343265888 0.1457704951948928 0
2739 0.07721369380435664 0.1506280903668829 0
2740 0.06206117426907277 0.1544492924009931 0
2741 0.04670229599390794 0.1573339094199783 0
2742 0.0312052388041127 0.1593504880920815 0
2743 0.01562297061219434 0.1605436787174345 0
2744 0.1540153690707201 0.0989581829566067 0
2745 0.145954373127135 0.1125443939629475 0
2746 0.1348322435910033 0.1238038750228523 0
2747 0.1219460489946153 0.133014635271785 0
2748 0.1080009661948502 0.1405387261615426 0
2749 0.09338331901319247 0.1466617441116256 0
2750 0.07831888817375349 0.1515888682304934 0
2751 0.06294948380329052 0.1554647648499524 0
2752 0.04737076698739667 0.1583906706912489 0
2753 0.03165189343919068 0.1604361135620215 0
2754 0.01584658922576529 0.161646382862098 0
2755 0.1561887517979421 0.09917626466603183 0
2756 0.1480140033797198 0.1129541970344254 0
2757 0.1367349242849406 0.1243725658843613 0
2758 0.1236668865824359 0.133713303469731 0
2759 0.1095250182141633 0.1413435703156141 0
2760 0.094701094593723 0.1475529930283579 0
2761 0.07942408254314778 0.1525496460941034 0
2762 0.06383779333750619 0.1564802372989113 0
2763 0.04803923798088386 0.159447431962519 0
2764 0.03209854807426762 0.1615217390319612 0
2765 0.01607020783933572 0.1627490870067613 0
2766 -0.01517573345169721 0.1583382704247612 0
2767 -0.03031192967712298 0.1571792371375087 0
2768 -0.04536535427432915 0.1552203868351839 0
2769 -0.06028455547365694 0.1524183474434014 0
2770 -0.07500330541134727 0.1487065345402582 0
2771 -0.08942999267142991 0.1439879972136684 0
2772 -0.1034288105961661 0.1381241934819526 0
2773 -0.1167835366067567 0.1309186304467066 0
2774 -0.1291242017392716 0.1220978022459261 0
2775 -0.1397754825005076 0.1113149845838182 0
2776 -0.1474952209182698 0.09830393775565294 0
2777 -0.01539935206562033 0.1594409745694053 0
2778 -0.03075858431308615 0.1582648626073541 0
2779 -0.0460338252690351 0.156277148106256 0
2780 -0.06117286501648561 0.1534338198904689 0
2781 -0.0761084997907305 0.1496673124009848 0
2782 -0.09074776826320155 0.144879246126231 0
2783 -0.1049528626274881 0.1389290376303198 0
2784 -0.1185043742049572 0.131617298638235 0
2785 -0.1310268824373619 0.1226664931039249 0
2786 -0.1418351127560873 0.1117247876514769 0
2787 -0.1496686036463815 0.09852201946274772 0
2788 -0.01562297067954737 0.1605436787140198 0
2789 -0.03120523894905713 0.159350488077173 0
2790 -0.0467022962637528 0.1573339093773047 0
2791 -0.06206117455932993 0.1544492923375158 0
2792 -0.07721369417013327 0.1506280902616936 0
2793 -0.0920655438549966 0.1457704950387786 0
2794 -0.1064769146588374 0.1397338817786746 0
2795 -0.1202252118031888 0.1323159668297539 0
2796 -0.1329295631354869 0.1232351839619167 0
2797 -0.1438947430117055 0.1121345907191309 0
2798 -0.1518419863745351 0.09874010116984024 0
2799 -0.01584658929347548 0.1616463828586652 0
2800 -0.03165189358503026 0.1604361135470209 0
2801 -0.04737076725847366 0.1583906706483804 0
2802 -0.06294948410217846 0.1554647647845875 0
2803 -0.07831888854954124 0.1515888681224251 0
2804 -0.09338331944679779 0.1466617439513465 0
2805 -0.1080009666901936 0.1405387259270472 0
2806 -0.1219460494014282 0.1330146350212874 0
2807 -0.1348322438336202 0.1238038748199202 0
2808 -0.1459543732673322 0.1125443937867931 0
2809 -0.154015369102697 0.09895818287693695 0
2810 -0.01607020790740307 0.1627490870033105 0
2811 -0.03209854822100235 0.1615217390168686 0
2812 -0.04803923825319299 0.1594474319194556 0
2813 -0.06383779364502493 0.1564802372316589 0
2814 -0.07942408292894662 0.1525496459831561 0
2815 -0.09470109503859589 0.1475529928639138 0
2816 -0.1095250187215463 0.1413435700754191 0
2817 -0.1236668869996636 0.1337133032128205 0
2818 -0.1367349245317491 0.1243725656779231 0
2819 -0.1480140035229542 0.112954196854455 0
2820 -0.1561887518308537 0.09917626458403347 0
2821 -0.1474952208902985 0.06870398797465824 0
2822 -0.1397754823773744 0.05569294106146958 0
2823 -0.129124201522389 0.04491012337266867 0
2824 -0.1167835362476433 0.03608929513216928 0
2825 -0.1034288101629257 0.02888373211295407 0
2826 -0.08942999230062242 0.0230199284492681 0
2827 -0.07500330510099816 0.01830139117049539 0
2828 -0.06028455523771945 0.01458957830500403 0
2829 -0.04536535410610425 0.01178753893821657 0
2830 -0.03031192953466259 0.009828688647842414 0
2831 -0.01517573338401685 0.008669655371811819 0
2832 -0.1496686036176323 0.06848590626562787 0
2833 -0.1418351126301096 0.05528313799023994 0
2834 -0.1310268822161192 0.04434143251102692 0
2835 -0.1185043738394364 0.0353906269367002 0
2836 -0.1049528621861623 0.02807888796076479 0
2837 -0.09074776788652592 0.02212867953454262 0
2838 -0.07610849947691031 0.01734061330877751 0
2839 -0.06117286477808913 0.01357410585740637 0
2840 -0.04603382509894373 0.01073077766685744 0
2841 -0.030758584168466 0.008743063177783672 0
2842 -0.01539935199687976 0.007566951227123413 0
2843 -0.1518419863450095 0.06826782455659594 0
2844 -0.1438947428828853 0.05487333491900735 0
2845 -0.1329295629098865 0.04377274164938139 0
2846 -0.1202252114312629 0.03469195874122691 0
2847 -0.1064769142094283 0.02727404380857114 0
2848 -0.0920655434724548 0.0212374306198129 0
2849 -0.07721369385284371 0.01637983544705577 0
2850 -0.0620611743184759 0.0125586334098054 0
2851 -0.04670229609179603 0.009674016395495755 0
2852 -0.03120523880227798 0.007657437707723272 0
2853 -0.01562297060974696 0.006464247082434409 0
2854 -0.1540153690723939 0.06804974284756286 0
2855 -0.1459543731356679 0.05446353184777279 0
2856 -0.1348322436036603 0.04320405078773303 0
2857 -0.1219460490230953 0.03399329054575005 0
2858 -0.1080009662326995 0.02646919965637333 0
2859 -0.09338331905838818 0.02034618170507849 0
2860 -0.07831888822878093 0.01541905758532887 0
2861 -0.06294948385886569 0.01154316096219887 0
2862 -0.04737076708465063 0.008617255124128167 0
2863 -0.03165189343609148 0.006571812237656696 0
2864 -0.01584658922261492 0.005361542937738991 0
2865 -0.156188751799773 0.06783166113853008 0
2866 -0.1480140033884455 0.05405372877653869 0
2867 -0.1367349242974295 0.04263535992608532 0
2868 -0.1236668866149236 0.03329462235027397 0
2869 -0.1095250182559671 0.02566435550417637 0
2870 -0.09470109464431849 0.01945493279034497 0
2871 -0.07942408260471553 0.01445827972360286 0
2872 -0.0638377933992534 0.01052768851459322 0
2873 -0.04803923807750367 0.007560493852761415 0
2874 -0.03209854806990392 0.005486186767590877 0
2875 -0.01607020783548236 0.004258838793044249 0
2876 0.01517573345213434 0.008669655375265234 0
2877 0.03031192967441203 0.009828688662216565 0
2878 0.04536535422362658 0.01178753895680173 0
2879 0.06028455544520945 0.01458957835038076 0
2880 0.07500330537367944 0.01830139124891253 0
2881 0.089429992639508 0.02301992857453476 0
2882 0.1034288105612247 0.02888373230150865 0
2883 0.1167835365734137 0.03608929533276452 0
2884 0.1291242017165078 0.04491012353503541 0
2885 0.1397754824786618 0.05569294118873461 0
2886 0.1474952209206355 0.0687039880502421 0
2887 0.01539935206696967 0.00756695123067682 0
2888 0.03075858431207387 0.008743063192554683 0
2889 0.0460338252208665 0.01073077768613849 0
2890 0.06117286498375406 0.01357410590238396 0
2891 0.07610849974856654 0.01734061338689986 0
2892 0.09074776822747754 0.02212867966057298 0
2893 0.1049528625893436 0.02807888815163066 0
2894 0.1185043741692607 0.0353906271397916 0
2895 0.1310268824139938 0.04434143267653515 0
2896 0.1418351127334988 0.05528313812014596 0
2897 0.1496686036485625 0.0684859063426897 0
2898 0.01562297068180929 0.006464247086087815 0
2899 0.03120523894974427 0.007657437722891146 0
2900 0.04670229621811926 0.009674016415472685 0
2901 0.06206117452231577 0.01255863345438386 0
2902 0.07721369412347487 0.01637983552488333 0
2903 0.09206554381547255 0.02123743074660699 0
2904 0.1064769146174919 0.02727404400174832 0
2905 0.1202252117651411 0.03469195894681448 0
2906 0.1329295631115169 0.04377274181803112 0
2907 0.1438947429883764 0.05487333505155438 0
2908 0.1518419863765329 0.06826782463513566 0
2909 0.01584658929664968 0.005361542941492393 0
2910 0.03165189358741621 0.006571812253221433 0
2911 0.04737076721537431 0.008617255144800995 0
2912 0.06294948406088051 0.01154316100637821 0
2913 0.07831888849838696 0.01541905766286164 0
2914 0.09338331940347204 0.0203461818326363 0
2915 0.1080009666456454 0.02646919985186179 0
2916 0.1219460493610272 0.0339932907538338 0
2917 0.1348322438090465 0.04320405095952425 0
2918 0.1459543732432609 0.05446353198296078 0
2919 0.1540153691045104 0.06804974292758055 0
2920 0.01607020791148955 0.004258838796897646 0
2921 0.03209854822508709 0.005486186783552484 0
2922 0.04803923821262779 0.007560493874130138 0
2923 0.06383779359944314 0.01052768855837343 0
2924 0.07942408287329651 0.01445827980084084 0
2925 0.09470109499146839 0.01945493291866649 0
2926 0.1095250186737953 0.02566435570197612 0
2927 0.1236668869569094 0.03329462256085388 0
2928 0.1367349245065716 0.04263536010101802 0
2929 0.1480140034981405 0.05405372891436769 0
2930 0.1561887518324828 0.06783166122002571 0
2931 0.159447488618279 0.099503253045815 0
2932 0.151102181480129 0.1135686494911738 0
2933 0.1395877746183021 0.1252252522630627 0
2934 0.126247084147919 0.1347608758764549 0
2935 0.1118101585093644 0.1425503413271857 0
2936 0.09667694714936985 0.1488893180210675 0
2937 0.08108119408266772 0.153990221726602 0
2938 0.06516971107150706 0.1580028211567044 0
2939 0.04904153316632777 0.1610319236497345 0
2940 0.03276825520464523 0.1631495092572767 0
2941 0.01640549816927105 0.1644024647358978 0
2942 0.1605328427113893 0.09961215971617479 0
2943 0.1521307293279496 0.1137732988764476 0
2944 0.1405379442577231 0.1255092477802603 0
2945 0.1271064441255786 0.1351097800852392 0
2946 0.11257124678525 0.1429522681846936 0
2947 0.09733502412448408 0.149334394097054 0
2948 0.08163311125279174 0.1544700194955012 0
2949 0.06561331927129091 0.1585099325655503 0
2950 0.04937535735828349 0.1615596540656926 0
2951 0.03299130769994525 0.1636916540126665 0
2952 0.01651716988563562 0.1649531383203859 0
2953 -0.0164054982365067 0.1644024647324891 0
2954 -0.03276825534999991 0.1631495092423261 0
2955 -0.04904153343870018 0.1610319236066611 0
2956 -0.06516971138583762 0.1580028210879623 0
2957 -0.08108119447745978 0.1539902216130684 0
2958 -0.0966769476055115 0.148889317852458 0
2959 -0.111810159026136 0.1425503410825462 0
2960 -0.1262470845761834 0.1347608756127484 0
2961 -0.1395877748723345 0.1252252520505824 0
2962 -0.1511021816288239 0.1135686493043424 0
2963 -0.159447488652696 0.09950325296006597 0
2964 -0.0165171699516824 0.1649531383170376 0
2965 -0.03299130784302474 0.1636916539979499 0
2966 -0.04937535762948705 0.1615596540228041 0
2967 -0.06561331958380254 0.158509932497206 0
2968 -0.08163311164656582 0.1544700193822604 0
2969 -0.0973350245806269 0.1493343939284441 0
2970 -0.1125712472993706 0.142952267941309 0
2971 -0.1271064445544651 0.1351097798211496 0
2972 -0.1405379445147877 0.1255092475652436 0
2973 -0.1521307294790679 0.1137732986865713 0
2974 -0.1605328427463771 0.09961215962900369 0
2975 -0.159447488620501 0.06750467275971953 0
2976 -0.1511021814882453 0.05343927631902225 0
2977 -0.1395877746293698 0.04178267354619228 0
2978 -0.126247084175605 0.0322470499405902 0
2979 -0.1118101585426265 0.02445758448855737 0
2980 -0.09667694719341222 0.01811860779520873 0
2981 -0.08108119413630235 0.01301770408881803 0
2982 -0.06516971112397162 0.009005104654764839 0
2983 -0.04904153326422937 0.005976002165742955 0
2984 -0.03276825519933955 0.003858416542172331 0
2985 -0.01640549816490733 0.002605461063875436 0
2986 -0.1605328427138446 0.06739576608994187 0
2987 -0.1521307293352625 0.05323462693273996 0
2988 -0.1405379442675365 0.04149867802794704 0
2989 -0.1271064441444543 0.03189814572638253 0
2990 -0.1125712468060149 0.02405565762513525 0
2991 -0.09733502415657269 0.01767353171480582 0
2992 -0.08163311129195207 0.01253790631575888 0
2993 -0.0656133193083001 0.0084979932425416 0
2994 -0.04937535745810052 0.005448271750090612 0
2995 -0.03299130769496171 0.003316271786818762 0
2996 -0.01651716988146436 0.002054787479400341 0
2997 0.01640549824081681 0.00260546106772388 0
2998 0.03276825535401584 0.003858416558081796 0
2999 0.04904153339627647 0.005976002186625078 0
3000 0.06516971132960998 0.009005104699736619 0
3001 0.08108119440947986 0.01301770416737789 0
3002 0.09667694754512154 0.01811860792521559 0
3003 0.1118101589662185 0.0244575846890857 0
3004 0.1262470845187276 0.03224705015187004 0
3005 0.1395877748460097 0.04178267372739637 0
3006 0.1511021816027051 0.05343927646283816 0
3007 0.1594474886538703 0.06750467284285852 0
3008 0.01651716995530371 0.002054787483143835 0
3009 0.0329913078452727 0.00331627180227923 0
3010 0.04937535758267016 0.005448271769790236 0
3011 0.06561331952121219 0.008497993289104111 0
3012 0.08163311157075127 0.0125379063959354 0
3013 0.0973350245107753 0.01767353184573432 0
3014 0.1125712472304884 0.02405565782608086 0
3015 0.1271064444846597 0.03189814593586614 0
3016 0.1405379444879183 0.04149867821228102 0
3017 0.1521307294523852 0.05323462707990183 0
3018 0.1605328427472803 0.06739576617324626 0
3019 0.1626806817180204 0.09982767831629998 0
3020 0.1541661527846582 0.1141782855419142 0
3021 0.1424182627784052 0.126071254826035 0
3022 0.1288070567609785 0.1358002368275789 0
3023 0.114077386666621 0.1437476529999139 0
3024 0.09863731192939935 0.150215168160936 0
3025 0.08272531630471573 0.1554195053346337 0
3026 0.06649118852938887 0.1595134701653338 0
3027 0.0500359718317056 0.1626039952208334 0
3028 0.03343271281639239 0.1647645201259267 0
3029 0.01673816031649263 0.1660428823829485 0
3030 -0.01673816038164954 0.1660428823796453 0
3031 -0.03343271295783887 0.1647645201113781 0
3032 -0.05003597210050563 0.1626039951783249 0
3033 -0.06649118881773716 0.1595134701022739 0
3034 -0.08272531667473605 0.155419505228224 0
3035 -0.09863731235994799 0.1502151680017867 0
3036 -0.1140773871576218 0.1437476527674743 0
3037 -0.1288070571675305 0.135800236577242 0
3038 -0.1424182630405718 0.1260712546067509 0
3039 -0.1541661529411495 0.1141782853452868 0
3040 -0.1626806817540613 0.09982767822650507 0
3041 -0.1626806817245112 0.06718024749003385 0
3042 -0.1541661528045951 0.05282964026464941 0
3043 -0.1424182628052055 0.04093667097072759 0
3044 -0.1288070567760294 0.03120768895017133 0
3045 -0.1140773866857095 0.02326027277281546 0
3046 -0.09863731196186876 0.01679275761086119 0
3047 -0.08272531634698749 0.01158842043418135 0
3048 -0.06649118857144445 0.007494455598054849 0
3049 -0.05003597192974835 0.004403930547000116 0
3050 -0.03343271280950905 0.002243405624392089 0
3051 -0.0167381603114195 0.0009650433670506742 0
3052 0.0167381603871153 0.0009650433708882859 0
3053 0.03343271296392546 0.002243405640274827 0
3054 0.05003597205953735 0.004403930567525142 0
3055 0.06649118878360051 0.007494455644452017 0
3056 0.08272531662717625 0.01158842051475748 0
3057 0.09863731231695567 0.01679275774211657 0
3058 0.1140773871158161 0.02326027297642779 0
3059 0.1288070571231369 0.03120768916390497 0
3060 0.142418263023842 0.04093667115360174 0
3061 0.1541661529219543 0.05282964041210848 0
3062 0.1626806817578765 0.06718024757316296 0
3063 -0.2290286538420497 0.01013732098058485 0.035934986
3064 -0.2071751424661229 0.05825495615276711 0.035934986
3065 -0.2523154077141741 0.04202072814703827 0.035934986
3066 -0.1971452466896637 0.03342407485076852 0.035934986
3067 -0.2286679374402605 0.06407469236651471 0.035934986
3068 -0.2451073624417246 0.02001567735219529 0.035934986
3069 -0.2070236030610396 0.01734536624694857 0.035934986
3070 -0.2418088726840163 0.05806390242998563 0.035934986
3071 -0.216688371432137 0.01149266289653772 0.035934986
3072 -0.2233189275544839 0.01698248623670867 0.035934986
3073 -0.2509600657951137 0.02968044573012902 0.035934986
3074 -0.2438538657714217 0.03573364984494114 0.035934986
3075 -0.1993319028791884 0.04651671859514826 0.035934986
3076 -0.2048179254819454 0.0400729831067669 0.035934986
3077 -0.2388575036234964 0.01426333653930723 0.035934986
3078 -0.2171527550083985 0.06330955236695994 0.035934986
3079 -0.2149786378230389 0.05453325963169481 0.035934986
3080 -0.2480996523456207 0.05184450159968407 0.035934986
3081 -0.2012712622495978 0.02359522506510252 0.035934986
3082 -0.2362968609481013 0.0223175877720506 0.035934986
3083 -0.2101215040512923 0.02573325024960696 0.035934986
3084 -0.2385468676290395 0.04975745610826061 0.035934986
3085 -0.2332939643820826 0.05620552011625372 0.035934986
3086 -0.2295081697109074 0.04768301688728272 0.035934986
3087 -0.2074514932915053 0.04968784147070973 0.035934986
3088 -0.2147707235459168 0.04409012982919749 0.035934986
3089 -0.2139351009971523 0.03460566238606481 0.035934986
3090 -0.2211607154314447 0.02739364844731627 0.035934986
3091 -0.2325229244926608 0.03066227387283733 0.035934986
3092 -0.2357297164061914 0.04091591736169338 0.035934986
3093 -0.2239508801888213 0.05721823506307146 0.035934986
3094 -0.2148780685510163 0.01848308887483006 0.035934986
3095 -0.2432071148276573 0.02705949977338963 0.035934986
3096 -0.2051114372888035 0.03149248424837647 0.035934986
3097 -0.2441396853046693 0.04402080928218492 0.035934986
3098 -0.2311300826316317 0.01754464341118698 0.035934986
3099 -0.2026527990191557 0.05435269736717925 0.035934986
3100 -0.2367339645052663 0.06262012596334915 0.035934986
3101 -0.2496981708185659 0.02405207236917559 0.035934986
3102 -0.2112221266917949 0.01260205287548493 0.035934986
3103 -0.2223710671357408 0.009325462334149274 0.035934986
3104 -0.2225181911055513 0.06549544884952715 0.035934986
3105 -0.2528039910247279 0.03524767103427312 0.035934986
3106 -0.1959137263806101 0.04054324993038353 0.035934986
3107 -0.2113654251654577 0.06225964557165461 0.035934986
3108 -0.2286752064911967 0.02327794439923815 0.035934986
3109 -0.2217594203751166 0.04815476718358067 0.035934986
3110 -0.190604502729048 0.0445104500485342 0.035934986
3111 -0.1925845034646491 0.05103763770879005 0.035934986
3112 -0.1957998501898005 0.05705312830690555 0.035934986
3113 -0.2001269789179203 0.06232574989472929 0.035934986
3114 -0.205399600490367 0.06665287857522402 0.035934986
3115 -0.211415091061202 0.06986822526439283 0.035934986
3116 -0.2179422786880952 0.07184822597830412 0.035934986
3117 -0.1898666049018697 0.04465722705161 0.035934986
3118 -0.1918894189086335 0.0513255511540288 0.035934986
3119 -0.1951742906146286 0.05747111384474182 0.035934986
3120 -0.1995949842305844 0.06285774457942259 0.035934986
3121 -0.2049816149517591 0.06727843814982611 0.035934986
3122 -0.2111271776214767 0.07056330982259863 0.035934986
3123 -0.2177955016858786 0.07258612380553037 0.035934986
3124 -0.2315183757432469 0.07184822597207641 0.035934986
3125 -0.2380455633955266 0.069868225240912 0.035934986
3126 -0.2440610539883368 0.06665287852266798 0.035934986
3127 -0.2493336755879598 0.06232574978890412 0.035934986
3128 -0.2536608042890867 0.05705312818893424 0.035934986
3129 -0.2568761509690497 0.05103763762759628 0.035934986
3130 -0.2588561516793814 0.04451045000652218 0.035934986
3131 -0.2316651527575541 0.07258612379688541 0.035934986
3132 -0.2383334768596913 0.07056330978896315 0.035934986
3133 -0.244479039543265 0.06727843808630536 0.035934986
3134 -0.2498656702766706 0.06285774447212028 0.035934986
3135 -0.254286363859565 0.05747111373362417 0.035934986
3136 -0.2575712355210759 0.0513255510821642 0.035934986
3137 -0.2595940495052294 0.044657227015606 0.035934986
3138 -0.2588561516699098 0.03093435294586194 0.035934986
3139 -0.2568761509357392 0.02440716529198628 0.035934986
3140 -0.2536608042186039 0.01839167470558182 0.035934986
3141 -0.2493336754734866 0.01311905309662387 0.035934986
3142 -0.2440610538909894 0.008791924412287794 0.035934986
3143 -0.2380455633119479 0.005576577724469985 0.035934986
3144 -0.23151837569889 0.003596577019101995 0.035934986
3145 -0.2595940494968894 0.03078757594246648 0.035934986
3146 -0.2575712354893077 0.02411925184114166 0.035934986
3147 -0.2542863637910449 0.01797368916382944 0.035934986
3148 -0.2498656701644861 0.01258705841569646 0.035934986
3149 -0.2444790394414096 0.008166364845638459 0.035934986
3150 -0.2383334767672205 0.004881493172735785 0.035934986
3151 -0.2316651527092749 0.002858679193512993 0.035934986
3152 -0.2179422786407281 0.003596577031119264 0.035934986
3153 -0.2114150909972829 0.005576577762084714 0.035934986
3154 -0.2053996004078113 0.008791924479939175 0.035934986
3155 -0.2001269788034928 0.01311905321969934 0.035934986
3156 -0.1957998501134523 0.01839167480735857 0.035934986
3157 -0.1925845034292147 0.0244071653767569 0.035934986
3158 -0.1906045027209239 0.0309343529923086 0.035934986
3159 -0.217795501631387 0.002858679205310382 0.035934986
3160 -0.2111271775363446 0.004881493212665823 0.035934986
3161 -0.2049816148588887 0.008166364912229294 0.035934986
3162 -0.1995949841096074 0.01258705854155574 0.035934986
3163 -0.1951742905388026 0.01797368926874112 0.035934986
3164 -0.1918894188742248 0.02411925192904218 0.035934986
3165 -0.1898666048941808 0.03078757598704546 0.035934986
3166 -0.1884307290726072 0.0449428405127514 0.035934986
3167 -0.1905368534530465 0.05188580211085376 0.035934986
3168 -0.1939570138622323 0.05828447216330521 0.035934986
3169 -0.1985597754521199 0.06389295336576661 0.035934986
3170 -0.2041682566365649 0.06849571490450083 0.035934986
3171 -0.2105669266748627 0.07191587528246193 0.035934986
3172 -0.2175098882234495 0.07402199963459821 0.035934986
3173 -0.2319507662148486 0.07402199957600114 0.035934986
3174 -0.2388937278120625 0.07191587519233789 0.035934986
3175 -0.2452923978486593 0.06849571478742356 0.035934986
3176 -0.2509008790317236 0.06389295321121621 0.035934986
3177 -0.2555036405750928 0.05828447201745299 0.035934986
3178 -0.2589238009329572 0.05188580201399881 0.035934986
3179 -0.2610299252855869 0.04494284046665818 0.035934986
3180 -0.2610299253268681 0.0305019624845859 0.035934986
3181 -0.2589238009448688 0.02355900088410307 0.035934986
3182 -0.2555036405325749 0.01716033082891807 0.035934986
3183 -0.2509008789436585 0.01155184963000936 0.035934986
3184 -0.2452923977669708 0.006949088097860915 0.035934986
3185 -0.2388937277407769 0.003528927724016662 0.035934986
3186 -0.2319507661894419 0.001422803367967324 0.035934986
3187 -0.2175098881862142 0.001422803372810092 0.035934986
3188 -0.2105669265838441 0.003528927755240861 0.035934986
3189 -0.2041682565457194 0.00694908815620175 0.035934986
3190 -0.1985597753335965 0.01155184975275808 0.035934986
3191 -0.1939570137895062 0.01716033094553816 0.035934986
3192 -0.1905368534204621 0.02355900096781308 0.035934986
3193 -0.188430729065606 0.03050196252244695 0.035934986
3194 0.2290286538436137 0.065307482019893 0.035934986
3195 0.2055095755037339 0.01755455103752144 0.035934986
3196 0.2523154077123899 0.03342407485314252 0.035934986
3197 0.1973672163750827 0.04161361879607126 0.035934986
3198 0.2279196537172137 0.0108970681728119 0.035934986
3199 0.2451073624431818 0.05542912564597605 0.035934986
3200 0.206528037216894 0.05790516116069231 0.035934986
3201 0.2413278492201896 0.01718165412203582 0.035934986
3202 0.2509600657965569 0.04576435726861766 0.035934986
3203 0.2452776086726587 0.03963766812462639 0.035934986
3204 0.2011137356015133 0.0257098965054185 0.035934986
3205 0.2098037444884519 0.0264273175432038 0.035934986
3206 0.2166210919423403 0.0635832212428625 0.035934986
3207 0.2221250700486027 0.05733598990438912 0.035934986
3208 0.2166883714575948 0.01149266287349781 0.035934986
3209 0.2388575036245091 0.06118146645969709 0.035934986
3210 0.2008484565063663 0.05156895857125587 0.035934986
3211 0.2066228161601094 0.04322729699934189 0.035934986
3212 0.2480309347037123 0.02357183761930068 0.035934986
3213 0.2230817957031485 0.0176677523047276 0.035934986
3214 0.2384815909201995 0.02537254885521441 0.035934986
3215 0.2367343817558958 0.05228697779490311 0.035934986
3216 0.2321909823227316 0.01832226391733083 0.035934986
3217 0.2287727136168666 0.02702068815309666 0.035934986
3218 0.2043216838147145 0.03449036096573658 0.035934986
3219 0.2136628279229403 0.0360934094235625 0.035934986
3220 0.2163599455689461 0.0462227473134775 0.035934986
3221 0.2364175331391981 0.03417031726809498 0.035934986
3222 0.2272600863627225 0.04870543431444253 0.035934986
3223 0.2191150422166722 0.02729568897758204 0.035934986
3224 0.213356870086708 0.05655003596879316 0.035934986
3225 0.2441013071657308 0.048062677949724 0.035934986
3226 0.2360268148063832 0.04376049993533018 0.035934986
3227 0.2441046150296317 0.0312352893440758 0.035934986
3228 0.2141923031972428 0.01873151530989192 0.035934986
3229 0.2308714211833719 0.05757314250502343 0.035934986
3230 0.207985983899578 0.05088165275701202 0.035934986
3231 0.1973597623401897 0.03387062652682156 0.035934986
3232 0.2338478236999093 0.01162919836169678 0.035934986
3233 0.2108053179351598 0.062647775604246 0.035934986
3234 0.2498770092876405 0.05132820557325375 0.035934986
3235 0.2221018407537753 0.009614464979963927 0.035934986
3236 0.253088739604979 0.04018243495906482 0.035934986
3237 0.2221188397408807 0.06582029152283413 0.035934986
3238 0.2107821681375665 0.01269357510299306 0.035934986
3239 0.258856151670228 0.04451045005253908 0.035934986
3240 0.2568761509374005 0.05103763770400389 0.035934986
3241 0.2536608042213848 0.05705312829025725 0.035934986
3242 0.2493336754764558 0.06232574990040805 0.035934986
3243 0.2440610538914966 0.06665287858737455 0.035934986
3244 0.2380455633105313 0.06986822527611822 0.035934986
3245 0.2315183756982383 0.07184822598102913 0.035934986
3246 0.2595940494971665 0.04465722705614062 0.035934986
3247 0.2575712354912121 0.05132555115426196 0.035934986
3248 0.2542863637936258 0.05747111383230923 0.035934986
3249 0.2498656701677294 0.06285774458106141 0.035934986
3250 0.2444790394425922 0.06727843815357273 0.035934986
3251 0.2383334767669258 0.07056330982738786 0.035934986
3252 0.2316651527086352 0.07258612380661594 0.035934986
3253 0.2179422786567692 0.07184822597207301 0.035934986
3254 0.2114150910045048 0.06986822524090808 0.035934986
3255 0.2053996004117085 0.0666528785226661 0.035934986
3256 0.2001269788102686 0.0623257497870775 0.035934986
3257 0.1957998501189201 0.05705312820082572 0.035934986
3258 0.1925845034339147 0.0510376376345906 0.035934986
3259 0.1906045027217164 0.04451045001167563 0.035934986
3260 0.217795501643656 0.07258612379713175 0.035934986
3261 0.2111271775425876 0.07056330978992165 0.035934986
3262 0.2049816148598088 0.0672784380883869 0.035934986
3263 0.1995949841231517 0.06285774447198983 0.035934986
3264 0.1951742905465254 0.05747111374281808 0.035934986
3265 0.191889418881726 0.05132555108906831 0.035934986
3266 0.1898666048957681 0.0446572270209348 0.035934986
3267 0.1906045027291452 0.03093435295097751 0.035934986
3268 0.1925845034646027 0.02440716529132278 0.035934986
3269 0.1957998501884308 0.01839167469514533 0.035934986
3270 0.2001269789189224 0.01311905310426973 0.035934986
3271 0.2053996004891184 0.008791924425611469 0.035934986
3272 0.211415091063034 0.005576577734849694 0.035934986
3273 0.2179422786883149 0.003596577021653644 0.035934986
3274 0.1898666049020365 0.03078757594755245 0.035934986
3275 0.191889418909684 0.02411925184343614 0.035934986
3276 0.1951742906151342 0.01797368915450276 0.035934986
3277 0.1995949842328443 0.01258705841831884 0.035934986
3278 0.2049816149520638 0.008166364849971693 0.035934986
3279 0.2111271776228065 0.004881493176852141 0.035934986
3280 0.2177955016856745 0.00285867919451194 0.035934986
3281 0.231518375760363 0.003596577031329717 0.035934986
3282 0.2380455634047739 0.005576577762919737 0.035934986
3283 0.2440610539949683 0.008791924481764257 0.035934986
3284 0.2493336756014939 0.01311905322463115 0.035934986
3285 0.2536608042893735 0.0183916748114961 0.035934986
3286 0.2568761509709443 0.02440716537697852 0.035934986
3287 0.2588561516794933 0.03093435299404101 0.035934986
3288 0.2316651527720912 0.002858679206007898 0.035934986
3289 0.2383334768702071 0.004881493215394231 0.035934986
3290 0.2444790395499534 0.008166364918165093 0.035934986
3291 0.2498656703040717 0.01258705855528216 0.035934986
3292 0.2542863638670328 0.01797368927755315 0.035934986
3293 0.2575712355234734 0.02411925192362472 0.035934986
3294 0.2595940495053302 0.03078757598490214 0.035934986
3295 0.2610299253270766 0.04494284051436637 0.035934986
3296 0.2589238009460492 0.05188580211304821 0.035934986
3297 0.2555036405330363 0.05828447217039277 0.035934986
3298 0.2509008789430795 0.06389295337057103 0.035934986
3299 0.2452923977647523 0.06849571490362295 0.035934986
3300 0.2388937277390731 0.07191587527669069 0.035934986
3301 0.2319507661889497 0.07402199963213232 0.035934986
3302 0.2175098881837094 0.07402199957571386 0.035934986
3303 0.210566926585221 0.07191587519121151 0.035934986
3304 0.2041682565476738 0.0684957147849711 0.035934986
3305 0.1985597753613434 0.06389295320427943 0.035934986
3306 0.1939570138346096 0.05828447203196715 0.035934986
3307 0.1905368534698889 0.05188580202085853 0.035934986
3308 0.1884307291147175 0.04494284046816267 0.035934986
3309 0.1884307290726664 0.03050196248695148 0.035934986
3310 0.1905368534536708 0.02355900088764018 0.035934986
3311 0.1939570138619396 0.01716033083713394 0.035934986
3312 0.1985597754541414 0.01155184963221326 0.035934986
3313 0.2041682566379139 0.00694908809459934 0.035934986
3314 0.210566926675917 0.003528927717103007 0.035934986
3315 0.2175098882235101 0.001422803365391479 0.035934986
3316 0.2319507662192585 0.001422803373898225 0.035934986
3317 0.2388937278264664 0.003528927759510431 0.035934986
3318 0.2452923978681997 0.006949088165499915 0.035934986
3319 0.2509008790905791 0.01155184977692979 0.035934986
3320 0.2555036406196622 0.01716033095925336 0.035934986
3321 0.2589238009784108 0.02355900096508063 0.035934986
3322 0.2610299253337116 0.0305019625189903 0.035934986
3323 -0.08511400914432295 0.0174345368970429 -1.0178618181
3324 -0.1077955187503721 0.07133750885088339 -1.0178618181
3325 -0.01813484405161635 0.05488029896437478 -1.0178618181
3326 -0.05916602070665196 0.1044213725943743 -1.0178618181
3327 -0.02864093269479811 0.08792687878447067 -1.0178618181
3328 -0.03349567229675944 0.02317165234045203 -1.0178618181
3329 -0.08596904696856329 0.1000431372008551 -1.0178618181
3330 -0.05947258567020208 0.01349268379159033 -1.0178618181
3331 -0.1045727016360282 0.03951681445913306 -1.0178618181
3332 -0.02029862664016708 0.07206946305368295 -1.0178618181
3333 -0.04195891400854668 0.09920828682451659 -1.0178618181
3334 -0.02379054858978947 0.03741891382727397 -1.0178618181
3335 -0.1004894815025589 0.08735389870797974 -1.0178618181
3336 -0.1092687518536494 0.0550519187836617 -1.0178618181
3337 -0.02223466990650301 0.08166558291349706 -1.0178618181
3338 -0.03025720126694963 0.07725126189749359 -1.0178618181
3339 -0.0298711640364157 0.0673945150411113 -1.0178618181
3340 -0.03922825764180346 0.07173107023812611 -1.0178618181
3341 -0.03822555442084057 0.06200010302585968 -1.0178618181
3342 -0.04090370522567856 0.08198625595873568 -1.0178618181
3343 -0.04869710198341289 0.07568972840985552 -1.0178618181
3344 -0.0507124874458285 0.0855082837636377 -1.0178618181
3345 -0.0581038171876103 0.07929322878566167 -1.0178618181
3346 -0.05980335743778847 0.08879744561040455 -1.0178618181
3347 -0.06740470163894111 0.08284569788571469 -1.0178618181
3348 -0.06898464649491604 0.09212726128026186 -1.0178618181
3349 -0.07651343533597145 0.08616066923937644 -1.0178618181
3350 -0.07511910443092618 0.07656725454292518 -1.0178618181
3351 -0.08419448490472721 0.0798741369493767 -1.0178618181
3352 -0.08287562351483227 0.07028955217816235 -1.0178618181
3353 -0.09187432453921053 0.07344493044031644 -1.0178618181
3354 -0.09067422628214944 0.06404046318847291 -1.0178618181
3355 -0.0815139353624509 0.06043959522150585 -1.0178618181
3356 -0.08918451485799866 0.05419225537202733 -1.0178618181
3357 -0.08001111776921885 0.05056957186706537 -1.0178618181
3358 -0.08755541472132469 0.0443349185311304 -1.0178618181
3359 -0.07831610819424084 0.04071737137180961 -1.0178618181
3360 -0.08583327202282583 0.03483365454072 -1.0178618181
3361 -0.07658573992083938 0.03124955057638354 -1.0178618181
3362 -0.06894624720093481 0.0371834614583194 -1.0178618181
3363 -0.06754409170584987 0.02749639296336603 -1.0178618181
3364 -0.05965013391248494 0.03353059060372821 -1.0178618181
3365 -0.06093252959855444 0.04309522520663834 -1.0178618181
3366 -0.05181737154016855 0.0397397720061797 -1.0178618181
3367 -0.05051584162121809 0.03015462905371926 -1.0178618181
3368 -0.04282343910329676 0.03654426068969644 -1.0178618181
3369 -0.04407270033148097 0.04606088656729503 -1.0178618181
3370 -0.09641898595019208 0.04730350167831938 -1.0178618181
3371 -0.05627895138924074 0.07008510026185402 -1.0178618181
3372 -0.03474525342738818 0.04245551082386274 -1.0178618181
3373 -0.02849340440901205 0.05789852397134158 -1.0178618181
3374 -0.075208386834347 0.02062526239001387 -1.0178618181
3375 -0.05274725247560612 0.09581047101072741 -1.0178618181
3376 -0.05315780924944752 0.04947695212345807 -1.0178618181
3377 -0.05878765763995729 0.02385720031299118 -1.0178618181
3378 -0.05053080865117541 0.02084029383812136 -1.0178618181
3379 -0.07039331525892965 0.04661920992502298 -1.0178618181
3380 -0.0990612091348423 0.05706696032042059 -1.0178618181
3381 -0.07218272166179833 0.06603565678459124 -1.0178618181
3382 -0.06581096666036762 0.07303339185231825 -1.0178618181
3383 -0.04722131759378081 0.06601051374189501 -1.0178618181
3384 -0.04575934094151397 0.05607265628748099 -1.0178618181
3385 -0.03768023720992083 0.09095916021082125 -1.0178618181
3386 -0.08514622842072601 0.08994009067389641 -1.0178618181
3387 -0.03618599656830843 0.0519784646698584 -1.0178618181
3388 -0.03366527309865446 0.03292118740629135 -1.0178618181
3389 -0.02630087707543019 0.04800522351467383 -1.0178618181
3390 -0.09501890620031736 0.03731634449329792 -1.0178618181
3391 -0.09382818677146521 0.02832657933599825 -1.0178618181
3392 -0.09899458664843692 0.06720541868467947 -1.0178618181
3393 -0.05548625063700781 0.05989533261684979 -1.0178618181
3394 -0.07154616935858193 0.05567041574052434 -1.0178618181
3395 -0.02221251274268 0.06321721541996905 -1.0178618181
3396 -0.1102100603857475 0.04606233888923964 -1.0178618181
3397 -0.09367862186397725 0.09381053628816075 -1.0178618181
3398 -0.1117821502727193 0.06338987151520752 -1.0178618181
3399 -0.1067101554673828 0.0807980513168136 -1.0178618181
3400 -0.07767549348697006 0.09584903682101725 -1.0178618181
3401 -0.06933157737837831 0.1030235709623135 -1.0178618181
3402 -0.04995972381240044 0.1045480772316227 -1.0178618181
3403 -0.065949092093167 0.01917167386719877 -1.0178618181
3404 -0.09269320434976851 0.08248453070563742 -1.0178618181
3405 -0.04194878489582272 0.02680602511105474 -1.0178618181
3406 -0.04224728699888636 0.0173484123596839 -1.0178618181
3407 -0.07856970698387844 0.1044432001317336 -1.0178618181
3408 -0.07778551030191519 0.01218904444618161 -1.0178618181
3409 -0.08459599293578814 0.02582807490620791 -1.0178618181
3410 -0.01799211704854327 0.04514518335233532 -1.0178618181
3411 -0.09975954520962162 0.07710405645105167 -1.0178618181
3412 -0.02649781261284176 0.02821373266308429 -1.0178618181
3413 -0.06122621389909388 0.05140874844496061 -1.0178618181
3414 -0.06197915202614049 0.09681255455651862 -1.0178618181
3415 -0.1019048761000683 0.02958259841448644 -1.0178618181
3416 -0.06893727691503485 0.01088332024294311 -1.0178618181
3417 -0.05103708820023615 0.01259562950441812 -1.0178618181
3418 -0.04530434582198131 0.09141397917274231 -1.0178618181
3419 -0.09304904000279281 0.02056391347783695 -1.0178618181
3420 -0.03288117107273425 0.09676427390156772 -1.0178618181
3421 -0.06308203457247626 0.06622921029588257 -1.0178618181
3422 -0.1039085927768299 0.04981652952710113 -1.0178618181
3423 -0.1046062876056472 0.06211074366301598 -1.0178618181
3424 -0.01504101229605653 0.06380715157331848 -1.0178618181
3425 -0.008956156457009003 0.06988861059426295 -1.0178618181
3426 -0.01214691543177668 0.08040713325490713 -1.0178618181
3427 -0.01732842685050672 0.09010105926073703 -1.0178618181
3428 -0.02430156812347702 0.09859785645196445 -1.0178618181
3429 -0.03279836529889286 0.1055709976561533 -1.0178618181
3430 -0.04249229126281832 0.1107525090169846 -1.0178618181
3431 -0.05301081387065633 0.1139432679559014 -1.0178618181
3432 -0.00823754881283276 0.07003155054083922 -1.0178618181
3433 -0.01147000183479785 0.08068752005349378 -1.0178618181
3434 -0.01671922070789321 0.09050811779510193 -1.0178618181
3435 -0.02378348088753954 0.09911594369419011 -1.0178618181
3436 -0.03239130677097961 0.1061802038030792 -1.0178618181
3437 -0.04221190447242559 0.1114294226173601 -1.0178618181
3438 -0.05286787392332511 0.1146618755999309 -1.0178618181
3439 -0.07488861058086098 0.1139432679116671 -1.0178618181
3440 -0.08540713324066562 0.1107525089380393 -1.0178618181
3441 -0.09510105924231273 0.105570997521711 -1.0178618181
3442 -0.1035978564359516 0.09859785624539175 -1.0178618181
3443 -0.1105709976343764 0.09010105907369589 -1.0178618181
3444 -0.1157525089902741 0.08040713311455674 -1.0178618181
3445 -0.1189432679233054 0.06988861052234382 -1.0178618181
3446 -0.0750315505291549 0.1146618755215195 -1.0178618181
3447 -0.08568752002842506 0.1114294225034275 -1.0178618181
3448 -0.09550811776050151 0.1061802036350481 -1.0178618181
3449 -0.1041159436537964 0.09911594345857509 -1.0178618181
3450 -0.111180203746105 0.09050811759429409 -1.0178618181
3451 -0.1164294225567425 0.08068751989971418 -1.0178618181
3452 -0.1196618755335898 0.07003155046848115 -1.0178618181
3453 -0.1189432679095741 0.04801081380862348 -1.0178618181
3454 -0.1157525089315674 0.0374922911437113 -1.0178618181
3455 -0.1105709975139062 0.02779836514600598 -1.0178618181
3456 -0.1035978562397465 0.01930156795840134 -1.0178618181
3457 -0.09510105907955968 0.01232842676953893 -1.0178618181
3458 -0.08540713311248037 0.007146915408862409 -1.0178618181
3459 -0.0748886105206289 0.003956156476349578 -1.0178618181
3460 -0.1196618755206437 0.04786787386643497 -1.0178618181
3461 -0.1164294224994334 0.03721190436192982 -1.0178618181
3462 -0.1111802036285905 0.02739130662983344 -1.0178618181
3463 -0.1041159434547153 0.01878348074234443 -1.0178618181
3464 -0.09550811759197192 0.01171922065234465 -1.0178618181
3465 -0.08568751989222684 0.006470001840158009 -1.0178618181
3466 -0.07503155045857128 0.003237548864441274 -1.0178618181
3467 -0.05301081381073524 0.003956156456015287 -1.0178618181
3468 -0.04249229114407894 0.007146915432196619 -1.0178618181
3469 -0.03279836514435507 0.01232842684710352 -1.0178618181
3470 -0.02430156794158096 0.01930156812992976 -1.0178618181
3471 -0.01732842673793054 0.02779836530774353 -1.0178618181
3472 -0.01214691538131891 0.03749229126690729 -1.0178618181
3473 -0.008956156443825816 0.04801081387201225 -1.0178618181
3474 -0.05286787386067782 0.0032375488125311 -1.0178618181
3475 -0.04221190434705237 0.006470001834571814 -1.0178618181
3476 -0.0323913066078425 0.01171922070592612 -1.0178618181
3477 -0.02378348069967053 0.01878348089367946 -1.0178618181
3478 -0.01671922059171105 0.0273913067787774 -1.0178618181
3479 -0.01147000178053134 0.03721190447751754 -1.0178618181
3480 -0.008237548799636483 0.04786787392550318 -1.0178618181
3481 -0.00682582168143343 0.07031236052162855 -1.0178618181
3482 -0.01014018395510955 0.08123834865269827 -1.0178618181
3483 -0.01552241623500125 0.09130779697609051 -1.0178618181
3484 -0.0227656823504435 0.1001337422384642 -1.0178618181
3485 -0.03159162758791768 0.1073770082745862 -1.0178618181
3486 -0.04166107587357229 0.1127592404971946 -1.0178618181
3487 -0.05258706394129141 0.1160736027310837 -1.0178618181
3488 -0.07531236051593101 0.1160736026687223 -1.0178618181
3489 -0.08623834863640618 0.1127592403975214 -1.0178618181
3490 -0.09630779694987912 0.1073770081223808 -1.0178618181
3491 -0.1051337422060277 0.1001337420112856 -1.0178618181
3492 -0.1123770082306745 0.09130779678780759 -1.0178618181
3493 -0.1177592404506961 0.08123834850803567 -1.0178618181
3494 -0.1210736026809533 0.07031236045445337 -1.0178618181
3495 -0.1210736026677715 0.04758706387927789 -1.0178618181
3496 -0.1177592403949347 0.03666107575734558 -1.0178618181
3497 -0.1123770081159868 0.02659162744055119 -1.0178618181
3498 -0.1051337420104811 0.01776568219316913 -1.0178618181
3499 -0.09630779678191369 0.01052241616538977 -1.0178618181
3500 -0.08623834849926595 0.005140183945674769 -1.0178618181
3501 -0.07531236044973783 0.00182582171811275 -1.0178618181
3502 -0.05258706387309476 0.001825821682483136 -1.0178618181
3503 -0.0416610757462121 0.005140183955561239 -1.0178618181
3504 -0.03159162742645968 0.010522416233298 -1.0178618181
3505 -0.02276568216257933 0.01776568234940129 -1.0178618181
3506 -0.01552241612450278 0.02659162758928327 -1.0178618181
3507 -0.0101401839031768 0.0366610758726794 -1.0178618181
3508 -0.006825821669535836 0.0475870639381854 -1.0178618181
3509 0.07633750885953271 0.1027955187518825 -1.0178618181
3510 0.02023957185177359 0.07220903826022347 -1.0178618181
3511 0.05988029896341109 0.01313484405663302 -1.0178618181
3512 0.1094213725954092 0.05416602070699912 -1.0178618181
3513 0.09292687878395536 0.02364093269684421 -1.0178618181
3514 0.02773022278408886 0.0288150753612184 -1.0178618181
3515 0.04440708112347692 0.09939623606512332 -1.0178618181
3516 0.1050431372040487 0.08096904697406219 -1.0178618181
3517 0.0923538987184134 0.09548948150494437 -1.0178618181
3518 0.01955674061572245 0.04576340335046351 -1.0178618181
3519 0.07706946305003533 0.01529862664409709 -1.0178618181
3520 0.04241891382615128 0.0187905485952992 -1.0178618181
3521 0.1042082868262193 0.03695891401062604 -1.0178618181
3522 0.02756597817168413 0.08859262077403009 -1.0178618181
3523 0.06005191879249448 0.1042687518581465 -1.0178618181
3524 0.08666558291276384 0.01723466990859684 -1.0178618181
3525 0.08225126189680562 0.02525720127097604 -1.0178618181
3526 0.07239451503970658 0.02487116404295288 -1.0178618181
3527 0.07673107023897355 0.0342282576475482 -1.0178618181
3528 0.06700010302650641 0.03322555442881317 -1.0178618181
3529 0.08698625596002114 0.03590370522959324 -1.0178618181
3530 0.08068972841250563 0.04369710198845692 -1.0178618181
3531 0.09050828376664691 0.04571248744910254 -1.0178618181
3532 0.08429322878996715 0.05310381719200592 -1.0178618181
3533 0.09379744561464495 0.05480335744064807 -1.0178618181
3534 0.08784569789159664 0.06240470164273579 -1.0178618181
3535 0.09712726128691447 0.0639846464975827 -1.0178618181
3536 0.09116066924738828 0.07151343533957696 -1.0178618181
3537 0.08156725455029366 0.07011910443587778 -1.0178618181
3538 0.08487413695842512 0.07919448490915328 -1.0178618181
3539 0.0752895521868655 0.07787562352085024 -1.0178618181
3540 0.07844493045019152 0.08687432454423649 -1.0178618181
3541 0.06904046319832856 0.08567422628908103 -1.0178618181
3542 0.06543959522999873 0.07651393536956963 -1.0178618181
3543 0.05919225538178575 0.08418451486669259 -1.0178618181
3544 0.05556957187532556 0.07501111777797458 -1.0178618181
3545 0.04933491854066126 0.0825554147315801 -1.0178618181
3546 0.04571737137969589 0.07331610820526742 -1.0178618181
3547 0.0516572905406021 0.06543993676451601 -1.0178618181
3548 0.04205881613369278 0.06396272901300334 -1.0178618181
3549 0.04801458937968375 0.05592210648720393 -1.0178618181
3550 0.03843835623581765 0.05459922949910408 -1.0178618181
3551 0.04471096030865346 0.04680715029353961 -1.0178618181
3552 0.05445871087109542 0.04815436852868014 -1.0178618181
3553 0.05112009836089618 0.03927748143732822 -1.0178618181
3554 0.03620988887067789 0.07161372805785637 -1.0178618181
3555 0.03514034533411333 0.04588793560295676 -1.0178618181
3556 0.05228521279707582 0.09138957502923074 -1.0178618181
3557 0.07508510026561126 0.05127895139539662 -1.0178618181
3558 0.02741163314134309 0.05265204793784576 -1.0178618181
3559 0.0628985239710045 0.02349340441656586 -1.0178618181
3560 0.1008104710130509 0.04774725247770658 -1.0178618181
3561 0.04113015926331361 0.03808802967794307 -1.0178618181
3562 0.04745551082401897 0.02974525343827338 -1.0178618181
3563 0.03240675567380513 0.06219311914812873 -1.0178618181
3564 0.02325969205920236 0.06236950278214838 -1.0178618181
3565 0.04019631082617532 0.08067534242494519 -1.0178618181
3566 0.06206434763094493 0.09405700757969855 -1.0178618181
3567 0.07103565679037384 0.06718272166695591 -1.0178618181
3568 0.07803339185798024 0.06081096666586915 -1.0178618181
3569 0.071010513744401 0.04222131760070514 -1.0178618181
3570 0.06107948471245561 0.04079289767778232 -1.0178618181
3571 0.09595916021192832 0.0326802372119264 -1.0178618181
3572 0.09494009068225379 0.08014622842549436 -1.0178618181
3573 0.0569894713734886 0.03122571954759343 -1.0178618181
3574 0.03803268400596494 0.02857272986854534 -1.0178618181
3575 0.05300653383715452 0.02130560600747855 -1.0178618181
3576 0.04314784500704658 0.08979668643187154 -1.0178618181
3577 0.07220498324492068 0.09399388639269884 -1.0178618181
3578 0.06489416804498138 0.05048932370471949 -1.0178618181
3579 0.06067676251377083 0.06655393961410151 -1.0178618181
3580 0.06821721541748922 0.01721251274867479 -1.0178618181
3581 0.02236180061683772 0.03693983988398167 -1.0178618181
3582 0.03456529259498341 0.09501262453850896 -1.0178618181
3583 0.0510403922319895 0.1051747672761684 -1.0178618181
3584 0.09881053629359321 0.08867862186733411 -1.0178618181
3585 0.0683898715228 0.1067821502744185 -1.0178618181
3586 0.0857980513273348 0.1017101554660313 -1.0178618181
3587 0.02185741887133548 0.08194413230657867 -1.0178618181
3588 0.03001196121373045 0.07887830978805734 -1.0178618181
3589 0.1008490368269415 0.07267549349033396 -1.0178618181
3590 0.1080235709645312 0.06433157738203658 -1.0178618181
3591 0.1095480772328255 0.04495972381378552 -1.0178618181
3592 0.01724218428921737 0.05527754727963663 -1.0178618181
3593 0.0874845307179915 0.08769320435518237 -1.0178618181
3594 0.03117407111579693 0.03772118725741146 -1.0178618181
3595 0.1094432001321141 0.07356970699225704 -1.0178618181
3596 0.02842557393383788 0.06945273960728286 -1.0178618181
3597 0.05014537054116554 0.01299279261289404 -1.0178618181
3598 0.08210398388639743 0.09475942850249598 -1.0178618181
3599 0.03322092948204794 0.02157312388694936 -1.0178618181
3600 0.05640874844632485 0.05622621390559299 -1.0178618181
3601 0.1018125545593192 0.05697915202829758 -1.0178618181
3602 0.09641397917482077 0.04030434582406586 -1.0178618181
3603 0.01538102114433738 0.06374289965647345 -1.0178618181
3604 0.1017642739029983 0.02788117107497418 -1.0178618181
3605 0.03509747756272398 0.08659111679148263 -1.0178618181
3606 0.0274034400953007 0.04459111552568542 -1.0178618181
3607 0.07122921029867629 0.05808203458010137 -1.0178618181
3608 0.05481652953366922 0.09890859278416229 -1.0178618181
3609 0.06711058498273881 0.09960603241278887 -1.0178618181
3610 0.06880715156844949 0.01004101230074301 -1.0178618181
3611 0.1189432679101028 0.0698886105887173 -1.0178618181
3612 0.1157525089337444 0.08040713325103174 -1.0178618181
3613 0.1105709975213562 0.0901010592428427 -1.0178618181
3614 0.1035978562470202 0.09859785643432312 -1.0178618181
3615 0.09510105908634753 0.1055709976259236 -1.0178618181
3616 0.0854071331159334 0.1107525089897051 -1.0178618181
3617 0.07488861052265514 0.113943267923245 -1.0178618181
3618 0.119661875520921 0.07003155053217126 -1.0178618181
3619 0.1164294225017492 0.08068752003247964 -1.0178618181
3620 0.1111802036350071 0.09050811776056378 -1.0178618181
3621 0.1041159434629136 0.09911594364945783 -1.0178618181
3622 0.09550811760321114 0.1061802037401461 -1.0178618181
3623 0.08568751989567278 0.1114294225584153 -1.0178618181
3624 0.0750315504608282 0.1146618755351105 -1.0178618181
3625 0.05301081382230944 0.1139432679122982 -1.0178618181
3626 0.04249229116431672 0.1107525089401042 -1.0178618181
3627 0.03279836516655942 0.1055709975276413 -1.0178618181
3628 0.02430156796525994 0.09859785624660697 -1.0178618181
3629 0.01732842676311244 0.0901010590699439 -1.0178618181
3630 0.01214691541116103 0.08040713311803241 -1.0178618181
3631 0.008956156476969342 0.06988861052374942 -1.0178618181
3632 0.05286787388031146 0.1146618755234023 -1.0178618181
3633 0.04221190438263291 0.1114294225080073 -1.0178618181
3634 0.0323913066507801 0.1061802036425852 -1.0178618181
3635 0.02378348075319993 0.09911594346556958 -1.0178618181
3636 0.01671922065381171 0.09050811759416645 -1.0178618181
3637 0.01147000184650208 0.08068751990754194 -1.0178618181
3638 0.008237548867040118 0.07003155047163603 -1.0178618181
3639 0.00895615645647755 0.04801081380840778 -1.0178618181
3640 0.01214691543197619 0.03749229114460988 -1.0178618181
3641 0.017328426848683 0.02779836514199076 -1.0178618181
3642 0.02430156812724558 0.01930156794426515 -1.0178618181
3643 0.03279836530285093 0.0123284267412 -1.0178618181
3644 0.04249229126581772 0.007146915381770796 -1.0178618181
3645 0.05301081387370361 0.00395615644349011 -1.0178618181
3646 0.008237548812129585 0.04786787386269622 -1.0178618181
3647 0.01147000183369478 0.03721190434916968 -1.0178618181
3648 0.01671922070670889 0.027391306606671 -1.0178618181
3649 0.02378348089157795 0.01878348070177206 -1.0178618181
3650 0.03239130677470628 0.01171922059443134 -1.0178618181
3651 0.04221190447705869 0.006470001780721452 -1.0178618181
3652 0.05286787392754871 0.003237548799229667 -1.0178618181
3653 0.07488861059060722 0.003956156456282764 -1.0178618181
3654 0.08540713326154545 0.007146915434527452 -1.0178618181
3655 0.09510105926483545 0.01232842685324659 -1.0178618181
3656 0.1035978564579249 0.01930156812943923 -1.0178618181
3657 0.11057099766141 0.02779836530676274 -1.0178618181
3658 0.1157525090195934 0.03749229126912051 -1.0178618181
3659 0.1189432679563348 0.04801081387284391 -1.0178618181
3660 0.07503155054513265 0.00323754881368666 -1.0178618181
3661 0.08568752006528971 0.00647000183968352 -1.0178618181
3662 0.09550811780407586 0.01171922071388867 -1.0178618181
3663 0.1041159437039142 0.01878348089726242 -1.0178618181
3664 0.111180203811909 0.02739130678419222 -1.0178618181
3665 0.1164294226216674 0.03721190448282041 -1.0178618181
3666 0.1196618756007651 0.04786787392751014 -1.0178618181
3667 0.1210736026678549 0.07031236052030324 -1.0178618181
3668 0.1177592403966937 0.08123834863840877 -1.0178618181
3669 0.1123770081141731 0.09130779696216421 -1.0178618181
3670 0.1051337420108525 0.1001337422064608 -1.0178618181
3671 0.09630779678675211 0.1073770082313787 -1.0178618181
3672 0.08623834849877215 0.1127592404545313 -1.0178618181
3673 0.07531236044802714 0.1160736026822292 -1.0178618181
3674 0.05258706388672803 0.1160736026692508 -1.0178618181
3675 0.0416610757696188 0.1127592404000161 -1.0178618181
3676 0.03159162745663791 0.1073770081267334 -1.0178618181
3677 0.02276568220260163 0.1001337420199116 -1.0178618181
3678 0.01552241617338786 0.09130779679388193 -1.0178618181
3679 0.01014018395323224 0.08123834851750977 -1.0178618181
3680 0.00682582171952973 0.0703123604568601 -1.0178618181
3681 0.006825821681969747 0.04758706387567598 -1.0178618181
3682 0.01014018395573332 0.03666107574579676 -1.0178618181
3683 0.01552241623457931 0.0265916274245421 -1.0178618181
3684 0.02276568235025051 0.01776568216173012 -1.0178618181
3685 0.03159162758951344 0.01052241612434898 -1.0178618181
3686 0.04166107587535078 0.00514018390207026 -1.0178618181
3687 0.05258706394203828 0.001825821668769427 -1.0178618181
3688 0.07531236052682233 0.001825821682466262 -1.0178618181
3689 0.08623834866077597 0.005140183958454798 -1.0178618181
3690 0.09630779698053493 0.01052241623796975 -1.0178618181
3691 0.1051337422434914 0.01776568235546871 -1.0178618181
3692 0.1123770082823371 0.02659162759951449 -1.0178618181
3693 0.1177592404999671 0.03666107588025988 -1.0178618181
3694 0.1210736027307759 0.04758706393973122 -1.0178618181
3695 0.1453218381618698 0.09808585611891212 0.38832092645
3696 0.1377158521168325 0.1109051816770472 0.38832092645
3697 0.1272215208152882 0.1215291115768325 0.38832092645
3698 0.1150626986433637 0.1302199624800212 0.38832092645
3699 0.1019047581176253 0.1373193495452801 0.38832092645
3700 0.08811221669109406 0.143096748444723 0.38832092645
3701 0.07389811069619626 0.1477457567760828 0.38832092645
3702 0.05939624566644382 0.1514028750541486 0.38832092645
3703 0.04469688301346003 0.1541636256062017 0.38832092645
3704 0.02986527489889098 0.1560936116822977 0.38832092645
3705 0.0149521147714876 0.1572355662834813 0.38832092645
3706 -0.01495211483776916 0.157235566280121 0.38832092645
3707 -0.02986527504114998 0.1560936116676655 0.38832092645
3708 -0.04469688327960847 0.1541636255641126 0.38832092645
3709 -0.05939624593080867 0.1514028749963337 0.38832092645
3710 -0.07389811103193959 0.1477457566795304 0.38832092645
3711 -0.08811221707962906 0.1430967483011038 0.38832092645
3712 -0.1019047585648103 0.1373193493335829 0.38832092645
3713 -0.1150626990085177 0.1302199622551753 0.38832092645
3714 -0.1272215210411387 0.1215291113879245 0.38832092645
3715 -0.1377158522448811 0.1109051815161573 0.38832092645
3716 -0.1453218381901082 0.09808585604855687 0.38832092645
3717 -0.1453218381629144 0.06892206968369055 0.38832092645
3718 -0.1377158521245922 0.05610274413270273 0.38832092645
3719 -0.1272215208286157 0.04547881423431501 0.38832092645
3720 -0.1150626986558114 0.03678796332764354 0.38832092645
3721 -0.1019047581396549 0.02968857626514873 0.38832092645
3722 -0.08811221671468941 0.02391117736399889 0.38832092645
3723 -0.07389811072506128 0.0192621690322182 0.38832092645
3724 -0.05939624569732992 0.01560505075260603 0.38832092645
3725 -0.04469688311324985 0.01284430020957922 0.38832092645
3726 -0.02986527490084924 0.01091431411790367 0.38832092645
3727 -0.01495211477114896 0.009772359516501544 0.38832092645
3728 0.01495211483729402 0.009772359519854959 0.38832092645
3729 0.02986527503674024 0.01091431413188095 0.38832092645
3730 0.04469688322637175 0.01284430022746848 0.38832092645
3731 0.059396245906645 0.01560505079838188 0.38832092645
3732 0.07389811099876765 0.01926216911093012 0.38832092645
3733 0.08811221705150889 0.02391117748850182 0.38832092645
3734 0.1019047585330716 0.02968857645139204 0.38832092645
3735 0.115062698977528 0.0367879635257426 0.38832092645
3736 0.1272215210189786 0.04547881439354024 0.38832092645
3737 0.1377158522237777 0.05610274425732679 0.38832092645
3738 0.1453218381926582 0.06892206975779647 0.38832092645
3739 -0.07537087099358886 0.03412277945830455 0.7766418529
3740 0.07553365548882782 0.1352678663427621 0.7766418529
3741 0.07620682567423148 0.03326557648239812 0.7766418529
3742 -0.07697919170010444 0.1331120473113694 0.7766418529
3743 0.1152831987302548 0.05141487597619333 0.7766418529
3744 -0.1153124577710619 0.1151967706323216 0.7766418529
3745 0.03697028487215108 0.1456865342681236 0.7766418529
3746 -0.03682009310616242 0.02370155418756097 0.7766418529
3747 0.03446120705112078 0.02347663212866154 0.7766418529
3748 -0.03560967793713431 0.1422841903027449 0.7766418529
3749 0.1144274068958188 0.1155413137467222 0.7766418529
3750 -0.1137956135592477 0.05217934123197265 0.7766418529
3751 -0.008475633741015065 0.1455310862425589 0.7766418529
3752 0.00795309437298009 0.0187147251911007 0.7766418529
3753 0.1358019044461767 0.08712859906561406 0.7766418529
3754 -0.1349929808541037 0.07927225084845285 0.7766418529
3755 -0.1304314828291048 0.0979171443812336 0.7766418529
3756 0.1311534978171668 0.06820630719515675 0.7766418529
3757 -0.01994950825151832 0.1456489437090428 0.7766418529
3758 -0.01440820361234133 0.1361234415106859 0.7766418529
3759 -0.004231806668197753 0.1348389073778531 0.7766418529
3760 -0.01039115321562254 0.1268918615179028 0.7766418529
3761 -0.0005215198131087481 0.1253530354488734 0.7766418529
3762 -0.006760333814875771 0.1175672841579086 0.7766418529
3763 -0.01653658489689554 0.1189990752224423 0.7766418529
3764 0.00312521130883436 0.1160477475016447 0.7766418529
3765 0.009378620999110906 0.1238020380098174 0.7766418529
3766 0.01300939214801036 0.1145184004442718 0.7766418529
3767 -0.0129924150656607 0.1097527243099454 0.7766418529
3768 -0.02287336363204245 0.1112632388164749 0.7766418529
3769 -0.01925449810889963 0.1019579707448316 0.7766418529
3770 -0.02914118634693556 0.1034717342748201 0.7766418529
3771 -0.02551083966273766 0.09415718927718726 0.7766418529
3772 -0.03539656937695165 0.09566994218297747 0.7766418529
3773 -0.03176414832900853 0.08635368332645067 0.7766418529
3774 -0.04164937507039358 0.08786598178925073 0.7766418529
3775 -0.0380165245798099 0.07854936086301957 0.7766418529
3776 -0.0479015959172656 0.08006152322908311 0.7766418529
3777 -0.05153458418280482 0.08937826179479122 0.7766418529
3778 -0.0577866641921448 0.08157368259244904 0.7766418529
3779 -0.06141964014042972 0.0908904105259081 0.7766418529
3780 -0.06767168455837511 0.0830858008009875 0.7766418529
3781 -0.04426864795596729 0.07074481927520626 0.7766418529
3782 -0.03438363850307952 0.06923271042372443 0.7766418529
3783 -0.07130466258994464 0.09240253051785917 0.7766418529
3784 -0.07755669981820627 0.08459791462593792 0.7766418529
3785 -0.05516760387941434 0.09869502724509849 0.7766418529
3786 -0.06403870545435397 0.07376907016405243 0.7766418529
3787 -0.08118967860370999 0.09391464498935395 0.7766418529
3788 -0.08744171474083398 0.08611002816147115 0.7766418529
3789 -0.0838087358798057 0.07679329773328583 0.7766418529
3790 -0.04063568974750729 0.06142810662170002 0.7766418529
3791 -0.03075067858712635 0.05991599632055976 0.7766418529
3792 -0.09369375051885782 0.07830541102554296 0.7766418529
3793 -0.03277445528254246 0.1127887348372835 0.7766418529
3794 -0.09006077171118994 0.06898868064313496 0.7766418529
3795 -0.09732672933262401 0.08762214141318266 0.7766418529
3796 -0.07493764281310092 0.101719262114489 0.7766418529
3797 -0.08482265764258223 0.1032313755700949 0.7766418529
3798 -0.1035787651195413 0.07981752428488406 0.7766418529
3799 -0.02449864336922614 0.06772061393885301 0.7766418529
3800 -0.02086566957424383 0.05840388787308165 0.7766418529
3801 -0.03700271752449662 0.05211138190748075 0.7766418529
3802 -0.04688773264202013 0.05362349561558934 0.7766418529
3803 0.01927118164084052 0.1223144902445973 0.7766418529
3804 0.02289427267160173 0.1129994221814667 0.7766418529
3805 0.01663292819775079 0.1052035017001412 0.7766418529
3806 0.02651640337326638 0.1036803088242841 0.7766418529
3807 0.0327780693095753 0.1114774172844608 0.7766418529
3808 0.03639971584842999 0.1021566109474617 0.7766418529
3809 0.03013812152004019 0.09435973779405604 0.7766418529
3810 0.04002130224808848 0.09283559247813786 0.7766418529
3811 0.03375970114781139 0.08503869521082162 0.7766418529
3812 0.04364285554118597 0.08351446005995096 0.7766418529
3813 0.04990446851202646 0.09131139806897023 0.7766418529
3814 0.05352600952201038 0.08199022353525902 0.7766418529
3815 0.059787622421949 0.0897871613170237 0.7766418529
3816 0.06340916137507802 0.08046597972444477 0.7766418529
3817 0.06967077392040211 0.08826291629186031 0.7766418529
3818 0.03738124722549165 0.07571753798670718 0.7766418529
3819 0.07329231247161976 0.07894173332041184 0.7766418529
3820 0.07955392489085622 0.08673866945562417 0.7766418529
3821 0.05714754939493492 0.07266904509484221 0.7766418529
3822 0.04266135518798951 0.1099536384948841 0.7766418529
3823 0.08320991362922575 0.07764086019977798 0.7766418529
3824 0.08944281745015459 0.08525165119810915 0.7766418529
3825 0.08580218873760238 0.09444905407320361 0.7766418529
3826 0.06604923550970455 0.0975840997336484 0.7766418529
3827 0.07678697969167816 0.06920720678344114 0.7766418529
3828 0.09309976311999814 0.07616004670538311 0.7766418529
3829 0.09932804166312137 0.08374084764142077 0.7766418529
3830 0.02749809551538208 0.07724178229453463 0.7766418529
3831 0.03111963517051783 0.06792060309838735 0.7766418529
3832 0.0212712825223008 0.06941690438833907 0.7766418529
3833 0.02486382265269687 0.06011900999116593 0.7766418529
3834 0.03386181748812327 0.05843696046201365 0.7766418529
3835 0.01501643668993357 0.061614535239554 0.7766418529
3836 0.01860430468044855 0.05232039230194926 0.7766418529
3837 0.008726957839424777 0.05383997865725763 0.7766418529
3838 0.102989874428874 0.07468093087159751 0.7766418529
3839 0.09711261082505014 0.06568007023538174 0.7766418529
3840 0.1092126981213835 0.08222636281163836 0.7766418529
3841 -0.1072117439269126 0.08913425466703778 0.7766418529
3842 0.1055825823628933 0.09149193120725382 0.7766418529
3843 -0.01461829181078608 0.06621223634821756 0.7766418529
3844 0.03903982425726903 0.1192748310622071 0.7766418529
3845 0.04892300809049371 0.1177507144846019 0.7766418529
3846 0.01233839696277211 0.04452690594348149 0.7766418529
3847 0.002868631585868602 0.04634056280052583 0.7766418529
3848 0.02225583750123783 0.04260270654784867 0.7766418529
3849 -0.04325475502278193 0.04430676625345039 0.7766418529
3850 -0.05305365085726785 0.04548728119528768 0.7766418529
3851 -0.04975896692936605 0.03549188984954625 0.7766418529
3852 -0.03363975116694071 0.04301095020430797 0.7766418529
3853 -0.07866217158423054 0.1104375124124876 0.7766418529
3854 -0.0885826278779915 0.1117179358678047 0.7766418529
3855 -0.1134637797142463 0.08132963753909646 0.7766418529
3856 -0.1009597081399461 0.09693887179529395 0.7766418529
3857 -0.08017575711762251 0.06747656738989759 0.7766418529
3858 -0.08649042545380953 0.05972212324720712 0.7766418529
3859 -0.07655869079512265 0.0585920318760652 0.7766418529
3860 -0.06870086558902283 0.1094241327641535 0.7766418529
3861 -0.05675839557664829 0.05508034375047793 0.7766418529
3862 -0.0182473880924213 0.07552585654121971 0.7766418529
3863 0.005251763989582612 0.06325829468405632 0.7766418529
3864 -0.1098308009081301 0.07201290715801956 0.7766418529
3865 0.01568373082475299 0.1315610488568266 0.7766418529
3866 -0.06302478493177577 0.04733099338834273 0.7766418529
3867 -0.00940624822462466 0.1004729077562832 0.7766418529
3868 -0.09632324626360318 0.06119242568535339 0.7766418529
3869 0.04540967055192389 0.1269849770130044 0.7766418529
3870 0.0551249930733157 0.1251664190718101 0.7766418529
3871 0.05879622098265527 0.116162928496996 0.7766418529
3872 0.00233148114071666 0.1435792080908443 0.7766418529
3873 0.115371368087333 0.09003736212441962 0.7766418529
3874 -0.09310053002785745 0.05231147359361385 0.7766418529
3875 0.01777857993738949 0.07866511096044185 0.7766418529
3876 0.1138111049268471 0.07187472598691504 0.7766418529
3877 -0.1108608525696438 0.09824818292526495 0.7766418529
3878 -0.01097855417927696 0.057037039449709 0.7766418529
3879 -0.01658201996554421 0.04752500102686977 0.7766418529
3880 -0.1194208750404953 0.07328875279065816 0.7766418529
3881 0.02516626691427115 0.1299597133571483 0.7766418529
3882 0.02139824432276574 0.1390927126742497 0.7766418529
3883 0.1115317452472471 0.09898785153379261 0.7766418529
3884 0.1013989519417736 0.1025638803992359 0.7766418529
3885 0.1220373157173574 0.09858863997928483 0.7766418529
3886 0.01593148304479729 0.0355321679183651 0.7766418529
3887 -0.07339320594104293 0.118663308750211 0.7766418529
3888 -0.06261521791969571 0.1172823220141036 0.7766418529
3889 0.06446251318104948 0.1234223265485906 0.7766418529
3890 0.06834047198811138 0.1145160205105035 0.7766418529
3891 -0.02441738092332681 0.1358718804859375 0.7766418529
3892 0.02316522339250019 0.02058092895409573 0.7766418529
3893 0.05141679217627965 0.134236972389478 0.7766418529
3894 -0.06700849779221674 0.1274212872429447 0.7766418529
3895 -0.05637495969214616 0.1250009375025499 0.7766418529
3896 -0.05254855699883466 0.1158163834207749 0.7766418529
3897 -0.04632875932183688 0.1235989718030016 0.7766418529
3898 -0.04957903663687931 0.1336424620418212 0.7766418529
3899 -0.1057915059776457 0.1076013826332412 0.7766418529
3900 0.02588757643704357 0.03222715240822992 0.7766418529
3901 0.03689194103117448 0.03469588600616023 0.7766418529
3902 0.04490314931170623 0.02733010693938101 0.7766418529
3903 0.04646165120923235 0.03816115211432761 0.7766418529
3904 0.05376467315649874 0.03206590272405328 0.7766418529
3905 0.05530510756527941 0.04198380075856573 0.7766418529
3906 0.04828040148269633 0.0481726171854544 0.7766418529
3907 0.05736312124617521 0.05181720502815186 0.7766418529
3908 0.04980900554009472 0.05815258651347868 0.7766418529
3909 0.06589330800054201 0.04477005779315125 0.7766418529
3910 0.06699793941181101 0.05493201789059311 0.7766418529
3911 0.07343890922290706 0.05074464132017747 0.7766418529
3912 0.06593677776036501 0.1398344415540124 0.7766418529
3913 -0.1162563852341155 0.06372725241054975 0.7766418529
3914 -0.007919671459031418 0.07441946621705411 0.7766418529
3915 -0.01160141224655253 0.08370430112597999 0.7766418529
3916 -0.1236615842001825 0.08299376976543064 0.7766418529
3917 -0.04004448542449238 0.1314256176769364 0.7766418529
3918 0.1246386397615561 0.05785412266745669 0.7766418529
3919 -0.1243309219616629 0.1086770348182791 0.7766418529
3920 -0.008758898052666234 0.02120239381650751 0.7766418529
3921 -0.01982394871192699 0.02125860446135669 0.7766418529
3922 -0.01374459830799327 0.03031146930088544 0.7766418529
3923 -0.004597968343490027 0.03191956290970165 0.7766418529
3924 -0.02266730499219953 0.0314152555204185 0.7766418529
3925 -0.009495473012134825 0.03950215255220053 0.7766418529
3926 -0.1264897735151465 0.06534534410122685 0.7766418529
3927 0.1146731054408789 0.06173461387858576 0.7766418529
3928 0.1056520388436432 0.05800480614284043 0.7766418529
3929 0.1042395946952502 0.04805796334267633 0.7766418529
3930 0.09615190559649002 0.05454104913133032 0.7766418529
3931 0.09484759701742704 0.04455986168102528 0.7766418529
3932 0.0881966033004335 0.05955505742286479 0.7766418529
3933 -0.06525451322120795 0.028511461911794 0.7766418529
3934 -0.1025648432962047 0.05337944639612929 0.7766418529
3935 -0.09034625817700667 0.1304595951586631 0.7766418529
3936 -0.100601135008259 0.1251076532683191 0.7766418529
3937 -0.0933266737668802 0.03641748073681395 0.7766418529
3938 0.09201209126678768 0.1291405650681158 0.7766418529
3939 0.1019784446446818 0.1248478262291046 0.7766418529
3940 0.0931419879976698 0.1188562046925484 0.7766418529
3941 0.08419784280623813 0.1206830834193206 0.7766418529
3942 0.08623538373318823 0.1118472845748694 0.7766418529
3943 0.1030145284149789 0.1141392836412049 0.7766418529
3944 0.00209880030411454 0.07322610485199468 0.7766418529
3945 0.06632472035427397 0.02795388829888771 0.7766418529
3946 0.1244088785353899 0.1096595242754819 0.7766418529
3947 -0.081553572055325 0.1243959529233598 0.7766418529
3948 -0.09873484393898056 0.04465254418543513 0.7766418529
3949 -0.04769453753613249 0.02455272232241956 0.7766418529
3950 0.07538164505197045 0.05909433326658323 0.7766418529
3951 -0.06639870698199217 0.1385255706402762 0.7766418529
3952 -0.06857531791425141 0.04016425037935163 0.7766418529
3953 -0.07635979989770228 0.04391053092761422 0.7766418529
3954 0.087177942522023 0.04905560068678953 0.7766418529
3955 0.08571384862898818 0.04012582595512244 0.7766418529
3956 0.004993750050685421 0.03599754189238912 0.7766418529
3957 0.09560528864021424 0.09330498434930759 0.7766418529
3958 0.09167047665454464 0.102450081871686 0.7766418529
3959 0.1190865281715336 0.08064168004898452 0.7766418529
3960 -0.09994752610394506 0.07050218759569404 0.7766418529
3961 -0.1062642650233167 0.06255806157411703 0.7766418529
3962 -0.09107469346880281 0.0954267584755113 0.7766418529
3963 -0.116577069064131 0.09087331025748374 0.7766418529
3964 0.07591585614776671 0.09595267113913025 0.7766418529
3965 0.02766830070212547 0.05092242275416656 0.7766418529
3966 -0.04042082155818653 0.03430659804605379 0.7766418529
3967 -0.09492864071103869 0.1048294239411195 0.7766418529
3968 0.06645734378924545 0.0710361650122681 0.7766418529
3969 -0.09797605878581508 0.1146405315447011 0.7766418529
3970 0.0418071345401216 0.06503584004387403 0.7766418529
3971 0.05616608404799517 0.09910834485833206 0.7766418529
3972 -0.07392372111309059 0.07528118433146005 0.7766418529
3973 -0.02705426056310942 0.05037495961616505 0.7766418529
3974 -0.07029339435935891 0.06603648640404965 0.7766418529
3975 -0.05051831433685507 0.06293101069670799 0.7766418529
3976 -0.06505516796631922 0.1001905215767036 0.7766418529
3977 -0.02469520572157577 0.04075012657310045 0.7766418529
3978 -0.05883383175766387 0.1079846733434188 0.7766418529
3979 -0.04892111713198229 0.1064951359458897 0.7766418529
3980 0.04726439858807348 0.07419329249192426 0.7766418529
3981 0.02390382102520074 0.08654611636141699 0.7766418529
3982 0.01399340773115534 0.08808721804925056 0.7766418529
3983 -0.05415327596670231 0.07225540780876151 0.7766418529
3984 -0.06040572794362717 0.06445234089507032 0.7766418529
3985 -0.02813165571268132 0.07703736513087994 0.7766418529
3986 -0.06660130669642425 0.0570962102090951 0.7766418529
3987 -0.04528259940136267 0.09718292265287577 0.7766418529
3988 0.04628291205557936 0.100632519331308 0.7766418529
3989 0.05254287960334298 0.1084189048952793 0.7766418529
3990 0.06236762336508753 0.1068618891300275 0.7766418529
3991 -0.02181383589524226 0.0849041619825579 0.7766418529
3992 0.07197371698349996 0.1051342732661936 0.7766418529
3993 0.02025942536305356 0.09588088059911344 0.7766418529
3994 -0.03656754101016815 0.1220456313446117 0.7766418529
3995 0.01041237143072014 0.09765432417432984 0.7766418529
3996 -0.03902991233303836 0.1049854572180471 0.7766418529
3997 -0.04269505701306713 0.1142883857616014 0.7766418529
3998 -0.01562757132805224 0.09264657649362988 0.7766418529
3999 0.02909465908241587 0.120770333789221 0.7766418529
4000 0.03509891630362123 0.1283179014104459 0.7766418529
4001 0.00675852490624132 0.1067693616496193 0.7766418529
4002 -0.02653955666753669 0.1205518921499232 0.7766418529
4003 0.0597193141033546 0.06262848258520011 0.7766418529
4004 -0.003129335587172506 0.1082577937544128 0.7766418529
4005 0.0005066499962854017 0.09925507182184869 0.7766418529
4006 0.04002096455283196 0.04455937471424341 0.7766418529
4007 -0.004756572356383032 0.06471878415315904 0.7766418529
4008 -0.1206877455634777 0.1000054719686541 0.7766418529
4009 -0.001024785356000281 0.05560764805574485 0.7766418529
4010 -0.1223253485054948 0.05646593322215053 0.7766418529
4011 -0.005298290525521374 0.09177848079703746 0.7766418529
4012 0.005818949327570146 0.1333175437911202 0.7766418529
4013 0.1379739007833702 0.07758877465154135 0.7766418529
4014 -0.1379739007961073 0.08941915114339435 0.7766418529
4015 0.0116233298777172 0.0709505634102016 0.7766418529
4016 0.01202368946834711 0.1409347418606318 0.7766418529
4017 0.1284404103298142 0.07906584722752347 0.7766418529
4018 -0.08317060935971715 0.05065625776471977 0.7766418529
4019 0.08163311538380695 0.1036124613573797 0.7766418529
4020 -0.04651854552768115 0.1433547817411154 0.7766418529
4021 -0.05634879985800414 0.1399705180556424 0.7766418529
4022 0.1250890409237429 0.08832081602780779 0.7766418529
4023 -0.0591692194866873 0.03702797022206911 0.7766418529
4024 0.1318561206643384 0.1023403939543493 0.7766418529
4025 -0.09030209180389392 0.1205139183381519 0.7766418529
4026 -0.02029703337610001 0.1279684573309722 0.7766418529
4027 0.04105512888565461 0.136042021489197 0.7766418529
4028 0.07453928919361391 0.1238364516722923 0.7766418529
4029 -0.006448464906455292 0.04779033497979558 0.7766418529
4030 0.008305492750032058 0.08092017080939529 0.7766418529
4031 -0.0310674359513087 0.1295594512901341 0.7766418529
4032 0.1225775377461754 0.07263778412745563 0.7766418529
4033 0.06918890633047975 0.0368957356281673 0.7766418529
4034 0.1087205759129319 0.1074691864355947 0.7766418529
4035 -0.1153966967686984 0.1059457685955522 0.7766418529
4036 -0.05625469657414475 0.028237819011687 0.7766418529
4037 0.08663503276457682 0.06869420104304887 0.7766418529
4038 0.0312202397581539 0.04218852473987626 0.7766418529
4039 0.04788118105351318 0.1439798943049788 0.7766418529
4040 0.05690186270265929 0.141489349188435 0.7766418529
4041 0.004420688203984917 0.09085686069157058 0.7766418529
4042 -0.1298763223080674 0.08881049629941633 0.7766418529
4043 0.1068029960022934 0.06660196385084352 0.7766418529
4044 0.07781997001474308 0.1132715958000932 0.7766418529
4045 -0.05948949277367384 0.1329193775106968 0.7766418529
4046 0.05114606606490801 0.06655877399711084 0.7766418529
4047 -0.1353889928581745 0.0688678541104331 0.7766418529
4048 0.1164080703186197 0.1062884136330032 0.7766418529
4049 0.09461745450673957 0.1104649784860076 0.7766418529
4050 0.04206777170364224 0.05427112575749633 0.7766418529
4051 -0.1069188873065439 0.04536949456737432 0.7766418529
4052 0.09306390673682999 0.03489157473078582 0.7766418529
4053 0.08339898181806525 0.03029126475354767 0.7766418529
4054 0.009107058990150973 0.1496607738331544 0.7766418529
4055 0.05258813711959587 0.0225175803058002 0.7766418529
4056 -0.03098807285024222 0.03288612184225341 0.7766418529
4057 0.01887650151923016 0.1483085490021017 0.7766418529
4058 0.02733284679389532 0.1452454514351848 0.7766418529
4059 0.06906864440961193 0.06337964110761714 0.7766418529
4060 0.06850375615859897 0.1308354038586937 0.7766418529
4061 -0.1069487713102599 0.1185532600667517 0.7766418529
4062 -0.1278311873280064 0.07361952794086685 0.7766418529
4063 -0.0725668465720128 0.05108506494056481 0.7766418529
4064 0.06039111584204467 0.13249748543517 0.7766418529
4065 0.03117028134872652 0.1373907224390582 0.7766418529
4066 -0.08404409002650173 0.04025125987765247 0.7766418529
4067 -0.002248117989536399 0.03997672539917489 0.7766418529
4068 0.07686260877501024 0.04401135107039011 0.7766418529
4069 0.1020149968100527 0.03883995115876118 0.7766418529
4070 -0.02803293891227608 0.02403517002589865 0.7766418529
4071 0.01018132732674817 0.02706286399174051 0.7766418529
4072 -0.02762122460115537 0.1439885532535069 0.7766418529
4073 0.06138249513842968 0.03530730901883023 0.7766418529
4074 0.01766822189808003 0.02741574661025525 0.7766418529
4075 0.01486899927214212 0.01988682489080449 0.7766418529
4076 -0.01727524944389969 0.03775739717101177 0.7766418529
4077 -0.07473361687217227 0.1258981490569712 0.7766418529
4078 0.0005087256596824848 0.02441495505021429 0.7766418529
4079 0.132021243982697 0.09489286102919361 0.7766418529
4080 -0.1031895723615742 0.03858321181648314 0.7766418529
4081 0.05869125433508865 0.02668994622919066 0.7766418529
4082 0.1216058190530492 0.06557776115943316 0.7766418529
4083 0.08300816734541459 0.1298166505375232 0.7766418529
4084 0.1080721986603151 0.1202611282043859 0.7766418529
4085 0.08142500239285699 0.06340983421515332 0.7766418529
4086 0.08041513830659067 0.0540004363198307 0.7766418529
4087 -0.09066016138963355 0.04485725158067486 0.7766418529
4088 0.03539333759670606 0.05073444917066793 0.7766418529
4089 -0.08351153598592395 0.03100773461706056 0.7766418529
4090 -0.1240553743979442 0.09252246886157933 0.7766418529
4091 -0.0826867376667616 0.1168617695231281 0.7766418529
4092 -0.04293793638154678 0.1376767629406545 0.7766418529
4093 0 0.08350396290000001 0.7766418529
4094 0.1504360236666775 0.08350396290000001 0.38832092645
4095 0.1526527399333026 0.08350396290000001 0.38832092645
4096 0.1548694561999729 0.08350396290000001 0.38832092645
4097 0.1570861724666504 0.08350396290000001 0.38832092645
4098 0.1593028887333225 0.08350396290000001 0.38832092645
4099 0.1583621345251692 0.09939434637545655 0.38832092645
4100 0.1500736336323091 0.1133640001059024 0.38832092645
4101 0.1386376049788819 0.1249412567458689 0.38832092645
4102 0.1253877241702601 0.1344119716676752 0.38832092645
4103 0.1110490702334795 0.1421484144696834 0.38832092645
4104 0.09601887017425628 0.1484442419450875 0.38832092645
4105 0.08052927691254431 0.1535104239577102 0.38832092645
4106 0.0647261028717237 0.1574957097478665 0.38832092645
4107 0.0487077089743724 0.1605041932337852 0.38832092645
4108 0.03254520270934547 0.1626073645018964 0.38832092645
4109 0.01629382645290661 0.1638517911514198 0.38832092645
4110 0 0.1587219747333352 0.38832092645
4111 0 0.1598303328666757 0.38832092645
4112 0 0.1609386909999838 0.38832092645
4113 0 0.1620470491333243 0.38832092645
4114 0 0.1631554072666649 0.38832092645
4115 0.1474952208890968 0.09830393782833682 0.7766418529
4116 0.1397754823694217 0.1113149847485243 0.7766418529
4117 0.1291242015092296 0.1220978024383402 0.7766418529
4118 0.1167835362311879 0.1309186306779654 0.7766418529
4119 0.1034288101369415 0.1381241936993495 0.7766418529
4120 0.08942999227162733 0.1439879973614526 0.7766418529
4121 0.07500330506559283 0.1487065346396896 0.7766418529
4122 0.06028455520066132 0.1524183475031038 0.7766418529
4123 0.04536535400694858 0.1552203868774678 0.7766418529
4124 0.03031192953396884 0.157179237152233 0.7766418529
4125 0.01517573338505848 0.1583382704281397 0.7766418529
4126 0.1496686036162738 0.09852201953776016 0.7766418529
4127 0.1418351126219643 0.111724787819999 0.7766418529
4128 0.1310268822031282 0.122666493299845 0.7766418529
4129 0.1185043738189737 0.1316172988759068 0.7766418529
4130 0.1049528621562239 0.1389290378534161 0.7766418529
4131 0.0907477678521314 0.1448792462781802 0.7766418529
4132 0.07610849943496495 0.1496673125032952 0.7766418529
4133 0.06117286473485924 0.1534338199520588 0.7766418529
4134 0.04603382500042239 0.1562771481487348 0.7766418529
4135 0.03075858416903685 0.1582648626221704 0.7766418529
4136 0.01539935199862445 0.1594409745728018 0.7766418529
4137 0.1518419863434928 0.0987401012471813 0.7766418529
4138 0.1438947428745454 0.1121345908914692 0.7766418529
4139 0.1329295628970616 0.1232351841613429 0.7766418529
4140 0.1202252114067907 0.1323159670738385 0.7766418529
4141 0.1064769141755336 0.1397338820074705 0.7766418529
4142 0.09206554343265888 0.1457704951948928 0.7766418529
4143 0.07721369380435664 0.1506280903668829 0.7766418529
4144 0.06206117426907277 0.1544492924009931 0.7766418529
4145 0.04670229599390794 0.1573339094199783 0.7766418529
4146 0.0312052388041127 0.1593504880920815 0.7766418529
4147 0.01562297061219434 0.1605436787174345 0.7766418529
4148 0.1540153690707201 0.0989581829566067 0.7766418529
4149 0.145954373127135 0.1125443939629475 0.7766418529
4150 0.1348322435910033 0.1238038750228523 0.7766418529
4151 0.1219460489946153 0.133014635271785 0.7766418529
4152 0.1080009661948502 0.1405387261615426 0.7766418529
4153 0.09338331901319247 0.1466617441116256 0.7766418529
4154 0.07831888817375349 0.1515888682304934 0.7766418529
4155 0.06294948380329052 0.1554647648499524 0.7766418529
4156 0.04737076698739667 0.1583906706912489 0.7766418529
4157 0.03165189343919068 0.1604361135620215 0.7766418529
4158 0.01584658922576529 0.161646382862098 0.7766418529
4159 0.1561887517979421 0.09917626466603183 0.7766418529
4160 0.1480140033797198 0.1129541970344254 0.7766418529
4161 0.1367349242849406 0.1243725658843613 0.7766418529
4162 0.1236668865824359 0.133713303469731 0.7766418529
4163 0.1095250182141633 0.1413435703156141 0.7766418529
4164 0.094701094593723 0.1475529930283579 0.7766418529
4165 0.07942408254314778 0.1525496460941034 0.7766418529
4166 0.06383779333750619 0.1564802372989113 0.7766418529
4167 0.04803923798088386 0.159447431962519 0.7766418529
4168 0.03209854807426762 0.1615217390319612 0.7766418529
4169 0.01607020783933572 0.1627490870067613 0.7766418529
4170 -0.01629382652133112 0.1638517911479508 0.38832092645
4171 -0.03254520285697534 0.1626073644867118 0.38832092645
4172 -0.04870770924791367 0.1605041931905269 0.38832092645
4173 -0.0647261031878732 0.1574957096787267 0.38832092645
4174 -0.08052927730835428 0.153510423843884 0.38832092645
4175 -0.09601887063039675 0.1484442417764784 0.38832092645
4176 -0.1110490707529022 0.1421484142237889 0.38832092645
4177 -0.1253877245979025 0.1344119714043517 0.38832092645
4178 -0.1386376052298821 0.1249412565359247 0.38832092645
4179 -0.1500736337785805 0.1133639999221159 0.38832092645
4180 -0.1583621345590154 0.09939434629112957 0.38832092645
4181 -0.1504360236666775 0.08350396290000001 0.38832092645
4182 -0.1526527399333026 0.08350396290000001 0.38832092645
4183 -0.1548694561999729 0.08350396290000001 0.38832092645
4184 -0.1570861724666504 0.08350396290000001 0.38832092645
4185 -0.1593028887333225 0.08350396290000001 0.38832092645
4186 -0.01517573345169721 0.1583382704247612 0.7766418529
4187 -0.03031192967712298 0.1571792371375087 0.7766418529
4188 -0.04536535427432915 0.1552203868351839 0.7766418529
4189 -0.06028455547365694 0.1524183474434014 0.7766418529
4190 -0.07500330541134727 0.1487065345402582 0.7766418529
4191 -0.08942999267142991 0.1439879972136684 0.7766418529
4192 -0.1034288105961661 0.1381241934819526 0.7766418529
4193 -0.1167835366067567 0.1309186304467066 0.7766418529
4194 -0.1291242017392716 0.1220978022459261 0.7766418529
4195 -0.1397754825005076 0.1113149845838182 0.7766418529
4196 -0.1474952209182698 0.09830393775565294 0.7766418529
4197 -0.01539935206562033 0.1594409745694053 0.7766418529
4198 -0.03075858431308615 0.1582648626073541 0.7766418529
4199 -0.0460338252690351 0.156277148106256 0.7766418529
4200 -0.06117286501648561 0.1534338198904689 0.7766418529
4201 -0.0761084997907305 0.1496673124009848 0.7766418529
4202 -0.09074776826320155 0.144879246126231 0.7766418529
4203 -0.1049528626274881 0.1389290376303198 0.7766418529
4204 -0.1185043742049572 0.131617298638235 0.7766418529
4205 -0.1310268824373619 0.1226664931039249 0.7766418529
4206 -0.1418351127560873 0.1117247876514769 0.7766418529
4207 -0.1496686036463815 0.09852201946274772 0.7766418529
4208 -0.01562297067954737 0.1605436787140198 0.7766418529
4209 -0.03120523894905713 0.159350488077173 0.7766418529
4210 -0.0467022962637528 0.1573339093773047 0.7766418529
4211 -0.06206117455932993 0.1544492923375158 0.7766418529
4212 -0.07721369417013327 0.1506280902616936 0.7766418529
4213 -0.0920655438549966 0.1457704950387786 0.7766418529
4214 -0.1064769146588374 0.1397338817786746 0.7766418529
4215 -0.1202252118031888 0.1323159668297539 0.7766418529
4216 -0.1329295631354869 0.1232351839619167 0.7766418529
4217 -0.1438947430117055 0.1121345907191309 0.7766418529
4218 -0.1518419863745351 0.09874010116984024 0.7766418529
4219 -0.01584658929347548 0.1616463828586652 0.7766418529
4220 -0.03165189358503026 0.1604361135470209 0.7766418529
4221 -0.04737076725847366 0.1583906706483804 0.7766418529
4222 -0.06294948410217846 0.1554647647845875 0.7766418529
4223 -0.07831888854954124 0.1515888681224251 0.7766418529
4224 -0.09338331944679779 0.1466617439513465 0.7766418529
4225 -0.1080009666901936 0.1405387259270472 0.7766418529
4226 -0.1219460494014282 0.1330146350212874 0.7766418529
4227 -0.1348322438336202 0.1238038748199202 0.7766418529
4228 -0.1459543732673322 0.1125443937867931 0.7766418529
4229 -0.154015369102697 0.09895818287693695 0.7766418529
4230 -0.01607020790740307 0.1627490870033105 0.7766418529
4231 -0.03209854822100235 0.1615217390168686 0.7766418529
4232 -0.04803923825319299 0.1594474319194556 0.7766418529
4233 -0.06383779364502493 0.1564802372316589 0.7766418529
4234 -0.07942408292894662 0.1525496459831561 0.7766418529
4235 -0.09470109503859589 0.1475529928639138 0.7766418529
4236 -0.1095250187215463 0.1413435700754191 0.7766418529
4237 -0.1236668869996636 0.1337133032128205 0.7766418529
4238 -0.1367349245317491 0.1243725656779231 0.7766418529
4239 -0.1480140035229542 0.112954196854455 0.7766418529
4240 -0.1561887518308537 0.09917626458403347 0.7766418529
4241 -0.1583621345271574 0.0676135794294971 0.38832092645
4242 -0.1500736336412281 0.05364392570530421 0.38832092645
4243 -0.1386376049912032 0.04206666906443709 0.38832092645
4244 -0.1253877242067559 0.0325959541547973 0.38832092645
4245 -0.1110490702792383 0.0248595113519788 0.38832092645
4246 -0.09601887023025185 0.01856368387561083 0.38832092645
4247 -0.08052927698065271 0.01349750186187627 0.38832092645
4248 -0.06472610293964318 0.009512216066987045 0.38832092645
4249 -0.04870770907035826 0.006503732581394195 0.38832092645
4250 -0.03254520270371741 0.004400561297524697 0.38832092645
4251 -0.01629382644835032 0.003156134648349254 0.38832092645
4252 0 0.008285951066669434 0.38832092645
4253 0 0.007177592933338811 0.38832092645
4254 0 0.006069234800008807 0.38832092645
4255 0 0.0049608766666722 0.38832092645
4256 0 0.003852518533336157 0.38832092645
4257 -0.1474952208902985 0.06870398797465824 0.7766418529
4258 -0.1397754823773744 0.05569294106146958 0.7766418529
4259 -0.129124201522389 0.04491012337266867 0.7766418529
4260 -0.1167835362476433 0.03608929513216928 0.7766418529
4261 -0.1034288101629257 0.02888373211295407 0.7766418529
4262 -0.08942999230062242 0.0230199284492681 0.7766418529
4263 -0.07500330510099816 0.01830139117049539 0.7766418529
4264 -0.06028455523771945 0.01458957830500403 0.7766418529
4265 -0.04536535410610425 0.01178753893821657 0.7766418529
4266 -0.03031192953466259 0.009828688647842414 0.7766418529
4267 -0.01517573338401685 0.008669655371811819 0.7766418529
4268 -0.1496686036176323 0.06848590626562787 0.7766418529
4269 -0.1418351126301096 0.05528313799023994 0.7766418529
4270 -0.1310268822161192 0.04434143251102692 0.7766418529
4271 -0.1185043738394364 0.0353906269367002 0.7766418529
4272 -0.1049528621861623 0.02807888796076479 0.7766418529
4273 -0.09074776788652592 0.02212867953454262 0.7766418529
4274 -0.07610849947691031 0.01734061330877751 0.7766418529
4275 -0.06117286477808913 0.01357410585740637 0.7766418529
4276 -0.04603382509894373 0.01073077766685744 0.7766418529
4277 -0.030758584168466 0.008743063177783672 0.7766418529
4278 -0.01539935199687976 0.007566951227123413 0.7766418529
4279 -0.1518419863450095 0.06826782455659594 0.7766418529
4280 -0.1438947428828853 0.05487333491900735 0.7766418529
4281 -0.1329295629098865 0.04377274164938139 0.7766418529
4282 -0.1202252114312629 0.03469195874122691 0.7766418529
4283 -0.1064769142094283 0.02727404380857114 0.7766418529
4284 -0.0920655434724548 0.0212374306198129 0.7766418529
4285 -0.07721369385284371 0.01637983544705577 0.7766418529
4286 -0.0620611743184759 0.0125586334098054 0.7766418529
4287 -0.04670229609179603 0.009674016395495755 0.7766418529
4288 -0.03120523880227798 0.007657437707723272 0.7766418529
4289 -0.01562297060974696 0.006464247082434409 0.7766418529
4290 -0.1540153690723939 0.06804974284756286 0.7766418529
4291 -0.1459543731356679 0.05446353184777279 0.7766418529
4292 -0.1348322436036603 0.04320405078773303 0.7766418529
4293 -0.1219460490230953 0.03399329054575005 0.7766418529
4294 -0.1080009662326995 0.02646919965637333 0.7766418529
4295 -0.09338331905838818 0.02034618170507849 0.7766418529
4296 -0.07831888822878093 0.01541905758532887 0.7766418529
4297 -0.06294948385886569 0.01154316096219887 0.7766418529
4298 -0.04737076708465063 0.008617255124128167 0.7766418529
4299 -0.03165189343609148 0.006571812237656696 0.7766418529
4300 -0.01584658922261492 0.005361542937738991 0.7766418529
4301 -0.156188751799773 0.06783166113853008 0.7766418529
4302 -0.1480140033884455 0.05405372877653869 0.7766418529
4303 -0.1367349242974295 0.04263535992608532 0.7766418529
4304 -0.1236668866149236 0.03329462235027397 0.7766418529
4305 -0.1095250182559671 0.02566435550417637 0.7766418529
4306 -0.09470109464431849 0.01945493279034497 0.7766418529
4307 -0.07942408260471553 0.01445827972360286 0.7766418529
4308 -0.0638377933992534 0.01052768851459322 0.7766418529
4309 -0.04803923807750367 0.007560493852761415 0.7766418529
4310 -0.03209854806990392 0.005486186767590877 0.7766418529
4311 -0.01607020783548236 0.004258838793044249 0.7766418529
4312 0.01629382652632993 0.003156134652302647 0.38832092645
4313 0.03254520286275901 0.004400561313883167 0.38832092645
4314 0.0487077092098828 0.006503732603458809 0.38832092645
4315 0.06472610313800785 0.009512216110368121 0.38832092645
4316 0.08052927724820858 0.01349750193881946 0.38832092645
4317 0.09601887057946785 0.01856368400469606 0.38832092645
4318 0.1110490707019488 0.02485951155208984 0.38832092645
4319 0.1253877245527955 0.03259595436787339 0.38832092645
4320 0.1386376052041011 0.0420666692425113 0.38832092645
4321 0.150073633753025 0.05364392584577419 0.38832092645
4322 0.1583621345604604 0.06761357951247066 0.38832092645
4323 0.01517573345213434 0.008669655375265234 0.7766418529
4324 0.03031192967441203 0.009828688662216565 0.7766418529
4325 0.04536535422362658 0.01178753895680173 0.7766418529
4326 0.06028455544520945 0.01458957835038076 0.7766418529
4327 0.07500330537367944 0.01830139124891253 0.7766418529
4328 0.089429992639508 0.02301992857453476 0.7766418529
4329 0.1034288105612247 0.02888373230150865 0.7766418529
4330 0.1167835365734137 0.03608929533276452 0.7766418529
4331 0.1291242017165078 0.04491012353503541 0.7766418529
4332 0.1397754824786618 0.05569294118873461 0.7766418529
4333 0.1474952209206355 0.0687039880502421 0.7766418529
4334 0.01539935206696967 0.00756695123067682 0.7766418529
4335 0.03075858431207387 0.008743063192554683 0.7766418529
4336 0.0460338252208665 0.01073077768613849 0.7766418529
4337 0.06117286498375406 0.01357410590238396 0.7766418529
4338 0.07610849974856654 0.01734061338689986 0.7766418529
4339 0.09074776822747754 0.02212867966057298 0.7766418529
4340 0.1049528625893436 0.02807888815163066 0.7766418529
4341 0.1185043741692607 0.0353906271397916 0.7766418529
4342 0.1310268824139938 0.04434143267653515 0.7766418529
4343 0.1418351127334988 0.05528313812014596 0.7766418529
4344 0.1496686036485625 0.0684859063426897 0.7766418529
4345 0.01562297068180929 0.006464247086087815 0.7766418529
4346 0.03120523894974427 0.007657437722891146 0.7766418529
4347 0.04670229621811926 0.009674016415472685 0.7766418529
4348 0.06206117452231577 0.01255863345438386 0.7766418529
4349 0.07721369412347487 0.01637983552488333 0.7766418529
4350 0.09206554381547255 0.02123743074660699 0.7766418529
4351 0.1064769146174919 0.02727404400174832 0.7766418529
4352 0.1202252117651411 0.03469195894681448 0.7766418529
4353 0.1329295631115169 0.04377274181803112 0.7766418529
4354 0.1438947429883764 0.05487333505155438 0.7766418529
4355 0.1518419863765329 0.06826782463513566 0.7766418529
4356 0.01584658929664968 0.005361542941492393 0.7766418529
4357 0.03165189358741621 0.006571812253221433 0.7766418529
4358 0.04737076721537431 0.008617255144800995 0.7766418529
4359 0.06294948406088051 0.01154316100637821 0.7766418529
4360 0.07831888849838696 0.01541905766286164 0.7766418529
4361 0.09338331940347204 0.0203461818326363 0.7766418529
4362 0.1080009666456454 0.02646919985186179 0.7766418529
4363 0.1219460493610272 0.0339932907538338 0.7766418529
4364 0.1348322438090465 0.04320405095952425 0.7766418529
4365 0.1459543732432609 0.05446353198296078 0.7766418529
4366 0.1540153691045104 0.06804974292758055 0.7766418529
4367 0.01607020791148955 0.004258838796897646 0.7766418529
4368 0.03209854822508709 0.005486186783552484 0.7766418529
4369 0.04803923821262779 0.007560493874130138 0.7766418529
4370 0.06383779359944314 0.01052768855837343 0.7766418529
4371 0.07942408287329651 0.01445827980084084 0.7766418529
4372 0.09470109499146839 0.01945493291866649 0.7766418529
4373 0.1095250186737953 0.02566435570197612 0.7766418529
4374 0.1236668869569094 0.03329462256085388 0.7766418529
4375 0.1367349245065716 0.04263536010101802 0.7766418529
4376 0.1480140034981405 0.05405372891436769 0.7766418529
4377 0.1561887518324828 0.06783166122002571 0.7766418529
4378 0.1626265991999964 0.08350396290000001 0.38832092645
4379 0.1637335933999928 0.08350396290000001 0.38832092645
4380 0.16161819680451 0.09972106638653504 0.38832092645
4381 0.15315927717578 0.1139779482617223 0.38832092645
4382 0.141488113897153 0.1257932432974587 0.38832092645
4383 0.1279658041032463 0.1354586842940246 0.38832092645
4384 0.1133323350611427 0.1433541950422026 0.38832092645
4385 0.09799310109960448 0.1497794701730416 0.38832092645
4386 0.08218502842292084 0.1549498172644013 0.38832092645
4387 0.06605692747107883 0.1590170439743971 0.38832092645
4388 0.04970918155024233 0.1620873844816516 0.38832092645
4389 0.03321436019524732 0.1642337987680569 0.38832092645
4390 0.01662884160200121 0.1655038119048744 0.38832092645
4391 0 0.1648172624999928 0.38832092645
4392 0 0.1653707595999964 0.38832092645
4393 0.159447488618279 0.099503253045815 0.7766418529
4394 0.151102181480129 0.1135686494911738 0.7766418529
4395 0.1395877746183021 0.1252252522630627 0.7766418529
4396 0.126247084147919 0.1347608758764549 0.7766418529
4397 0.1118101585093644 0.1425503413271857 0.7766418529
4398 0.09667694714936985 0.1488893180210675 0.7766418529
4399 0.08108119408266772 0.153990221726602 0.7766418529
4400 0.06516971107150706 0.1580028211567044 0.7766418529
4401 0.04904153316632777 0.1610319236497345 0.7766418529
4402 0.03276825520464523 0.1631495092572767 0.7766418529
4403 0.01640549816927105 0.1644024647358978 0.7766418529
4404 0.1605328427113893 0.09961215971617479 0.7766418529
4405 0.1521307293279496 0.1137732988764476 0.7766418529
4406 0.1405379442577231 0.1255092477802603 0.7766418529
4407 0.1271064441255786 0.1351097800852392 0.7766418529
4408 0.11257124678525 0.1429522681846936 0.7766418529
4409 0.09733502412448408 0.149334394097054 0.7766418529
4410 0.08163311125279174 0.1544700194955012 0.7766418529
4411 0.06561331927129091 0.1585099325655503 0.7766418529
4412 0.04937535735828349 0.1615596540656926 0.7766418529
4413 0.03299130769994525 0.1636916540126665 0.7766418529
4414 0.01651716988563562 0.1649531383203859 0.7766418529
4415 -0.01662884166685914 0.1655038119015863 0.38832092645
4416 -0.03321436033605164 0.1642337987535743 0.38832092645
4417 -0.04970918182027701 0.1620873844389479 0.38832092645
4418 -0.06605692778177155 0.1590170439064506 0.38832092645
4419 -0.08218502881567703 0.1549498171514533 0.38832092645
4420 -0.09799310155574842 0.1497794700044312 0.38832092645
4421 -0.1133323355726122 0.1433541948000731 0.38832092645
4422 -0.1279658045327548 0.135458684029552 0.38832092645
4423 -0.1414881141572498 0.1257932430799059 0.38832092645
4424 -0.1531592773293217 0.113977948068801 0.38832092645
4425 -0.1616181968400685 0.09972106629794182 0.38832092645
4426 -0.1626265991999964 0.08350396290000001 0.38832092645
4427 -0.1637335933999928 0.08350396290000001 0.38832092645
4428 -0.0164054982365067 0.1644024647324891 0.7766418529
4429 -0.03276825534999991 0.1631495092423261 0.7766418529
4430 -0.04904153343870018 0.1610319236066611 0.7766418529
4431 -0.06516971138583762 0.1580028210879623 0.7766418529
4432 -0.08108119447745978 0.1539902216130684 0.7766418529
4433 -0.0966769476055115 0.148889317852458 0.7766418529
4434 -0.111810159026136 0.1425503410825462 0.7766418529
4435 -0.1262470845761834 0.1347608756127484 0.7766418529
4436 -0.1395877748723345 0.1252252520505824 0.7766418529
4437 -0.1511021816288239 0.1135686493043424 0.7766418529
4438 -0.159447488652696 0.09950325296006597 0.7766418529
4439 -0.0165171699516824 0.1649531383170376 0.7766418529
4440 -0.03299130784302474 0.1636916539979499 0.7766418529
4441 -0.04937535762948705 0.1615596540228041 0.7766418529
4442 -0.06561331958380254 0.158509932497206 0.7766418529
4443 -0.08163311164656582 0.1544700193822604 0.7766418529
4444 -0.0973350245806269 0.1493343939284441 0.7766418529
4445 -0.1125712472993706 0.142952267941309 0.7766418529
4446 -0.1271064445544651 0.1351097798211496 0.7766418529
4447 -0.1405379445147877 0.1255092475652436 0.7766418529
4448 -0.1521307294790679 0.1137732986865713 0.7766418529
4449 -0.1605328427463771 0.09961215962900369 0.7766418529
4450 -0.1616181968071986 0.06728685942016359 0.38832092645
4451 -0.1531592771822895 0.05302997754645666 0.38832092645
4452 -0.1414881139057121 0.04121468250970044 0.38832092645
4453 -0.1279658041133117 0.03154924151217325 0.38832092645
4454 -0.1133323350694105 0.02365373076171139 0.38832092645
4455 -0.09799310111973931 0.01722845563440109 0.38832092645
4456 -0.08218502844760699 0.01205810854269788 0.38832092645
4457 -0.06605692749263276 0.007990881830316585 0.38832092645
4458 -0.0497091816519748 0.004920541334436562 0.38832092645
4459 -0.03321436019058597 0.002774127031463625 0.38832092645
4460 -0.01662884159802244 0.001504113894923845 0.38832092645
4461 0 0.002190663300001298 0.38832092645
4462 0 0.001637166200001241 0.38832092645
4463 -0.159447488620501 0.06750467275971953 0.7766418529
4464 -0.1511021814882453 0.05343927631902225 0.7766418529
4465 -0.1395877746293698 0.04178267354619228 0.7766418529
4466 -0.126247084175605 0.0322470499405902 0.7766418529
4467 -0.1118101585426265 0.02445758448855737 0.7766418529
4468 -0.09667694719341222 0.01811860779520873 0.7766418529
4469 -0.08108119413630235 0.01301770408881803 0.7766418529
4470 -0.06516971112397162 0.009005104654764839 0.7766418529
4471 -0.04904153326422937 0.005976002165742955 0.7766418529
4472 -0.03276825519933955 0.003858416542172331 0.7766418529
4473 -0.01640549816490733 0.002605461063875436 0.7766418529
4474 -0.1605328427138446 0.06739576608994187 0.7766418529
4475 -0.1521307293352625 0.05323462693273996 0.7766418529
4476 -0.1405379442675365 0.04149867802794704 0.7766418529
4477 -0.1271064441444543 0.03189814572638253 0.7766418529
4478 -0.1125712468060149 0.02405565762513525 0.7766418529
4479 -0.09733502415657269 0.01767353171480582 0.7766418529
4480 -0.08163311129195207 0.01253790631575888 0.7766418529
4481 -0.0656133193083001 0.0084979932425416 0.7766418529
4482 -0.04937535745810052 0.005448271750090612 0.7766418529
4483 -0.03299130769496171 0.003316271786818762 0.7766418529
4484 -0.01651716988146436 0.002054787479400341 0.7766418529
4485 0.01662884166979165 0.001504113898562393 0.38832092645
4486 0.03321436033653164 0.002774127046475089 0.38832092645
4487 0.04970918176906701 0.004920541352953695 0.38832092645
4488 0.06605692771281853 0.007990881878469802 0.38832092645
4489 0.08218502873202785 0.01205810862449108 0.38832092645
4490 0.09799310147643524 0.01722845576625123 0.38832092645
4491 0.1133323354947654 0.02365373096307427 0.38832092645
4492 0.1279658044506 0.03154924171986063 0.38832092645
4493 0.1414881141298359 0.04121468269716431 0.38832092645
4494 0.1531592773020752 0.05302997769696445 0.38832092645
4495 0.1616181968407008 0.06728685950363342 0.38832092645
4496 0.01640549824081681 0.00260546106772388 0.7766418529
4497 0.03276825535401584 0.003858416558081796 0.7766418529
4498 0.04904153339627647 0.005976002186625078 0.7766418529
4499 0.06516971132960998 0.009005104699736619 0.7766418529
4500 0.08108119440947986 0.01301770416737789 0.7766418529
4501 0.09667694754512154 0.01811860792521559 0.7766418529
4502 0.1118101589662185 0.0244575846890857 0.7766418529
4503 0.1262470845187276 0.03224705015187004 0.7766418529
4504 0.1395877748460097 0.04178267372739637 0.7766418529
4505 0.1511021816027051 0.05343927646283816 0.7766418529
4506 0.1594474886538703 0.06750467284285852 0.7766418529
4507 0.01651716995530371 0.002054787483143835 0.7766418529
4508 0.0329913078452727 0.00331627180227923 0.7766418529
4509 0.04937535758267016 0.005448271769790236 0.7766418529
4510 0.06561331952121219 0.008497993289104111 0.7766418529
4511 0.08163311157075127 0.0125379063959354 0.7766418529
4512 0.0973350245107753 0.01767353184573432 0.7766418529
4513 0.1125712472304884 0.02405565782608086 0.7766418529
4514 0.1271064444846597 0.03189814593586614 0.7766418529
4515 0.1405379444879183 0.04149867821228102 0.7766418529
4516 0.1521307294523852 0.05323462707990183 0.7766418529
4517 0.1605328427472803 0.06739576617324626 0.7766418529
4518 0.1659242566499892 0.08350396290000001 0.38832092645
4519 0.1637431666315516 0.09993429024606573 0.38832092645
4520 0.1551730283935559 0.1143786228221076 0.38832092645
4521 0.1433484116596753 0.1263492663546131 0.38832092645
4522 0.1296483094187268 0.1361417893611354 0.38832092645
4523 0.1148224382721135 0.1441411109576274 0.38832092645
4524 0.09928152275920643 0.1506508661488326 0.38832092645
4525 0.08326560418652085 0.1558891934048681 0.38832092645
4526 0.06692544958770714 0.1600098963562723 0.38832092645
4527 0.05036276211317502 0.1631206059600166 0.38832092645
4528 0.03365106543754155 0.1652952414837976 0.38832092645
4529 0.01684747903098611 0.1665819528610233 0.38832092645
4530 0 0.1664660912 0.38832092645
4531 0.1626806817180204 0.09982767831629998 0.7766418529
4532 0.1541661527846582 0.1141782855419142 0.7766418529
4533 0.1424182627784052 0.126071254826035 0.7766418529
4534 0.1288070567609785 0.1358002368275789 0.7766418529
4535 0.114077386666621 0.1437476529999139 0.7766418529
4536 0.09863731192939935 0.150215168160936 0.7766418529
4537 0.08272531630471573 0.1554195053346337 0.7766418529
4538 0.06649118852938887 0.1595134701653338 0.7766418529
4539 0.0500359718317056 0.1626039952208334 0.7766418529
4540 0.03343271281639239 0.1647645201259267 0.7766418529
4541 0.01673816031649263 0.1660428823829485 0.7766418529
4542 -0.01684747909644201 0.1665819528577048 0.38832092645
4543 -0.03365106557963021 0.1652952414691828 0.38832092645
4544 -0.05036276238074042 0.1631206059177034 0.38832092645
4545 -0.06692544985371097 0.1600098962980989 0.38832092645
4546 -0.08326560453380523 0.1558891933049968 0.38832092645
4547 -0.09928152316415979 0.1506508659991444 0.38832092645
4548 -0.1148224387426455 0.1441411107348777 0.38832092645
4549 -0.1296483098023223 0.136141789124934 0.38832092645
4550 -0.1433484119239118 0.1263492661335978 0.38832092645
4551 -0.1551730285529968 0.1143786226217741 0.38832092645
4552 -0.1637431666680748 0.09993429015506912 0.38832092645
4553 -0.1659242566499892 0.08350396290000001 0.38832092645
4554 -0.01673816038164954 0.1660428823796453 0.7766418529
4555 -0.03343271295783887 0.1647645201113781 0.7766418529
4556 -0.05003597210050563 0.1626039951783249 0.7766418529
4557 -0.06649118881773716 0.1595134701022739 0.7766418529
4558 -0.08272531667473605 0.155419505228224 0.7766418529
4559 -0.09863731235994799 0.1502151680017867 0.7766418529
4560 -0.1140773871576218 0.1437476527674743 0.7766418529
4561 -0.1288070571675305 0.135800236577242 0.7766418529
4562 -0.1424182630405718 0.1260712546067509 0.7766418529
4563 -0.1541661529411495 0.1141782853452868 0.7766418529
4564 -0.1626806817540613 0.09982767822650507 0.7766418529
4565 -0.1637431666418446 0.06707363555990295 0.38832092645
4566 -0.1551730284269202 0.05262930298283998 0.38832092645
4567 -0.143348411704717 0.04065865943175186 0.38832092645
4568 -0.1296483094387634 0.03086613638816599 0.38832092645
4569 -0.1148224383020228 0.02286681478391575 0.38832092645
4570 -0.09928152280401054 0.01635705958731733 0.38832092645
4571 -0.08326560424637837 0.0111187323256608 0.38832092645
4572 -0.06692544965026449 0.00699802936578911 0.38832092645
4573 -0.05036276220752819 0.003887319759559818 0.38832092645
4574 -0.03365106542843633 0.00171268421731692 0.38832092645
4575 -0.01684747902481865 0.0004259728391741852 0.38832092645
4576 0 0.0005418345500014592 0.38832092645
4577 -0.1626806817245112 0.06718024749003385 0.7766418529
4578 -0.1541661528045951 0.05282964026464941 0.7766418529
4579 -0.1424182628052055 0.04093667097072759 0.7766418529
4580 -0.1288070567760294 0.03120768895017133 0.7766418529
4581 -0.1140773866857095 0.02326027277281546 0.7766418529
4582 -0.09863731196186876 0.01679275761086119 0.7766418529
4583 -0.08272531634698749 0.01158842043418135 0.7766418529
4584 -0.06649118857144445 0.007494455598054849 0.7766418529
4585 -0.05003597192974835 0.004403930547000116 0.7766418529
4586 -0.03343271280950905 0.002243405624392089 0.7766418529
4587 -0.0167381603114195 0.0009650433670506742 0.7766418529
4588 0.01684747910444103 0.0004259728432108589 0.38832092645
4589 0.03365106559132346 0.001712684234070935 0.38832092645
4590 0.05036276235001396 0.003887319782092724 0.38832092645
4591 0.06692544985439082 0.006998029410430234 0.38832092645
4592 0.08326560452233502 0.01111873240501984 0.38832092645
4593 0.09928152315748849 0.01635705971797795 0.38832092645
4594 0.1148224387368812 0.02286681498977754 0.38832092645
4595 0.1296483097956902 0.0308661366079459 0.38832092645
4596 0.1433484119178663 0.04065865961003626 0.38832092645
4597 0.1551730285418531 0.05262930312725034 0.38832092645
4598 0.1637431666750732 0.06707363564269127 0.38832092645
4599 0.0167381603871153 0.0009650433708882859 0.7766418529
4600 0.03343271296392546 0.002243405640274827 0.7766418529
4601 0.05003597205953735 0.004403930567525142 0.7766418529
4602 0.06649118878360051 0.007494455644452017 0.7766418529
4603 0.08272531662717625 0.01158842051475748 0.7766418529
4604 0.09863731231695567 0.01679275774211657 0.7766418529
4605 0.1140773871158161 0.02326027297642779 0.7766418529
4606 0.1288070571231369 0.03120768916390497 0.7766418529
4607 0.142418263023842 0.04093667115360174 0.7766418529
4608 0.1541661529219543 0.05282964041210848 0.7766418529
4609 0.1626806817578765 0.06718024757316296 0.7766418529
4610 -0.1913424005560199 0.04436367304546619 0.40628841945
4611 -0.1932795880204786 0.05074972426356606 0.40628841945
4612 -0.1964254097648104 0.05663514276908932 0.40628841945
4613 -0.2006589736051221 0.06179375521005902 0.40628841945
4614 -0.2058175860288715 0.06602731900064489 0.40628841945
4615 -0.2117030045008569 0.06917314070620631 0.40628841945
4616 -0.2180890556902763 0.07111032815108967 0.40628841945
4617 -0.2313715987289397 0.07111032814726737 0.40628841945
4618 -0.2377576499313619 0.06917314069286085 0.40628841945
4619 -0.2436430684334087 0.06602731895903055 0.40628841945
4620 -0.2488016808992489 0.06179375510568794 0.40628841945
4621 -0.2530352447186083 0.05663514264424431 0.40628841945
4622 -0.2561810664170234 0.05074972417302834 0.40628841945
4623 -0.2581182538535334 0.04436367299743835 0.40628841945
4624 -0.2581182538429304 0.03108112994925719 0.40628841945
4625 -0.2561810663821709 0.02469507874283048 0.40628841945
4626 -0.2530352446461629 0.01880966024733354 0.40628841945
4627 -0.2488016807824873 0.01365104777755049 0.40628841945
4628 -0.2436430683405693 0.009417483978936148 0.40628841945
4629 -0.2377576498566755 0.006271662276203065 0.40628841945
4630 -0.2313715986885052 0.00433447484468974 0.40628841945
4631 -0.2180890556500335 0.004334474856915134 0.40628841945
4632 -0.2117030044581508 0.006271662311483149 0.40628841945
4633 -0.2058175859566304 0.009417484047625123 0.40628841945
4634 -0.200658973497244 0.0136510478978191 0.40628841945
4635 -0.1964254096879401 0.01880966034595532 0.40628841945
4636 -0.1932795879840185 0.02469507882445645 0.40628841945
4637 -0.1913424005474608 0.03108112999756374 0.40628841945
4638 -0.2290286538420497 0.01013732098058485 0.7766418529
4639 -0.2071751424661229 0.05825495615276711 0.7766418529
4640 -0.2523154077141741 0.04202072814703827 0.7766418529
4641 -0.1971452466896637 0.03342407485076852 0.7766418529
4642 -0.2286679374402605 0.06407469236651471 0.7766418529
4643 -0.2451073624417246 0.02001567735219529 0.7766418529
4644 -0.2070236030610396 0.01734536624694857 0.7766418529
4645 -0.2418088726840163 0.05806390242998563 0.7766418529
4646 -0.216688371432137 0.01149266289653772 0.7766418529
4647 -0.2233189275544839 0.01698248623670867 0.7766418529
4648 -0.2509600657951137 0.02968044573012902 0.7766418529
4649 -0.2438538657714217 0.03573364984494114 0.7766418529
4650 -0.1993319028791884 0.04651671859514826 0.7766418529
4651 -0.2048179254819454 0.0400729831067669 0.7766418529
4652 -0.2388575036234964 0.01426333653930723 0.7766418529
4653 -0.2171527550083985 0.06330955236695994 0.7766418529
4654 -0.2149786378230389 0.05453325963169481 0.7766418529
4655 -0.2480996523456207 0.05184450159968407 0.7766418529
4656 -0.2012712622495978 0.02359522506510252 0.7766418529
4657 -0.2362968609481013 0.0223175877720506 0.7766418529
4658 -0.2101215040512923 0.02573325024960696 0.7766418529
4659 -0.2385468676290395 0.04975745610826061 0.7766418529
4660 -0.2332939643820826 0.05620552011625372 0.7766418529
4661 -0.2295081697109074 0.04768301688728272 0.7766418529
4662 -0.2074514932915053 0.04968784147070973 0.7766418529
4663 -0.2147707235459168 0.04409012982919749 0.7766418529
4664 -0.2139351009971523 0.03460566238606481 0.7766418529
4665 -0.2211607154314447 0.02739364844731627 0.7766418529
4666 -0.2325229244926608 0.03066227387283733 0.7766418529
4667 -0.2357297164061914 0.04091591736169338 0.7766418529
4668 -0.2239508801888213 0.05721823506307146 0.7766418529
4669 -0.2148780685510163 0.01848308887483006 0.7766418529
4670 -0.2432071148276573 0.02705949977338963 0.7766418529
4671 -0.2051114372888035 0.03149248424837647 0.7766418529
4672 -0.2441396853046693 0.04402080928218492 0.7766418529
4673 -0.2311300826316317 0.01754464341118698 0.7766418529
4674 -0.2026527990191557 0.05435269736717925 0.7766418529
4675 -0.2367339645052663 0.06262012596334915 0.7766418529
4676 -0.2496981708185659 0.02405207236917559 0.7766418529
4677 -0.2112221266917949 0.01260205287548493 0.7766418529
4678 -0.2223710671357408 0.009325462334149274 0.7766418529
4679 -0.2225181911055513 0.06549544884952715 0.7766418529
4680 -0.2528039910247279 0.03524767103427312 0.7766418529
4681 -0.1959137263806101 0.04054324993038353 0.7766418529
4682 -0.2113654251654577 0.06225964557165461 0.7766418529
4683 -0.2286752064911967 0.02327794439923815 0.7766418529
4684 -0.2217594203751166 0.04815476718358067 0.7766418529
4685 -0.2247303272 0.0377224015 0.7766418529
4686 -0.1899359383000777 0.0377224015 0.40628841945
4687 -0.1891835841999331 0.0377224015 0.40628841945
4688 -0.1891287070748877 0.0448040040546784 0.40628841945
4689 -0.191194334352795 0.05161346459925351 0.40628841945
4690 -0.1945487310396108 0.05788909938255903 0.40628841945
4691 -0.1990629895433761 0.06338973926409397 0.40628841945
4692 -0.2045636294132495 0.06790399772440639 0.40628841945
4693 -0.2108392641818184 0.0712583943807861 0.40628841945
4694 -0.2176487246836958 0.07332402163274537 0.40628841945
4695 -0.2247303272 0.0725167904 0.40628841945
4696 -0.2247303272 0.07326914449999999 0.40628841945
4697 -0.190604502729048 0.0445104500485342 0.7766418529
4698 -0.1925845034646491 0.05103763770879005 0.7766418529
4699 -0.1957998501898005 0.05705312830690555 0.7766418529
4700 -0.2001269789179203 0.06232574989472929 0.7766418529
4701 -0.205399600490367 0.06665287857522402 0.7766418529
4702 -0.211415091061202 0.06986822526439283 0.7766418529
4703 -0.2179422786880952 0.07184822597830412 0.7766418529
4704 -0.1898666049018697 0.04465722705161 0.7766418529
4705 -0.1918894189086335 0.0513255511540288 0.7766418529
4706 -0.1951742906146286 0.05747111384474182 0.7766418529
4707 -0.1995949842305844 0.06285774457942259 0.7766418529
4708 -0.2049816149517591 0.06727843814982611 0.7766418529
4709 -0.2111271776214767 0.07056330982259863 0.7766418529
4710 -0.2177955016858786 0.07258612380553037 0.7766418529
4711 -0.2318119297718614 0.07332402162169438 0.40628841945
4712 -0.238621390323856 0.07125839433701432 0.40628841945
4713 -0.2448970250981931 0.06790399764994279 0.40628841945
4714 -0.2503976649653814 0.06338973915533647 0.40628841945
4715 -0.2549119234300434 0.05788909927831408 0.40628841945
4716 -0.2582663200731022 0.05161346453673214 0.40628841945
4717 -0.2603319473310774 0.04480400402468983 0.40628841945
4718 -0.2595247161 0.0377224015 0.40628841945
4719 -0.2602770702 0.0377224015 0.40628841945
4720 -0.2315183757432469 0.07184822597207641 0.7766418529
4721 -0.2380455633955266 0.069868225240912 0.7766418529
4722 -0.2440610539883368 0.06665287852266798 0.7766418529
4723 -0.2493336755879598 0.06232574978890412 0.7766418529
4724 -0.2536608042890867 0.05705312818893424 0.7766418529
4725 -0.2568761509690497 0.05103763762759628 0.7766418529
4726 -0.2588561516793814 0.04451045000652218 0.7766418529
4727 -0.2316651527575541 0.07258612379688541 0.7766418529
4728 -0.2383334768596913 0.07056330978896315 0.7766418529
4729 -0.244479039543265 0.06727843808630536 0.7766418529
4730 -0.2498656702766706 0.06285774447212028 0.7766418529
4731 -0.254286363859565 0.05747111373362417 0.7766418529
4732 -0.2575712355210759 0.0513255510821642 0.7766418529
4733 -0.2595940495052294 0.044657227015606 0.7766418529
4734 -0.2603319473238689 0.03064079893907068 0.40628841945
4735 -0.2582663200428764 0.0238313383902964 0.40628841945
4736 -0.2549119233634862 0.01755570362207613 0.40628841945
4737 -0.2503976648554856 0.0120550637347678 0.40628841945
4738 -0.24489702499183 0.007540805278987636 0.40628841945
4739 -0.2386213902224933 0.004186408620999872 0.40628841945
4740 -0.2318119297196599 0.002120781367922105 0.40628841945
4741 -0.2247303272 0.002928012600001581 0.40628841945
4742 -0.2247303272 0.002175658500001807 0.40628841945
4743 -0.2588561516699098 0.03093435294586194 0.7766418529
4744 -0.2568761509357392 0.02440716529198628 0.7766418529
4745 -0.2536608042186039 0.01839167470558182 0.7766418529
4746 -0.2493336754734866 0.01311905309662387 0.7766418529
4747 -0.2440610538909894 0.008791924412287794 0.7766418529
4748 -0.2380455633119479 0.005576577724469985 0.7766418529
4749 -0.23151837569889 0.003596577019101995 0.7766418529
4750 -0.2595940494968894 0.03078757594246648 0.7766418529
4751 -0.2575712354893077 0.02411925184114166 0.7766418529
4752 -0.2542863637910449 0.01797368916382944 0.7766418529
4753 -0.2498656701644861 0.01258705841569646 0.7766418529
4754 -0.2444790394414096 0.008166364845638459 0.7766418529
4755 -0.2383334767672205 0.004881493172735785 0.7766418529
4756 -0.2316651527092749 0.002858679193512993 0.7766418529
4757 -0.2176487246220798 0.002120781379510793 0.40628841945
4758 -0.210839264075473 0.004186408663263613 0.40628841945
4759 -0.2045636293100643 0.007540805344539759 0.40628841945
4760 -0.1990629894158493 0.01205506386343282 0.40628841945
4761 -0.1945487309643066 0.0175557037301418 0.40628841945
4762 -0.1911943343194117 0.02383133848134085 0.40628841945
4763 -0.1891287070676338 0.03064079898178939 0.40628841945
4764 -0.2179422786407281 0.003596577031119264 0.7766418529
4765 -0.2114150909972829 0.005576577762084714 0.7766418529
4766 -0.2053996004078113 0.008791924479939175 0.7766418529
4767 -0.2001269788034928 0.01311905321969934 0.7766418529
4768 -0.1957998501134523 0.01839167480735857 0.7766418529
4769 -0.1925845034292147 0.0244071653767569 0.7766418529
4770 -0.1906045027209239 0.0309343529923086 0.7766418529
4771 -0.217795501631387 0.002858679205310382 0.7766418529
4772 -0.2111271775363446 0.004881493212665823 0.7766418529
4773 -0.2049816148588887 0.008166364912229294 0.7766418529
4774 -0.1995949841096074 0.01258705854155574 0.7766418529
4775 -0.1951742905388026 0.01797368926874112 0.7766418529
4776 -0.1918894188742248 0.02411925192904218 0.7766418529
4777 -0.1898666048941808 0.03078757598704546 0.7766418529
4778 -0.1877195779000054 0.0377224015 0.40628841945
4779 -0.1877327510703166 0.0450816769708248 0.40628841945
4780 -0.189879372553289 0.05215813962245475 0.40628841945
4781 -0.1933652966848459 0.05867984494405235 0.40628841945
4782 -0.1980565613608572 0.06439616746744037 0.40628841945
4783 -0.2037728838598753 0.06908743208459639 0.40628841945
4784 -0.2102945891679036 0.07257335618413868 0.40628841945
4785 -0.2173710517632016 0.07471997763645168 0.40628841945
4786 -0.2247303272 0.07473315074999999 0.40628841945
4787 -0.1884307290726072 0.0449428405127514 0.7766418529
4788 -0.1905368534530465 0.05188580211085376 0.7766418529
4789 -0.1939570138622323 0.05828447216330521 0.7766418529
4790 -0.1985597754521199 0.06389295336576661 0.7766418529
4791 -0.2041682566365649 0.06849571490450083 0.7766418529
4792 -0.2105669266748627 0.07191587528246193 0.7766418529
4793 -0.2175098882234495 0.07402199963459821 0.7766418529
4794 -0.2320896026578359 0.07471997753030793 0.40628841945
4795 -0.2391660653002689 0.07257335604766146 0.40628841945
4796 -0.2456877705991255 0.0690874319249043 0.40628841945
4797 -0.2514040930980659 0.06439616726709596 0.40628841945
4798 -0.2560953577201422 0.05867984475659191 0.40628841945
4799 -0.2595812817928121 0.05215813949126551 0.40628841945
4800 -0.2617279032400963 0.04508167690862654 0.40628841945
4801 -0.2617410765 0.0377224015 0.40628841945
4802 -0.2319507662148486 0.07402199957600114 0.7766418529
4803 -0.2388937278120625 0.07191587519233789 0.7766418529
4804 -0.2452923978486593 0.06849571478742356 0.7766418529
4805 -0.2509008790317236 0.06389295321121621 0.7766418529
4806 -0.2555036405750928 0.05828447201745299 0.7766418529
4807 -0.2589238009329572 0.05188580201399881 0.7766418529
4808 -0.2610299252855869 0.04494284046665818 0.7766418529
4809 -0.2617279033298675 0.0303631260301005 0.40628841945
4810 -0.2595812818468615 0.02328666337790854 0.40628841945
4811 -0.256095357701664 0.01676495803575827 0.40628841945
4812 -0.2514040930318319 0.01104863552524865 0.40628841945
4813 -0.2456877705421119 0.006357370916731449 0.40628841945
4814 -0.2391660652590608 0.002871446827030298 0.40628841945
4815 -0.232089602659224 0.0007248253680090452 0.40628841945
4816 -0.2247303272 0.0007116522000018845 0.40628841945
4817 -0.2610299253268681 0.0305019624845859 0.7766418529
4818 -0.2589238009448688 0.02355900088410307 0.7766418529
4819 -0.2555036405325749 0.01716033082891807 0.7766418529
4820 -0.2509008789436585 0.01155184963000936 0.7766418529
4821 -0.2452923977669708 0.006949088097860915 0.7766418529
4822 -0.2388937277407769 0.003528927724016662 0.7766418529
4823 -0.2319507661894419 0.001422803367967324 0.7766418529
4824 -0.2173710517503468 0.0007248253661053181 0.40628841945
4825 -0.2102945890922115 0.002871446847214007 0.40628841945
4826 -0.203772883781369 0.006357370967859877 0.40628841945
4827 -0.1980565612513369 0.01104863564207995 0.40628841945
4828 -0.1933652966146977 0.0167649581609318 0.40628841945
4829 -0.189879372521503 0.0232866634542834 0.40628841945
4830 -0.1877327510635678 0.03036312606310356 0.40628841945
4831 -0.2175098881862142 0.001422803372810092 0.7766418529
4832 -0.2105669265838441 0.003528927755240861 0.7766418529
4833 -0.2041682565457194 0.00694908815620175 0.7766418529
4834 -0.1985597753335965 0.01155184975275808 0.7766418529
4835 -0.1939570137895062 0.01716033094553816 0.7766418529
4836 -0.1905368534204621 0.02355900096781308 0.7766418529
4837 -0.188430729065606 0.03050196252244695 0.7766418529
4838 0.2581182538432895 0.04436367304893753 0.40628841945
4839 0.2561810663835891 0.05074972425374585 0.40628841945
4840 0.2530352446491438 0.05663514274820525 0.40628841945
4841 0.2488016807851822 0.06179375521975468 0.40628841945
4842 0.2436430683404009 0.06602731902117634 0.40628841945
4843 0.2377576498541366 0.06917314072484859 0.40628841945
4844 0.2313715986878414 0.0711103281554423 0.40628841945
4845 0.2180890556698468 0.07111032814702598 0.40628841945
4846 0.2117030044663518 0.06917314069191381 0.40628841945
4847 0.2058175859635048 0.06602731895696824 0.40628841945
4848 0.2006589734972513 0.06179375510218818 0.40628841945
4849 0.1964254096911532 0.05663514265885344 0.40628841945
4850 0.1932795879859172 0.05074972418012762 0.40628841945
4851 0.1913424005474584 0.04436367300242425 0.40628841945
4852 0.1913424005560476 0.03108112995439458 0.40628841945
4853 0.1932795880193352 0.02469507873919424 0.40628841945
4854 0.1964254097615654 0.0188096602357672 0.40628841945
4855 0.2006589736048663 0.01365104779019679 0.40628841945
4856 0.2058175860260696 0.009417484001227321 0.40628841945
4857 0.2117030045031912 0.006271662292826788 0.40628841945
4858 0.2180890556909198 0.004334474848782334 0.40628841945
4859 0.231371598748635 0.004334474856650283 0.40628841945
4860 0.2377576499393407 0.006271662310444112 0.40628841945
4861 0.2436430684399833 0.009417484045362447 0.40628841945
4862 0.2488016808989162 0.01365104789397932 0.40628841945
4863 0.2530352447117145 0.01880966034543843 0.40628841945
4864 0.2561810664184153 0.02469507883033189 0.40628841945
4865 0.2581182538536563 0.03108113000317965 0.40628841945
4866 0.2290286538436137 0.065307482019893 0.7766418529
4867 0.2055095755037339 0.01755455103752144 0.7766418529
4868 0.2523154077123899 0.03342407485314252 0.7766418529
4869 0.1973672163750827 0.04161361879607126 0.7766418529
4870 0.2279196537172137 0.0108970681728119 0.7766418529
4871 0.2451073624431818 0.05542912564597605 0.7766418529
4872 0.206528037216894 0.05790516116069231 0.7766418529
4873 0.2413278492201896 0.01718165412203582 0.7766418529
4874 0.2509600657965569 0.04576435726861766 0.7766418529
4875 0.2452776086726587 0.03963766812462639 0.7766418529
4876 0.2011137356015133 0.0257098965054185 0.7766418529
4877 0.2098037444884519 0.0264273175432038 0.7766418529
4878 0.2166210919423403 0.0635832212428625 0.7766418529
4879 0.2221250700486027 0.05733598990438912 0.7766418529
4880 0.2166883714575948 0.01149266287349781 0.7766418529
4881 0.2388575036245091 0.06118146645969709 0.7766418529
4882 0.2008484565063663 0.05156895857125587 0.7766418529
4883 0.2066228161601094 0.04322729699934189 0.7766418529
4884 0.2480309347037123 0.02357183761930068 0.7766418529
4885 0.2230817957031485 0.0176677523047276 0.7766418529
4886 0.2384815909201995 0.02537254885521441 0.7766418529
4887 0.2367343817558958 0.05228697779490311 0.7766418529
4888 0.2321909823227316 0.01832226391733083 0.7766418529
4889 0.2287727136168666 0.02702068815309666 0.7766418529
4890 0.2043216838147145 0.03449036096573658 0.7766418529
4891 0.2136628279229403 0.0360934094235625 0.7766418529
4892 0.2163599455689461 0.0462227473134775 0.7766418529
4893 0.2364175331391981 0.03417031726809498 0.7766418529
4894 0.2272600863627225 0.04870543431444253 0.7766418529
4895 0.2191150422166722 0.02729568897758204 0.7766418529
4896 0.213356870086708 0.05655003596879316 0.7766418529
4897 0.2441013071657308 0.048062677949724 0.7766418529
4898 0.2360268148063832 0.04376049993533018 0.7766418529
4899 0.2441046150296317 0.0312352893440758 0.7766418529
4900 0.2141923031972428 0.01873151530989192 0.7766418529
4901 0.2308714211833719 0.05757314250502343 0.7766418529
4902 0.207985983899578 0.05088165275701202 0.7766418529
4903 0.1973597623401897 0.03387062652682156 0.7766418529
4904 0.2338478236999093 0.01162919836169678 0.7766418529
4905 0.2108053179351598 0.062647775604246 0.7766418529
4906 0.2498770092876405 0.05132820557325375 0.7766418529
4907 0.2221018407537753 0.009614464979963927 0.7766418529
4908 0.253088739604979 0.04018243495906482 0.7766418529
4909 0.2221188397408807 0.06582029152283413 0.7766418529
4910 0.2107821681375665 0.01269357510299306 0.7766418529
4911 0.2247303272 0.0377224015 0.7766418529
4912 0.2595247161 0.0377224015 0.40628841945
4913 0.2602770702 0.0377224015 0.40628841945
4914 0.260331947324105 0.04480400405974218 0.40628841945
4915 0.2582663200450235 0.05161346460452 0.40628841945
4916 0.2549119233658667 0.05788909937436122 0.40628841945
4917 0.2503976648590031 0.06338973926171479 0.40628841945
4918 0.2448970249936878 0.06790399771977099 0.40628841945
4919 0.2386213902233205 0.07125839437865748 0.40628841945
4920 0.231811929719032 0.07332402163220279 0.40628841945
4921 0.2247303272 0.0725167904 0.40628841945
4922 0.2247303272 0.07326914449999999 0.40628841945
4923 0.258856151670228 0.04451045005253908 0.7766418529
4924 0.2568761509374005 0.05103763770400389 0.7766418529
4925 0.2536608042213848 0.05705312829025725 0.7766418529
4926 0.2493336754764558 0.06232574990040805 0.7766418529
4927 0.2440610538914966 0.06665287858737455 0.7766418529
4928 0.2380455633105313 0.06986822527611822 0.7766418529
4929 0.2315183756982383 0.07184822598102913 0.7766418529
4930 0.2595940494971665 0.04465722705614062 0.7766418529
4931 0.2575712354912121 0.05132555115426196 0.7766418529
4932 0.2542863637936258 0.05747111383230923 0.7766418529
4933 0.2498656701677294 0.06285774458106141 0.7766418529
4934 0.2444790394425922 0.06727843815357273 0.7766418529
4935 0.2383334767669258 0.07056330982738786 0.7766418529
4936 0.2316651527086352 0.07258612380661594 0.7766418529
4937 0.2176487246305767 0.07332402162217933 0.40628841945
4938 0.2108392640807372 0.07125839433891687 0.40628841945
4939 0.2045636293080075 0.06790399765408592 0.40628841945
4940 0.1990629894361624 0.06338973915688027 0.40628841945
4941 0.1945487309742846 0.05788909928479137 0.40628841945
4942 0.1911943343297144 0.05161346454353199 0.40628841945
4943 0.189128707070016 0.04480400403018656 0.40628841945
4944 0.1899359383000777 0.0377224015 0.40628841945
4945 0.1891835841999331 0.0377224015 0.40628841945
4946 0.2179422786567692 0.07184822597207301 0.7766418529
4947 0.2114150910045048 0.06986822524090808 0.7766418529
4948 0.2053996004117085 0.0666528785226661 0.7766418529
4949 0.2001269788102686 0.0623257497870775 0.7766418529
4950 0.1957998501189201 0.05705312820082572 0.7766418529
4951 0.1925845034339147 0.0510376376345906 0.7766418529
4952 0.1906045027217164 0.04451045001167563 0.7766418529
4953 0.217795501643656 0.07258612379713175 0.7766418529
4954 0.2111271775425876 0.07056330978992165 0.7766418529
4955 0.2049816148598088 0.0672784380883869 0.7766418529
4956 0.1995949841231517 0.06285774447198983 0.7766418529
4957 0.1951742905465254 0.05747111374281808 0.7766418529
4958 0.191889418881726 0.05132555108906831 0.7766418529
4959 0.1898666048957681 0.0446572270209348 0.7766418529
4960 0.1891287070751239 0.03064079894413447 0.40628841945
4961 0.1911943343549421 0.0238313383955629 0.40628841945
4962 0.1945487310419913 0.01755570361387833 0.40628841945
4963 0.1990629895468935 0.01205506373238862 0.40628841945
4964 0.2045636294151074 0.007540805274352254 0.40628841945
4965 0.2108392641826456 0.004186408618871269 0.40628841945
4966 0.2176487246830678 0.002120781367379532 0.40628841945
4967 0.2247303272 0.002928012600001581 0.40628841945
4968 0.2247303272 0.002175658500001807 0.40628841945
4969 0.1906045027291452 0.03093435295097751 0.7766418529
4970 0.1925845034646027 0.02440716529132278 0.7766418529
4971 0.1957998501884308 0.01839167469514533 0.7766418529
4972 0.2001269789189224 0.01311905310426973 0.7766418529
4973 0.2053996004891184 0.008791924425611469 0.7766418529
4974 0.211415091063034 0.005576577734849694 0.7766418529
4975 0.2179422786883149 0.003596577021653644 0.7766418529
4976 0.1898666049020365 0.03078757594755245 0.7766418529
4977 0.191889418909684 0.02411925184343614 0.7766418529
4978 0.1951742906151342 0.01797368915450276 0.7766418529
4979 0.1995949842328443 0.01258705841831884 0.7766418529
4980 0.2049816149520638 0.008166364849971693 0.7766418529
4981 0.2111271776228065 0.004881493176852141 0.7766418529
4982 0.2177955016856745 0.00285867919451194 0.7766418529
4983 0.2318119297838193 0.002120781380684188 0.40628841945
4984 0.2386213903356406 0.004186408667867021 0.40628841945
4985 0.2448970251049387 0.007540805354564441 0.40628841945
4986 0.2503976650066498 0.01205506388593194 0.40628841945
4987 0.2549119234446921 0.01755570374360925 0.40628841945
4988 0.2582663200760027 0.02383133847027027 0.40628841945
4989 0.2603319473311674 0.03064079897576295 0.40628841945
4990 0.231518375760363 0.003596577031329717 0.7766418529
4991 0.2380455634047739 0.005576577762919737 0.7766418529
4992 0.2440610539949683 0.008791924481764257 0.7766418529
4993 0.2493336756014939 0.01311905322463115 0.7766418529
4994 0.2536608042893735 0.0183916748114961 0.7766418529
4995 0.2568761509709443 0.02440716537697852 0.7766418529
4996 0.2588561516794933 0.03093435299404101 0.7766418529
4997 0.2316651527720912 0.002858679206007898 0.7766418529
4998 0.2383334768702071 0.004881493215394231 0.7766418529
4999 0.2444790395499534 0.008166364918165093 0.7766418529
5000 0.2498656703040717 0.01258705855528216 0.7766418529
5001 0.2542863638670328 0.01797368927755315 0.7766418529
5002 0.2575712355234734 0.02411925192362472 0.7766418529
5003 0.2595940495053302 0.03078757598490214 0.7766418529
5004 0.2617410765 0.0377224015 0.40628841945
5005 0.2617279033300483 0.0450816769689906 0.40628841945
5006 0.2595812818470749 0.05215813962157641 0.40628841945
5007 0.2560953577002057 0.05867984496642431 0.40628841945
5008 0.2514040930271559 0.06439616747942728 0.40628841945
5009 0.2456877705358167 0.06908743208747492 0.40628841945
5010 0.2391660652548257 0.07257335617472392 0.40628841945
5011 0.2320896026588674 0.0747199776320619 0.40628841945
5012 0.2247303272 0.07473315074999999 0.40628841945
5013 0.2610299253270766 0.04494284051436637 0.7766418529
5014 0.2589238009460492 0.05188580211304821 0.7766418529
5015 0.2555036405330363 0.05828447217039277 0.7766418529
5016 0.2509008789430795 0.06389295337057103 0.7766418529
5017 0.2452923977647523 0.06849571490362295 0.7766418529
5018 0.2388937277390731 0.07191587527669069 0.7766418529
5019 0.2319507661889497 0.07402199963213232 0.7766418529
5020 0.2173710517368404 0.074719977529249 0.40628841945
5021 0.2102945890897015 0.07257335604350708 0.40628841945
5022 0.2037728837873349 0.06908743191585742 0.40628841945
5023 0.1980565612865179 0.06439616725167971 0.40628841945
5024 0.1933652966949266 0.0586798447791439 0.40628841945
5025 0.1898793726100543 0.05215813949818579 0.40628841945
5026 0.187732751159409 0.04508167690613916 0.40628841945
5027 0.1877195779000054 0.0377224015 0.40628841945
5028 0.2175098881837094 0.07402199957571386 0.7766418529
5029 0.210566926585221 0.07191587519121151 0.7766418529
5030 0.2041682565476738 0.0684957147849711 0.7766418529
5031 0.1985597753613434 0.06389295320427943 0.7766418529
5032 0.1939570138346096 0.05828447203196715 0.7766418529
5033 0.1905368534698889 0.05188580202085853 0.7766418529
5034 0.1884307291147175 0.04494284046816267 0.7766418529
5035 0.1877327510701988 0.03036312602976752 0.40628841945
5036 0.18987937255239 0.02328666337971556 0.40628841945
5037 0.1933652966818797 0.01676495806038682 0.40628841945
5038 0.1980565613613823 0.0110486355320345 0.40628841945
5039 0.203772883860715 0.006357370914842557 0.40628841945
5040 0.2102945891691848 0.002871446815330643 0.40628841945
5041 0.2173710517639506 0.0007248253633993576 0.40628841945
5042 0.2247303272 0.0007116522000018845 0.40628841945
5043 0.1884307290726664 0.03050196248695148 0.7766418529
5044 0.1905368534536708 0.02355900088764018 0.7766418529
5045 0.1939570138619396 0.01716033083713394 0.7766418529
5046 0.1985597754541414 0.01155184963221326 0.7766418529
5047 0.2041682566379139 0.00694908809459934 0.7766418529
5048 0.210566926675917 0.003528927717103007 0.7766418529
5049 0.2175098882235101 0.001422803365391479 0.7766418529
5050 0.2320896026546979 0.0007248253671087654 0.40628841945
5051 0.2391660653172925 0.002871446851150691 0.40628841945
5052 0.245687770631461 0.006357370976432644 0.40628841945
5053 0.2514040931745086 0.01104863566792537 0.40628841945
5054 0.2560953577946327 0.01676495817489571 0.40628841945
5055 0.2595812818808192 0.0232866634598898 0.40628841945
5056 0.2617279033362558 0.03036312606221708 0.40628841945
5057 0.2319507662192585 0.001422803373898225 0.7766418529
5058 0.2388937278264664 0.003528927759510431 0.7766418529
5059 0.2452923978681997 0.006949088165499915 0.7766418529
5060 0.2509008790905791 0.01155184977692979 0.7766418529
5061 0.2555036406196622 0.01716033095925336 0.7766418529
5062 0.2589238009784108 0.02355900096508063 0.7766418529
5063 0.2610299253337116 0.0305019625189903 0.7766418529
5064 -0.009674764101184244 0.069745670647688 -0.5189309090500001
5065 -0.01282382902875428 0.08012674645632313 -0.5189309090500001
5066 -0.01793763299311893 0.08969400072637596 -0.5189309090500001
5067 -0.02481965535941327 0.09807976920974382 -0.5189309090500001
5068 -0.03320542382680511 0.1049617915092334 -0.5189309090500001
5069 -0.04277267805321029 0.1100755954166159 -0.5189309090500001
5070 -0.05315375381798715 0.1132246603118794 -0.5189309090500001
5071 -0.0747456706325695 0.113224660301823 -0.5189309090500001
5072 -0.08512674645291099 0.1100755953726591 -0.5189309090500001
5073 -0.09469400072413094 0.1049617914083812 -0.5189309090500001
5074 -0.1030797692181159 0.09807976903221469 -0.5189309090500001
5075 -0.1099617915226586 0.08969400055310273 -0.5189309090500001
5076 -0.1150755954238178 0.08012674632940281 -0.5189309090500001
5077 -0.118224660313034 0.06974567057620827 -0.5189309090500001
5078 -0.1182246602985172 0.04815375375081118 -0.5189309090500001
5079 -0.115075595363713 0.03777267792549119 -0.5189309090500001
5080 -0.1099617913992319 0.02820542366217625 -0.5189309090500001
5081 -0.1030797690247861 0.01981965517445549 -0.5189309090500001
5082 -0.09469400056715394 0.01293763288673015 -0.5189309090500001
5083 -0.08512674633273834 0.00782382897756375 -0.5189309090500001
5084 -0.07474567058268881 0.004674764088255075 -0.5189309090500001
5085 -0.0531537537607925 0.004674764099497346 -0.5189309090500001
5086 -0.04277267794110518 0.007823829029819485 -0.5189309090500001
5087 -0.03320542368086715 0.01293763298827921 -0.5189309090500001
5088 -0.02481965518349078 0.01981965536617864 -0.5189309090500001
5089 -0.01793763288414932 0.02820542383670855 -0.5189309090500001
5090 -0.01282382898210576 0.03777267805629629 -0.5189309090500001
5091 -0.009674764088014452 0.04815375381852093 -0.5189309090500001
5092 -0.08511400914432295 0.0174345368970429 -0.02000000000000013
5093 -0.1077955187503721 0.07133750885088339 -0.02000000000000013
5094 -0.01813484405161635 0.05488029896437478 -0.02000000000000013
5095 -0.05916602070665196 0.1044213725943743 -0.02000000000000013
5096 -0.02864093269479811 0.08792687878447067 -0.02000000000000013
5097 -0.03349567229675944 0.02317165234045203 -0.02000000000000013
5098 -0.08596904696856329 0.1000431372008551 -0.02000000000000013
5099 -0.05947258567020208 0.01349268379159033 -0.02000000000000013
5100 -0.1045727016360282 0.03951681445913306 -0.02000000000000013
5101 -0.02029862664016708 0.07206946305368295 -0.02000000000000013
5102 -0.04195891400854668 0.09920828682451659 -0.02000000000000013
5103 -0.02379054858978947 0.03741891382727397 -0.02000000000000013
5104 -0.1004894815025589 0.08735389870797974 -0.02000000000000013
5105 -0.1092687518536494 0.0550519187836617 -0.02000000000000013
5106 -0.02223466990650301 0.08166558291349706 -0.02000000000000013
5107 -0.03025720126694963 0.07725126189749359 -0.02000000000000013
5108 -0.0298711640364157 0.0673945150411113 -0.02000000000000013
5109 -0.03922825764180346 0.07173107023812611 -0.02000000000000013
5110 -0.03822555442084057 0.06200010302585968 -0.02000000000000013
5111 -0.04090370522567856 0.08198625595873568 -0.02000000000000013
5112 -0.04869710198341289 0.07568972840985552 -0.02000000000000013
5113 -0.0507124874458285 0.0855082837636377 -0.02000000000000013
5114 -0.0581038171876103 0.07929322878566167 -0.02000000000000013
5115 -0.05980335743778847 0.08879744561040455 -0.02000000000000013
5116 -0.06740470163894111 0.08284569788571469 -0.02000000000000013
5117 -0.06898464649491604 0.09212726128026186 -0.02000000000000013
5118 -0.07651343533597145 0.08616066923937644 -0.02000000000000013
5119 -0.07511910443092618 0.07656725454292518 -0.02000000000000013
5120 -0.08419448490472721 0.0798741369493767 -0.02000000000000013
5121 -0.08287562351483227 0.07028955217816235 -0.02000000000000013
5122 -0.09187432453921053 0.07344493044031644 -0.02000000000000013
5123 -0.09067422628214944 0.06404046318847291 -0.02000000000000013
5124 -0.0815139353624509 0.06043959522150585 -0.02000000000000013
5125 -0.08918451485799866 0.05419225537202733 -0.02000000000000013
5126 -0.08001111776921885 0.05056957186706537 -0.02000000000000013
5127 -0.08755541472132469 0.0443349185311304 -0.02000000000000013
5128 -0.07831610819424084 0.04071737137180961 -0.02000000000000013
5129 -0.08583327202282583 0.03483365454072 -0.02000000000000013
5130 -0.07658573992083938 0.03124955057638354 -0.02000000000000013
5131 -0.06894624720093481 0.0371834614583194 -0.02000000000000013
5132 -0.06754409170584987 0.02749639296336603 -0.02000000000000013
5133 -0.05965013391248494 0.03353059060372821 -0.02000000000000013
5134 -0.06093252959855444 0.04309522520663834 -0.02000000000000013
5135 -0.05181737154016855 0.0397397720061797 -0.02000000000000013
5136 -0.05051584162121809 0.03015462905371926 -0.02000000000000013
5137 -0.04282343910329676 0.03654426068969644 -0.02000000000000013
5138 -0.04407270033148097 0.04606088656729503 -0.02000000000000013
5139 -0.09641898595019208 0.04730350167831938 -0.02000000000000013
5140 -0.05627895138924074 0.07008510026185402 -0.02000000000000013
5141 -0.03474525342738818 0.04245551082386274 -0.02000000000000013
5142 -0.02849340440901205 0.05789852397134158 -0.02000000000000013
5143 -0.075208386834347 0.02062526239001387 -0.02000000000000013
5144 -0.05274725247560612 0.09581047101072741 -0.02000000000000013
5145 -0.05315780924944752 0.04947695212345807 -0.02000000000000013
5146 -0.05878765763995729 0.02385720031299118 -0.02000000000000013
5147 -0.05053080865117541 0.02084029383812136 -0.02000000000000013
5148 -0.07039331525892965 0.04661920992502298 -0.02000000000000013
5149 -0.0990612091348423 0.05706696032042059 -0.02000000000000013
5150 -0.07218272166179833 0.06603565678459124 -0.02000000000000013
5151 -0.06581096666036762 0.07303339185231825 -0.02000000000000013
5152 -0.04722131759378081 0.06601051374189501 -0.02000000000000013
5153 -0.04575934094151397 0.05607265628748099 -0.02000000000000013
5154 -0.03768023720992083 0.09095916021082125 -0.02000000000000013
5155 -0.08514622842072601 0.08994009067389641 -0.02000000000000013
5156 -0.03618599656830843 0.0519784646698584 -0.02000000000000013
5157 -0.03366527309865446 0.03292118740629135 -0.02000000000000013
5158 -0.02630087707543019 0.04800522351467383 -0.02000000000000013
5159 -0.09501890620031736 0.03731634449329792 -0.02000000000000013
5160 -0.09382818677146521 0.02832657933599825 -0.02000000000000013
5161 -0.09899458664843692 0.06720541868467947 -0.02000000000000013
5162 -0.05548625063700781 0.05989533261684979 -0.02000000000000013
5163 -0.07154616935858193 0.05567041574052434 -0.02000000000000013
5164 -0.02221251274268 0.06321721541996905 -0.02000000000000013
5165 -0.1102100603857475 0.04606233888923964 -0.02000000000000013
5166 -0.09367862186397725 0.09381053628816075 -0.02000000000000013
5167 -0.1117821502727193 0.06338987151520752 -0.02000000000000013
5168 -0.1067101554673828 0.0807980513168136 -0.02000000000000013
5169 -0.07767549348697006 0.09584903682101725 -0.02000000000000013
5170 -0.06933157737837831 0.1030235709623135 -0.02000000000000013
5171 -0.04995972381240044 0.1045480772316227 -0.02000000000000013
5172 -0.065949092093167 0.01917167386719877 -0.02000000000000013
5173 -0.09269320434976851 0.08248453070563742 -0.02000000000000013
5174 -0.04194878489582272 0.02680602511105474 -0.02000000000000013
5175 -0.04224728699888636 0.0173484123596839 -0.02000000000000013
5176 -0.07856970698387844 0.1044432001317336 -0.02000000000000013
5177 -0.07778551030191519 0.01218904444618161 -0.02000000000000013
5178 -0.08459599293578814 0.02582807490620791 -0.02000000000000013
5179 -0.01799211704854327 0.04514518335233532 -0.02000000000000013
5180 -0.09975954520962162 0.07710405645105167 -0.02000000000000013
5181 -0.02649781261284176 0.02821373266308429 -0.02000000000000013
5182 -0.06122621389909388 0.05140874844496061 -0.02000000000000013
5183 -0.06197915202614049 0.09681255455651862 -0.02000000000000013
5184 -0.1019048761000683 0.02958259841448644 -0.02000000000000013
5185 -0.06893727691503485 0.01088332024294311 -0.02000000000000013
5186 -0.05103708820023615 0.01259562950441812 -0.02000000000000013
5187 -0.04530434582198131 0.09141397917274231 -0.02000000000000013
5188 -0.09304904000279281 0.02056391347783695 -0.02000000000000013
5189 -0.03288117107273425 0.09676427390156772 -0.02000000000000013
5190 -0.06308203457247626 0.06622921029588257 -0.02000000000000013
5191 -0.1039085927768299 0.04981652952710113 -0.02000000000000013
5192 -0.1046062876056472 0.06211074366301598 -0.02000000000000013
5193 -0.01504101229605653 0.06380715157331848 -0.02000000000000013
5194 -0.06394971219999999 0.0589497122 -0.02000000000000013
5195 -0.00787876900000113 0.0589497122 -0.5189309090500001
5196 -0.007146083000001639 0.0589497122 -0.5189309090500001
5197 -0.007518941168654668 0.07017449048741511 -0.5189309090500001
5198 -0.01079308823781746 0.08096790685207968 -0.5189309090500001
5199 -0.01611001456527842 0.09091517632946577 -0.5189309090500001
5200 -0.02326539365160105 0.09963403093641429 -0.5189309090500001
5201 -0.0319842482430656 0.1067894099500034 -0.5189309090500001
5202 -0.04193151768203238 0.1121063362177336 -0.5189309090500001
5203 -0.05272493397599364 0.1153804832439581 -0.5189309090500001
5204 -0.06394971219999999 0.1150206553666621 -0.5189309090500001
5205 -0.06394971219999999 0.1157533413333324 -0.5189309090500001
5206 -0.008956156457009003 0.06988861059426295 -0.02000000000000013
5207 -0.01214691543177668 0.08040713325490713 -0.02000000000000013
5208 -0.01732842685050672 0.09010105926073703 -0.02000000000000013
5209 -0.02430156812347702 0.09859785645196445 -0.02000000000000013
5210 -0.03279836529889286 0.1055709976561533 -0.02000000000000013
5211 -0.04249229126281832 0.1107525090169846 -0.02000000000000013
5212 -0.05301081387065633 0.1139432679559014 -0.02000000000000013
5213 -0.00823754881283276 0.07003155054083922 -0.02000000000000013
5214 -0.01147000183479785 0.08068752005349378 -0.02000000000000013
5215 -0.01671922070789321 0.09050811779510193 -0.02000000000000013
5216 -0.02378348088753954 0.09911594369419011 -0.02000000000000013
5217 -0.03239130677097961 0.1061802038030792 -0.02000000000000013
5218 -0.04221190447242559 0.1114294226173601 -0.02000000000000013
5219 -0.05286787392332511 0.1146618755999309 -0.02000000000000013
5220 -0.07517449047744743 0.1153804831313689 -0.5189309090500001
5221 -0.08596790681618177 0.1121063360688127 -0.5189309090500001
5222 -0.09591517627868629 0.1067894097483824 -0.5189309090500001
5223 -0.1046340308716359 0.09963403067175595 -0.5189309090500001
5224 -0.1117894098578274 0.09091517611489025 -0.5189309090500001
5225 -0.1171063361232038 0.08096790668487021 -0.5189309090500001
5226 -0.1203804831438665 0.07017449041461774 -0.5189309090500001
5227 -0.1200206553666603 0.0589497122 -0.5189309090500001
5228 -0.1207533413333342 0.0589497122 -0.5189309090500001
5229 -0.07488861058086098 0.1139432679116671 -0.02000000000000013
5230 -0.08540713324066562 0.1107525089380393 -0.02000000000000013
5231 -0.09510105924231273 0.105570997521711 -0.02000000000000013
5232 -0.1035978564359516 0.09859785624539175 -0.02000000000000013
5233 -0.1105709976343764 0.09010105907369589 -0.02000000000000013
5234 -0.1157525089902741 0.08040713311455674 -0.02000000000000013
5235 -0.1189432679233054 0.06988861052234382 -0.02000000000000013
5236 -0.0750315505291549 0.1146618755215195 -0.02000000000000013
5237 -0.08568752002842506 0.1114294225034275 -0.02000000000000013
5238 -0.09550811776050151 0.1061802036350481 -0.02000000000000013
5239 -0.1041159436537964 0.09911594345857509 -0.02000000000000013
5240 -0.111180203746105 0.09050811759429409 -0.02000000000000013
5241 -0.1164294225567425 0.08068751989971418 -0.02000000000000013
5242 -0.1196618755335898 0.07003155046848115 -0.02000000000000013
5243 -0.1203804831317059 0.0477249339242465 -0.5189309090500001
5244 -0.1171063360672926 0.03693151758014843 -0.5189309090500001
5245 -0.111789409743269 0.02698424811366099 -0.5189309090500001
5246 -0.1046340306696794 0.0182653935262875 -0.5189309090500001
5247 -0.0959151761043805 0.0111100145351502 -0.5189309090500001
5248 -0.08596790667197082 0.005793088271453133 -0.5189309090500001
5249 -0.07517449039651238 0.002518941252532089 -0.5189309090500001
5250 -0.06394971219999999 0.002878769000001975 -0.5189309090500001
5251 -0.06394971219999999 0.002146083000001692 -0.5189309090500001
5252 -0.1189432679095741 0.04801081380862348 -0.02000000000000013
5253 -0.1157525089315674 0.0374922911437113 -0.02000000000000013
5254 -0.1105709975139062 0.02779836514600598 -0.02000000000000013
5255 -0.1035978562397465 0.01930156795840134 -0.02000000000000013
5256 -0.09510105907955968 0.01232842676953893 -0.02000000000000013
5257 -0.08540713311248037 0.007146915408862409 -0.02000000000000013
5258 -0.0748886105206289 0.003956156476349578 -0.02000000000000013
5259 -0.1196618755206437 0.04786787386643497 -0.02000000000000013
5260 -0.1164294224994334 0.03721190436192982 -0.02000000000000013
5261 -0.1111802036285905 0.02739130662983344 -0.02000000000000013
5262 -0.1041159434547153 0.01878348074234443 -0.02000000000000013
5263 -0.09550811759197192 0.01171922065234465 -0.02000000000000013
5264 -0.08568751989222684 0.006470001840158009 -0.02000000000000013
5265 -0.07503155045857128 0.003237548864441274 -0.02000000000000013
5266 -0.05272493391062 0.00251894116904549 -0.5189309090500001
5267 -0.04193151755002502 0.005793088236945639 -0.5189309090500001
5268 -0.0319842480713288 0.01111001456474747 -0.5189309090500001
5269 -0.02326539345775865 0.01826539365742808 -0.5189309090500001
5270 -0.01611001444548987 0.02698424824981042 -0.5189309090500001
5271 -0.01079308817974185 0.03693151768812719 -0.5189309090500001
5272 -0.007518941155445089 0.04772493397899382 -0.5189309090500001
5273 -0.05301081381073524 0.003956156456015287 -0.02000000000000013
5274 -0.04249229114407894 0.007146915432196619 -0.02000000000000013
5275 -0.03279836514435507 0.01232842684710352 -0.02000000000000013
5276 -0.02430156794158096 0.01930156812992976 -0.02000000000000013
5277 -0.01732842673793054 0.02779836530774353 -0.02000000000000013
5278 -0.01214691538131891 0.03749229126690729 -0.02000000000000013
5279 -0.008956156443825816 0.04801081387201225 -0.02000000000000013
5280 -0.05286787386067782 0.0032375488125311 -0.02000000000000013
5281 -0.04221190434705237 0.006470001834571814 -0.02000000000000013
5282 -0.0323913066078425 0.01171922070592612 -0.02000000000000013
5283 -0.02378348069967053 0.01878348089367946 -0.02000000000000013
5284 -0.01671922059171105 0.0273913067787774 -0.02000000000000013
5285 -0.01147000178053134 0.03721190447751754 -0.02000000000000013
5286 -0.008237548799636483 0.04786787392550318 -0.02000000000000013
5287 -0.005706698500001864 0.0589497122 -0.5189309090500001
5288 -0.006132702194208729 0.07045023055584211 -0.5189309090500001
5289 -0.009487279672398534 0.08150879045331715 -0.5189309090500001
5290 -0.01493481790472137 0.09170041762271558 -0.5189309090500001
5291 -0.02226597104928368 0.1006334535405144 -0.5189309090500001
5292 -0.03119900693276804 0.1079646065991695 -0.5189309090500001
5293 -0.041390634065111 0.113412144776656 -0.5189309090500001
5294 -0.0524491939065886 0.1167667222182095 -0.5189309090500001
5295 -0.06394971219999999 0.11719272585 -0.5189309090500001
5296 -0.00682582168143343 0.07031236052162855 -0.02000000000000013
5297 -0.01014018395510955 0.08123834865269827 -0.02000000000000013
5298 -0.01552241623500125 0.09130779697609051 -0.02000000000000013
5299 -0.0227656823504435 0.1001337422384642 -0.02000000000000013
5300 -0.03159162758791768 0.1073770082745862 -0.02000000000000013
5301 -0.04166107587357229 0.1127592404971946 -0.02000000000000013
5302 -0.05258706394129141 0.1160736027310837 -0.02000000000000013
5303 -0.07545023055441372 0.1167667222060754 -0.5189309090500001
5304 -0.08650879045662885 0.1134121447262297 -0.5189309090500001
5305 -0.09670041762106941 0.1079646064963785 -0.5189309090500001
5306 -0.1056334535404161 0.1006334533508146 -0.5189309090500001
5307 -0.1129646066035177 0.0917004174607244 -0.5189309090500001
5308 -0.1184121447781837 0.08150879033120076 -0.5189309090500001
5309 -0.121766722218035 0.07045023049428878 -0.5189309090500001
5310 -0.1221927258500027 0.0589497122 -0.5189309090500001
5311 -0.07531236051593101 0.1160736026687223 -0.02000000000000013
5312 -0.08623834863640618 0.1127592403975214 -0.02000000000000013
5313 -0.09630779694987912 0.1073770081223808 -0.02000000000000013
5314 -0.1051337422060277 0.1001337420112856 -0.02000000000000013
5315 -0.1123770082306745 0.09130779678780759 -0.02000000000000013
5316 -0.1177592404506961 0.08123834850803567 -0.02000000000000013
5317 -0.1210736026809533 0.07031236045445337 -0.02000000000000013
5318 -0.1217667222038322 0.0474491938343089 -0.5189309090500001
5319 -0.1184121447225725 0.03639063393454192 -0.5189309090500001
5320 -0.1129646064887009 0.0261990067674402 -0.5189309090500001
5321 -0.1056334533512798 0.01726597086004913 -0.5189309090500001
5322 -0.09670041745944466 0.009934817795627236 -0.5189309090500001
5323 -0.08650879032655961 0.004487279619893834 -0.5189309090500001
5324 -0.07545023050296251 0.001132702183690319 -0.5189309090500001
5325 -0.06394971219999999 0.0007066985000018214 -0.5189309090500001
5326 -0.1210736026677715 0.04758706387927789 -0.02000000000000013
5327 -0.1177592403949347 0.03666107575734558 -0.02000000000000013
5328 -0.1123770081159868 0.02659162744055119 -0.02000000000000013
5329 -0.1051337420104811 0.01776568219316913 -0.02000000000000013
5330 -0.09630779678191369 0.01052241616538977 -0.02000000000000013
5331 -0.08623834849926595 0.005140183945674769 -0.02000000000000013
5332 -0.07531236044973783 0.00182582171811275 -0.02000000000000013
5333 -0.05244919383556881 0.001132702195917205 -0.5189309090500001
5334 -0.04139063394239777 0.004487279674173471 -0.5189309090500001
5335 -0.0311990067815885 0.009934817901845479 -0.5189309090500001
5336 -0.02226597086739737 0.01726597104137192 -0.5189309090500001
5337 -0.01493481780351259 0.02619900692875408 -0.5189309090500001
5338 -0.009487279626608315 0.0363906340572302 -0.5189309090500001
5339 -0.006132702183622933 0.04744919389737628 -0.5189309090500001
5340 -0.05258706387309476 0.001825821682483136 -0.02000000000000013
5341 -0.0416610757462121 0.005140183955561239 -0.02000000000000013
5342 -0.03159162742645968 0.010522416233298 -0.02000000000000013
5343 -0.02276568216257933 0.01776568234940129 -0.02000000000000013
5344 -0.01552241612450278 0.02659162758928327 -0.02000000000000013
5345 -0.0101401839031768 0.0366610758726794 -0.02000000000000013
5346 -0.006825821669535836 0.0475870639381854 -0.02000000000000013
5347 0.1182246602992977 0.06974567064526507 -0.5189309090500001
5348 0.1150755953657515 0.0801267464695873 -0.5189309090500001
5349 0.1099617914077158 0.08969400072512666 -0.5189309090500001
5350 0.1030797690311359 0.09807976921919472 -0.5189309090500001
5351 0.09469400056949095 0.1049617915117083 -0.5189309090500001
5352 0.08512674633619884 0.1100755954210029 -0.5189309090500001
5353 0.07474567058448453 0.1132246603113877 -0.5189309090500001
5354 0.05315375376430705 0.1132246603012017 -0.5189309090500001
5355 0.0427726779459998 0.1100755953722079 -0.5189309090500001
5356 0.03320542368233775 0.1049617914127034 -0.5189309090500001
5357 0.02481965517731877 0.09807976902764934 -0.5189309090500001
5358 0.01793763287241191 0.08969400054572517 -0.5189309090500001
5359 0.01282382897581875 0.08012674632852552 -0.5189309090500001
5360 0.009674764086897568 0.06974567057586413 -0.5189309090500001
5361 0.009674764100824816 0.04815375375411898 -0.5189309090500001
5362 0.01282382903025687 0.03777267794004929 -0.5189309090500001
5363 0.01793763299065643 0.02820542367730942 -0.5189309090500001
5364 0.02481965536291263 0.01981965518675682 -0.5189309090500001
5365 0.03320542383099512 0.01293763288796693 -0.5189309090500001
5366 0.04277267805457637 0.0078238289828182 -0.5189309090500001
5367 0.05315375381985837 0.004674764087748431 -0.5189309090500001
5368 0.07474567063608405 0.004674764098876058 -0.5189309090500001
5369 0.0851267464578056 0.007823829029368318 -0.5189309090500001
5370 0.09469400072560155 0.01293763299260147 -0.5189309090500001
5371 0.1030797692119439 0.01981965536161329 -0.5189309090500001
5372 0.1099617915109211 0.02820542382933099 -0.5189309090500001
5373 0.1150755954175308 0.03777267805541901 -0.5189309090500001
5374 0.1182246603119171 0.04815375381817682 -0.5189309090500001
5375 0.07633750885953271 0.1027955187518825 -0.02000000000000013
5376 0.02023957185177359 0.07220903826022347 -0.02000000000000013
5377 0.05988029896341109 0.01313484405663302 -0.02000000000000013
5378 0.1094213725954092 0.05416602070699912 -0.02000000000000013
5379 0.09292687878395536 0.02364093269684421 -0.02000000000000013
5380 0.02773022278408886 0.0288150753612184 -0.02000000000000013
5381 0.04440708112347692 0.09939623606512332 -0.02000000000000013
5382 0.1050431372040487 0.08096904697406219 -0.02000000000000013
5383 0.0923538987184134 0.09548948150494437 -0.02000000000000013
5384 0.01955674061572245 0.04576340335046351 -0.02000000000000013
5385 0.07706946305003533 0.01529862664409709 -0.02000000000000013
5386 0.04241891382615128 0.0187905485952992 -0.02000000000000013
5387 0.1042082868262193 0.03695891401062604 -0.02000000000000013
5388 0.02756597817168413 0.08859262077403009 -0.02000000000000013
5389 0.06005191879249448 0.1042687518581465 -0.02000000000000013
5390 0.08666558291276384 0.01723466990859684 -0.02000000000000013
5391 0.08225126189680562 0.02525720127097604 -0.02000000000000013
5392 0.07239451503970658 0.02487116404295288 -0.02000000000000013
5393 0.07673107023897355 0.0342282576475482 -0.02000000000000013
5394 0.06700010302650641 0.03322555442881317 -0.02000000000000013
5395 0.08698625596002114 0.03590370522959324 -0.02000000000000013
5396 0.08068972841250563 0.04369710198845692 -0.02000000000000013
5397 0.09050828376664691 0.04571248744910254 -0.02000000000000013
5398 0.08429322878996715 0.05310381719200592 -0.02000000000000013
5399 0.09379744561464495 0.05480335744064807 -0.02000000000000013
5400 0.08784569789159664 0.06240470164273579 -0.02000000000000013
5401 0.09712726128691447 0.0639846464975827 -0.02000000000000013
5402 0.09116066924738828 0.07151343533957696 -0.02000000000000013
5403 0.08156725455029366 0.07011910443587778 -0.02000000000000013
5404 0.08487413695842512 0.07919448490915328 -0.02000000000000013
5405 0.0752895521868655 0.07787562352085024 -0.02000000000000013
5406 0.07844493045019152 0.08687432454423649 -0.02000000000000013
5407 0.06904046319832856 0.08567422628908103 -0.02000000000000013
5408 0.06543959522999873 0.07651393536956963 -0.02000000000000013
5409 0.05919225538178575 0.08418451486669259 -0.02000000000000013
5410 0.05556957187532556 0.07501111777797458 -0.02000000000000013
5411 0.04933491854066126 0.0825554147315801 -0.02000000000000013
5412 0.04571737137969589 0.07331610820526742 -0.02000000000000013
5413 0.0516572905406021 0.06543993676451601 -0.02000000000000013
5414 0.04205881613369278 0.06396272901300334 -0.02000000000000013
5415 0.04801458937968375 0.05592210648720393 -0.02000000000000013
5416 0.03843835623581765 0.05459922949910408 -0.02000000000000013
5417 0.04471096030865346 0.04680715029353961 -0.02000000000000013
5418 0.05445871087109542 0.04815436852868014 -0.02000000000000013
5419 0.05112009836089618 0.03927748143732822 -0.02000000000000013
5420 0.03620988887067789 0.07161372805785637 -0.02000000000000013
5421 0.03514034533411333 0.04588793560295676 -0.02000000000000013
5422 0.05228521279707582 0.09138957502923074 -0.02000000000000013
5423 0.07508510026561126 0.05127895139539662 -0.02000000000000013
5424 0.02741163314134309 0.05265204793784576 -0.02000000000000013
5425 0.0628985239710045 0.02349340441656586 -0.02000000000000013
5426 0.1008104710130509 0.04774725247770658 -0.02000000000000013
5427 0.04113015926331361 0.03808802967794307 -0.02000000000000013
5428 0.04745551082401897 0.02974525343827338 -0.02000000000000013
5429 0.03240675567380513 0.06219311914812873 -0.02000000000000013
5430 0.02325969205920236 0.06236950278214838 -0.02000000000000013
5431 0.04019631082617532 0.08067534242494519 -0.02000000000000013
5432 0.06206434763094493 0.09405700757969855 -0.02000000000000013
5433 0.07103565679037384 0.06718272166695591 -0.02000000000000013
5434 0.07803339185798024 0.06081096666586915 -0.02000000000000013
5435 0.071010513744401 0.04222131760070514 -0.02000000000000013
5436 0.06107948471245561 0.04079289767778232 -0.02000000000000013
5437 0.09595916021192832 0.0326802372119264 -0.02000000000000013
5438 0.09494009068225379 0.08014622842549436 -0.02000000000000013
5439 0.0569894713734886 0.03122571954759343 -0.02000000000000013
5440 0.03803268400596494 0.02857272986854534 -0.02000000000000013
5441 0.05300653383715452 0.02130560600747855 -0.02000000000000013
5442 0.04314784500704658 0.08979668643187154 -0.02000000000000013
5443 0.07220498324492068 0.09399388639269884 -0.02000000000000013
5444 0.06489416804498138 0.05048932370471949 -0.02000000000000013
5445 0.06067676251377083 0.06655393961410151 -0.02000000000000013
5446 0.06821721541748922 0.01721251274867479 -0.02000000000000013
5447 0.02236180061683772 0.03693983988398167 -0.02000000000000013
5448 0.03456529259498341 0.09501262453850896 -0.02000000000000013
5449 0.0510403922319895 0.1051747672761684 -0.02000000000000013
5450 0.09881053629359321 0.08867862186733411 -0.02000000000000013
5451 0.0683898715228 0.1067821502744185 -0.02000000000000013
5452 0.0857980513273348 0.1017101554660313 -0.02000000000000013
5453 0.02185741887133548 0.08194413230657867 -0.02000000000000013
5454 0.03001196121373045 0.07887830978805734 -0.02000000000000013
5455 0.1008490368269415 0.07267549349033396 -0.02000000000000013
5456 0.1080235709645312 0.06433157738203658 -0.02000000000000013
5457 0.1095480772328255 0.04495972381378552 -0.02000000000000013
5458 0.01724218428921737 0.05527754727963663 -0.02000000000000013
5459 0.0874845307179915 0.08769320435518237 -0.02000000000000013
5460 0.03117407111579693 0.03772118725741146 -0.02000000000000013
5461 0.1094432001321141 0.07356970699225704 -0.02000000000000013
5462 0.02842557393383788 0.06945273960728286 -0.02000000000000013
5463 0.05014537054116554 0.01299279261289404 -0.02000000000000013
5464 0.08210398388639743 0.09475942850249598 -0.02000000000000013
5465 0.03322092948204794 0.02157312388694936 -0.02000000000000013
5466 0.05640874844632485 0.05622621390559299 -0.02000000000000013
5467 0.1018125545593192 0.05697915202829758 -0.02000000000000013
5468 0.09641397917482077 0.04030434582406586 -0.02000000000000013
5469 0.01538102114433738 0.06374289965647345 -0.02000000000000013
5470 0.1017642739029983 0.02788117107497418 -0.02000000000000013
5471 0.03509747756272398 0.08659111679148263 -0.02000000000000013
5472 0.0274034400953007 0.04459111552568542 -0.02000000000000013
5473 0.07122921029867629 0.05808203458010137 -0.02000000000000013
5474 0.05481652953366922 0.09890859278416229 -0.02000000000000013
5475 0.06711058498273881 0.09960603241278887 -0.02000000000000013
5476 0.06880715156844949 0.01004101230074301 -0.02000000000000013
5477 0.06394971219999999 0.0589497122 -0.02000000000000013
5478 0.1200206553666603 0.0589497122 -0.5189309090500001
5479 0.1207533413333342 0.0589497122 -0.5189309090500001
5480 0.1203804831317315 0.07017449047562456 -0.5189309090500001
5481 0.117106336069747 0.08096790681392615 -0.5189309090500001
5482 0.111789409748652 0.09091517627828286 -0.5189309090500001
5483 0.1046340306788018 0.09963403086459009 -0.5189309090500001
5484 0.09591517612007072 0.1067894098543659 -0.5189309090500001
5485 0.08596790667540938 0.1121063361271226 -0.5189309090500001
5486 0.07517449039899987 0.1153804831469731 -0.5189309090500001
5487 0.06394971219999999 0.1150206553666621 -0.5189309090500001
5488 0.06394971219999999 0.1157533413333324 -0.5189309090500001
5489 0.1189432679101028 0.0698886105887173 -0.02000000000000013
5490 0.1157525089337444 0.08040713325103174 -0.02000000000000013
5491 0.1105709975213562 0.0901010592428427 -0.02000000000000013
5492 0.1035978562470202 0.09859785643432312 -0.02000000000000013
5493 0.09510105908634753 0.1055709976259236 -0.02000000000000013
5494 0.0854071331159334 0.1107525089897051 -0.02000000000000013
5495 0.07488861052265514 0.113943267923245 -0.02000000000000013
5496 0.119661875520921 0.07003155053217126 -0.02000000000000013
5497 0.1164294225017492 0.08068752003247964 -0.02000000000000013
5498 0.1111802036350071 0.09050811776056378 -0.02000000000000013
5499 0.1041159434629136 0.09911594364945783 -0.02000000000000013
5500 0.09550811760321114 0.1061802037401461 -0.02000000000000013
5501 0.08568751989567278 0.1114294225584153 -0.02000000000000013
5502 0.0750315504608282 0.1146618755351105 -0.02000000000000013
5503 0.05272493393831324 0.1153804831345039 -0.5189309090500001
5504 0.0419315176009486 0.1121063360759084 -0.5189309090500001
5505 0.03198424813499999 0.1067894097575273 -0.5189309090500001
5506 0.02326539354113888 0.09963403068453078 -0.5189309090500001
5507 0.01611001454450967 0.09091517611838795 -0.5189309090500001
5508 0.01079308828184156 0.08096790669705076 -0.5189309090500001
5509 0.007518941257109037 0.0701744904195223 -0.5189309090500001
5510 0.00787876900000113 0.0589497122 -0.5189309090500001
5511 0.007146083000001639 0.0589497122 -0.5189309090500001
5512 0.05301081382230944 0.1139432679122982 -0.02000000000000013
5513 0.04249229116431672 0.1107525089401042 -0.02000000000000013
5514 0.03279836516655942 0.1055709975276413 -0.02000000000000013
5515 0.02430156796525994 0.09859785624660697 -0.02000000000000013
5516 0.01732842676311244 0.0901010590699439 -0.02000000000000013
5517 0.01214691541116103 0.08040713311803241 -0.02000000000000013
5518 0.008956156476969342 0.06988861052374942 -0.02000000000000013
5519 0.05286787388031146 0.1146618755234023 -0.02000000000000013
5520 0.04221190438263291 0.1114294225080073 -0.02000000000000013
5521 0.0323913066507801 0.1061802036425852 -0.02000000000000013
5522 0.02378348075319993 0.09911594346556958 -0.02000000000000013
5523 0.01671922065381171 0.09050811759416645 -0.02000000000000013
5524 0.01147000184650208 0.08068751990754194 -0.02000000000000013
5525 0.008237548867040118 0.07003155047163603 -0.02000000000000013
5526 0.007518941167779555 0.04772493391698436 -0.5189309090500001
5527 0.01079308823541146 0.03693151755372892 -0.5189309090500001
5528 0.01611001456473306 0.02698424807135039 -0.5189309090500001
5529 0.02326539365590887 0.01826539345927789 -0.5189309090500001
5530 0.03198424824656047 0.01111001444766144 -0.5189309090500001
5531 0.04193151768829891 0.005793088179670738 -0.5189309090500001
5532 0.0527249339813934 0.002518941154967799 -0.5189309090500001
5533 0.06394971219999999 0.002878769000001975 -0.5189309090500001
5534 0.06394971219999999 0.002146083000001692 -0.5189309090500001
5535 0.00895615645647755 0.04801081380840778 -0.02000000000000013
5536 0.01214691543197619 0.03749229114460988 -0.02000000000000013
5537 0.017328426848683 0.02779836514199076 -0.02000000000000013
5538 0.02430156812724558 0.01930156794426515 -0.02000000000000013
5539 0.03279836530285093 0.0123284267412 -0.02000000000000013
5540 0.04249229126581772 0.007146915381770796 -0.02000000000000013
5541 0.05301081387370361 0.00395615644349011 -0.02000000000000013
5542 0.008237548812129585 0.04786787386269622 -0.02000000000000013
5543 0.01147000183369478 0.03721190434916968 -0.02000000000000013
5544 0.01671922070670889 0.027391306606671 -0.02000000000000013
5545 0.02378348089157795 0.01878348070177206 -0.02000000000000013
5546 0.03239130677470628 0.01171922059443134 -0.02000000000000013
5547 0.04221190447705869 0.006470001780721452 -0.02000000000000013
5548 0.05286787392754871 0.003237548799229667 -0.02000000000000013
5549 0.0751744904996568 0.002518941171089674 -0.5189309090500001
5550 0.08596790686903151 0.005793088244839116 -0.5189309090500001
5551 0.09591517634331262 0.01111001457453056 -0.5189309090500001
5552 0.1046340309498989 0.0182653936650856 -0.5189309090500001
5553 0.1117894099624022 0.02698424826162178 -0.5189309090500001
5554 0.1171063362237347 0.0369315176965204 -0.5189309090500001
5555 0.120380483245188 0.04772493398217647 -0.5189309090500001
5556 0.07488861059060722 0.003956156456282764 -0.02000000000000013
5557 0.08540713326154545 0.007146915434527452 -0.02000000000000013
5558 0.09510105926483545 0.01232842685324659 -0.02000000000000013
5559 0.1035978564579249 0.01930156812943923 -0.02000000000000013
5560 0.11057099766141 0.02779836530676274 -0.02000000000000013
5561 0.1157525090195934 0.03749229126912051 -0.02000000000000013
5562 0.1189432679563348 0.04801081387284391 -0.02000000000000013
5563 0.07503155054513265 0.00323754881368666 -0.02000000000000013
5564 0.08568752006528971 0.00647000183968352 -0.02000000000000013
5565 0.09550811780407586 0.01171922071388867 -0.02000000000000013
5566 0.1041159437039142 0.01878348089726242 -0.02000000000000013
5567 0.111180203811909 0.02739130678419222 -0.02000000000000013
5568 0.1164294226216674 0.03721190448282041 -0.02000000000000013
5569 0.1196618756007651 0.04786787392751014 -0.02000000000000013
5570 0.1221927258500027 0.0589497122 -0.5189309090500001
5571 0.1217667222039733 0.07045023056498172 -0.5189309090500001
5572 0.1184121447236358 0.08150879046289106 -0.5189309090500001
5573 0.1129646064796904 0.09170041764604507 -0.5189309090500001
5574 0.1056334533428998 0.1006334535483309 -0.5189309090500001
5575 0.09670041745343098 0.107964606608391 -0.5189309090500001
5576 0.08650879032213321 0.1134121447819396 -0.5189309090500001
5577 0.07545023049705352 0.116766722217485 -0.5189309090500001
5578 0.06394971219999999 0.11719272585 -0.5189309090500001
5579 0.1210736026678549 0.07031236052030324 -0.02000000000000013
5580 0.1177592403966937 0.08123834863840877 -0.02000000000000013
5581 0.1123770081141731 0.09130779696216421 -0.02000000000000013
5582 0.1051337420108525 0.1001337422064608 -0.02000000000000013
5583 0.09630779678675211 0.1073770082313787 -0.02000000000000013
5584 0.08623834849877215 0.1127592404545313 -0.02000000000000013
5585 0.07531236044802714 0.1160736026822292 -0.02000000000000013
5586 0.05244919383514222 0.1167667222039979 -0.5189309090500001
5587 0.04139063393828785 0.1134121447241241 -0.5189309090500001
5588 0.03119900677827409 0.1079646064959399 -0.5189309090500001
5589 0.02226597086406214 0.1006334533552928 -0.5189309090500001
5590 0.01493481780226334 0.09170041746937629 -0.5189309090500001
5591 0.009487279624619788 0.08150879033796907 -0.5189309090500001
5592 0.006132702181946961 0.07045023049419805 -0.5189309090500001
5593 0.005706698500001864 0.0589497122 -0.5189309090500001
5594 0.05258706388672803 0.1160736026692508 -0.02000000000000013
5595 0.0416610757696188 0.1127592404000161 -0.02000000000000013
5596 0.03159162745663791 0.1073770081267334 -0.02000000000000013
5597 0.02276568220260163 0.1001337420199116 -0.02000000000000013
5598 0.01552241617338786 0.09130779679388193 -0.02000000000000013
5599 0.01014018395323224 0.08123834851750977 -0.02000000000000013
5600 0.00682582171952973 0.0703123604568601 -0.02000000000000013
5601 0.006132702196156289 0.04744919383436688 -0.5189309090500001
5602 0.009487279676051751 0.0363906339378632 -0.5189309090500001
5603 0.01493481790442246 0.02619900677773176 -0.5189309090500001
5604 0.02226597104458953 0.01726597086417977 -0.5189309090500001
5605 0.03119900693246432 0.009934817801033481 -0.5189309090500001
5606 0.04139063406240124 0.004487279624466406 -0.5189309090500001
5607 0.05244919390268243 0.001132702182567474 -0.5189309090500001
5608 0.06394971219999999 0.0007066985000018214 -0.5189309090500001
5609 0.006825821681969747 0.04758706387567598 -0.02000000000000013
5610 0.01014018395573332 0.03666107574579676 -0.02000000000000013
5611 0.01552241623457931 0.0265916274245421 -0.02000000000000013
5612 0.02276568235025051 0.01776568216173012 -0.02000000000000013
5613 0.03159162758951344 0.01052241612434898 -0.02000000000000013
5614 0.04166107587535078 0.00514018390207026 -0.02000000000000013
5615 0.05258706394203828 0.001825821668769427 -0.02000000000000013
5616 0.07545023055398713 0.001132702193839756 -0.5189309090500001
5617 0.08650879045251894 0.004487279672067905 -0.5189309090500001
5618 0.09670041761775502 0.009934817901406837 -0.5189309090500001
5619 0.1056334535370809 0.01726597104585019 -0.5189309090500001
5620 0.1129646066022684 0.026199006937406 -0.5189309090500001
5621 0.1184121447761952 0.03639063406399856 -0.5189309090500001
5622 0.121766722216359 0.04744919389728559 -0.5189309090500001
5623 0.07531236052682233 0.001825821682466262 -0.02000000000000013
5624 0.08623834866077597 0.005140183958454798 -0.02000000000000013
5625 0.09630779698053493 0.01052241623796975 -0.02000000000000013
5626 0.1051337422434914 0.01776568235546871 -0.02000000000000013
5627 0.1123770082823371 0.02659162759951449 -0.02000000000000013
5628 0.1177592404999671 0.03666107588025988 -0.02000000000000013
5629 0.1210736027307759 0.04758706393973122 -0.02000000000000013
5630 0.01093513154693396 0.08366463665557303 0.8873295107111683
5631 0.0447476830860634 0.1101453494103041 0.9086785122086227
5632 0.04168477638427787 0.1024517447471644 0.9567436679692364
5633 0.002587182696450486 0.1204649219131986 0.977863967489465
5634 -0.01140242429881505 0.1504103619609319 0.9420940678484038
5635 -0.04760101927501978 0.1205658509812834 0.933592173821272
5636 -0.006603212890242668 0.07352538964493495 0.9692697834153985
5637 -0.01275605991065959 0.05566606531740233 0.9253596026475613
5638 0.006620771851000419 0.1350123234244519 0.8921738857448912
5639 -0.03548518933924703 0.08911664703411804 0.8991263797223662
5640 0.03276096065221074 0.1442713266818854 0.9434051352242269
5641 0.03367417594343078 0.06690063761037071 0.9258539311833872
5642 -0.04455395121692005 0.0783000301699813 0.9467693924764319
5643 -0.03728505285006383 0.1098440450085319 0.9728448257740389
5644 -0.02588603762058232 0.1515814534582597 0.9054876540076322
5645 0.01395964740270252 0.1620623047465253 0.9159656701378585
5646 0.02730838202342616 0.1119901833365757 0.8738694615582223
5647 0.03113164002405971 0.06596239956149579 0.9645346113530602
5648 0.06110288097383199 0.125290356852186 0.9343990769093468
5649 -0.02775715363826743 0.1220692866327377 0.88099604092964
5650 0.06192877748210513 0.08223971760420346 0.9340293293128982
5651 0.040271186422929 0.1440146480547972 0.9010984948852281
5652 0.008124427728481874 0.1540606286973038 0.970190455191802
5653 -0.04026771586484204 0.1427530330265036 0.9607223426895726
5654 -0.01660094803707816 0.09714791889964497 0.9942392058022161
5655 -0.01773398471304196 0.06682217779935776 0.880790830630189
5656 -0.06176045183511805 0.08798721444936214 0.9197810016292524
5657 0.01321192292316137 0.05097230589568957 0.9013800043960111
5658 0.01899934344267432 0.09028108060203914 0.9877729492531898
5659 -0.01749892453507365 0.04558208090660332 0.9561436652139197
5660 -0.004015858413449414 0.1043185717305847 0.8661142296445012
5661 0.0141664448376742 0.04517503225398472 0.9434799656623676
5662 0.03530345711355323 0.130926149696835 0.9750754623807233
5663 -0.04816365991817674 0.1520731937131023 0.926841129041449
5664 0.04474165293650693 0.07809303692007105 0.8945712317170227
5665 -0.04235035305429134 0.05860095189154101 0.9104532305965954
5666 -0.05518117553809607 0.1168970525538446 0.9005644288540914
5667 -0.06461473177401289 0.1003972288093458 0.9531610593229668
5668 -0.02162354889313372 0.1373174198369229 0.986316319052415
5669 -0.03706508642272884 0.07823831531243806 0.9778870316995022
5670 0.02059935146071868 0.1274603881532408 0.9195275119963754
5671 -0.04210941106953207 0.04959926663881681 0.9389183095041393
5672 -0.02060426951053693 0.1214642570236082 0.9491887877217924
5673 -0.02601324483892662 0.1160987663605198 0.9115463070648602
5674 0.01615748451366468 0.1689395322957684 0.9456296625291823
5675 0.01055974086756553 0.07559071229441339 0.9439806542184335
5676 -0.004394989159636894 0.1642509774066541 0.8926363451811459
5677 -0.02355103580380297 0.1712145272468485 0.9255040168128623
5678 0.04623807991782714 0.08672886328337157 0.9800996993542918
5679 0.00796843833887625 0.1294071861912894 0.9500902324594512
5680 0.007054149888698461 0.04795760636209882 0.97153410616768
5681 0.05978124784171351 0.1247370818560065 0.9625478698858039
5682 0.01237183871352324 0.1014284726679086 0.9577828943397085
5683 0.005865458128436273 0.07579170082474945 0.9150760295430018
5684 -0.0721033694952327 0.1120336325964137 0.9270184240786565
5685 -0.003455440342744458 0.1078108554435432 0.8950487149808606
5686 0.003786874691849784 0.07973004170406213 0.861450367743015
5687 -0.03190803755406492 0.09467152306808113 0.8700887588660539
5688 0.003452056319079113 0.1120684547767071 1.002963811790935
5689 -0.008189350201301182 0.03122704043895334 0.9335337280947824
5690 0.05729820650436362 0.07244120853062344 0.9592673098977735
5691 0.05088248232529505 0.1547920165123467 0.9255320726055222
5692 0.06637893827569721 0.125055419833244 0.9081010918087912
5693 -0.01972169636155793 0.04204541206794971 0.9014000009000098
5694 -0.01918616473666524 0.1601885723417695 0.9673041972698022
5695 0.03036677319693302 0.0730590445767811 0.8722989302926176
5696 -0.06376868942274048 0.1345587161762137 0.9492148869450302
5697 -0.0217073660469062 0.09344462962652809 0.955210441586001
5698 -0.02293311558125816 0.08423846198987056 0.9263206184533626
5699 0.02333740831490921 0.1403553219931279 0.8718782167415476
5700 0.05314767127375727 0.111214463351516 0.8827048390161574
5701 0.06841996542058779 0.09890726111319333 0.9544925683008295
5702 -0.006554918601808377 0.1354770806737623 0.9185111606889126
5703 0.03154896157985589 0.1131274293790293 0.9951496732919713
5704 0.03695116157875704 0.09431548760563788 0.9303937722789333
5705 0.01878397114559969 0.09999897425417116 0.9099872251118871
5706 0.0296458883794357 0.03974488624748936 0.9209213076962498
5707 -0.05959481190128531 0.0811740137083785 0.8937760928513571
5708 0.02171213425894495 0.1609107378717672 0.8907705704138547
5709 -0.05168970710505959 0.1439429118735607 0.9010464263261752
5710 -0.01274642178488386 0.1446920040761956 0.8745824255991751
5711 0.05773580600098535 0.06476669696369247 0.9140018387275221
5712 0.06846882408242853 0.09567526017813015 0.910637234103989
5713 0.04206379558169555 0.04844869576791158 0.9453931039956477
5714 0.008411844171359211 0.0573809436420578 0.8756956106942945
5715 0.004826396778657023 0.1432990807941346 0.9932394917433575
5716 -0.007647790112114083 0.1753174082599598 0.9492181895432159
5717 -0.02451930982156951 0.05509488071469845 0.979737295311471
5718 -0.05777691718865636 0.09410246808343467 0.97675224717567
5719 0.03442890260001492 0.1578339335671201 0.9664940932673961
5720 -0.009318163506800228 0.07237852368390818 0.9965794541890197
5721 0.05666318009996291 0.1485764191941537 0.9497935661370123
5722 -0.04665996748212958 0.05813654842604945 0.9636962701424552
5723 -0.03524239177645289 0.1643724606015154 0.9475022562151071
5724 -0.05695574881648175 0.1261224677441182 0.9723362097766093
5725 -0.06269092462993323 0.06451821511332297 0.9350960671889605
5726 -0.03123431753805642 0.1169813826579168 0.9966883365474898
5727 0.01082389547813065 0.1222589653846739 0.8593609682499544
5728 -0.05067131188011379 0.1101520678209169 0.8766988255415333
5729 0.05378043500587573 0.11046540871227 0.9821665375320255
5730 0.0363718299333291 0.1193737954852249 0.9381412211799811
5731 -0.0182532504330566 0.06945837298652381 0.946769707544913
5732 -0.03330171714207937 0.03628743947518089 0.9210487091595769
5733 0.03975446482740802 0.05220519411842522 0.8987814970649358
5734 0.01909074036244951 0.06446336136155889 0.9873278281679785
5735 -0.001409328921268582 0.1791183601749256 0.922077387391839
5736 -0.02018310452009487 0.06979446623937677 0.9057670118912673
5737 -0.07375964862259293 0.0840840771269314 0.9387912962755696
5738 -0.06629508870531872 0.1357283692104285 0.9248842344066665
5739 -0.02868340353171058 0.1366648439359978 0.9302282146661253
5740 0.0687048537053771 0.1248773185905876 0.9985442264787734
5741 0.06977870320087853 0.125206159877509 0.9996114144212904
5742 0.07050728050508552 0.1254292696329644 1.000335472045286
5743 0.07123585780929251 0.1256523793884198 1.001059529669281
5744 0.07170332045832704 0.1257955288891089 1.001524092445272
5745 0.01914286327056998 0.1860808952432676 0.9821696153265187
5746 0.01944488043710925 0.1873735436757806 0.9829683800582538
5747 0.01964979076573836 0.1882505700320745 0.9835103199272776
5748 0.01985470109436748 0.1891275963883684 0.9840522597963013
5749 0.01998617365669189 0.1896903054673075 0.9843999739583105
5750 0.06900641894204493 0.1720895136324855 0.949854951582343
5751 0.07009213659564061 0.1731554035609008 0.950146970884445
5752 0.07082876611821377 0.173878580518081 0.950345097937438
5753 0.07156539564078696 0.1746017574752612 0.9505432249904311
5754 0.0720380246754697 0.1750657552064177 0.9506703453337396
5755 0.01914821382053756 0.1555419903477845 1.012712576791883
5756 0.01945558159327859 0.1563549832838882 1.013995053682027
5757 0.01966412216083662 0.1569065765976692 1.014865178926992
5758 0.01987266272839465 0.1574581699114503 1.015735304171956
5759 0.02000646448913979 0.1578120778223349 1.016293585427294
5760 0.09168182757552111 0.136191499390678 0.9488636866218436
5761 0.09311431175395787 0.1367080422026679 0.9491489094076384
5762 0.09408621281217579 0.1370585022727649 0.9493424252115227
5763 0.09505811387039369 0.1374089623428619 0.9495359410154071
5764 0.09568169552830509 0.1376338211077484 0.9496601027341313
5765 0.03243804993415646 0.1954710762167634 0.9491864088216327
5766 0.03296123455464282 0.1968977592179219 0.9494881254150093
5767 0.03331620090886037 0.1978657243371461 0.9496928318130266
5768 0.03367116726307792 0.1988336894563703 0.9498975382110438
5769 0.03389891730593889 0.1994547457755733 0.9500288799294022
5770 0.03253269559752141 0.1225558413745232 1.02207710941203
5771 0.03305551882572307 0.122847900432492 1.023505932989082
5772 0.03341023998522977 0.1230460544587457 1.024475350430089
5773 0.03376496114473648 0.1232442084849994 1.025444767871095
5774 0.03399255386816353 0.1233713461346278 1.026066756014806
5775 0.05124856744503377 0.1261002768217204 1.012185813899062
5776 0.05205725495440695 0.1264391001752722 1.013463077647432
5777 0.05260592715474154 0.1266689824879867 1.014329665919295
5778 0.05315459935507615 0.1268988648007012 1.015196254191159
5779 0.0535066330497013 0.127046359643386 1.015752266088384
5780 0.05613070117478334 0.1451256102804412 1.00079095240984
5781 0.05701387078603823 0.1457820428617337 1.001881496833327
5782 0.05761307704093818 0.1462274142871292 1.002621401186322
5783 0.05821228329583814 0.1466727857125248 1.003361305539317
5784 0.05859674015664919 0.1469585405735636 1.003836035738687
5785 0.07246618780054022 0.1440153544364773 0.9846178982926557
5786 0.07358997662252606 0.144654378600106 0.9854716700639768
5787 0.07435243638420623 0.1450879388936203 0.9860509306942262
5788 0.0751148961458864 0.1455214991871346 0.9866301913244756
5789 0.07560409812612816 0.1457996759051741 0.9870018508685408
5790 0.05531063790054064 0.1664673975141492 0.9835633179107245
5791 0.05618259350040013 0.1674358876933111 0.9844011124203551
5792 0.05677419135745101 0.168092981603436 0.9849695329186308
5793 0.05736578921450189 0.1687500755135609 0.9855379534169065
5794 0.05774536444944715 0.1691716736859413 0.9859026578214429
5795 0.03943832338860765 0.1620842900228348 1.000145448118169
5796 0.04006128381740102 0.1629832427850487 1.001242710015389
5797 0.04048394530929469 0.1635931574731377 1.001987171989283
5798 0.04090660680118836 0.1642030721612266 1.002731633963177
5799 0.04117779073665361 0.1645943996622795 1.003209288378724
5800 0.01937510167798602 0.1731891237868471 0.99843338380408
5801 0.0196737138739625 0.1742668785133615 0.9995055101686082
5802 0.01987631402385247 0.1749981054092437 1.000232918375912
5803 0.02007891417374244 0.1757293323051259 1.000960326583217
5804 0.02020890450176322 0.1761984949592748 1.001427039127723
5805 0.08242670598003492 0.1550105422433105 0.9499821847831251
5806 0.08371703923183947 0.1558133143838323 0.950283476046384
5807 0.08459249480179287 0.1563579731693362 0.9504878938696318
5808 0.08546795037174627 0.1569026319548402 0.9506923116928797
5809 0.08602965161810598 0.1572520906014676 0.950823468258715
5810 0.0523872049472217 0.1854840675551971 0.9501524374111638
5811 0.05320040050510541 0.1867675292848997 0.9504551227405964
5812 0.05375213129218312 0.1876383227163785 0.9506604863993445
5813 0.05430386207926082 0.1885091161478574 0.9508658500580925
5814 0.0546578581944184 0.1890678261184953 0.9509976134816572
5815 0.04031989714445847 0.1852886554706385 0.9697275733240763
5816 0.04094571382875069 0.1865663100007112 0.9703408691866686
5817 0.04137031321132661 0.1874331634071967 0.9707569735365991
5818 0.04179491259390253 0.1883000168136822 0.9711730778865296
5819 0.04206733989984696 0.1888561988239926 0.9714400546926559
5820 0.08223491220142089 0.1234991056423113 0.9819001860376106
5821 0.08352155510306591 0.1238079138501233 0.9827060191283068
5822 0.08439450687208438 0.1240174317132011 0.9832527546841922
5823 0.08526745864110287 0.1242269495762789 0.9837994902400776
5824 0.08582755342317809 0.1243613783798236 0.9841502813638194
5825 0.05925075990408717 0.1751090658515644 0.9652354945491657
5826 0.06016871894977883 0.1762260077230032 0.9657922453748374
5827 0.06079152887769163 0.1769838220173321 0.9661699854747138
5828 0.06141433880560442 0.1777416363116609 0.9665477255745902
5829 0.06181394002439892 0.1782278577125441 0.9667900874855572
5830 0.09193253964387606 0.1210737395533643 0.9627509489907035
5831 0.09336637723478464 0.1213467314389619 0.9632703376976676
5832 0.09433919654608582 0.1215319489139546 0.9636227286291164
5833 0.09531201585738698 0.1217171663889474 0.9639751195605651
5834 0.09593618667586694 0.1218360038149936 0.9642012171858405
5835 0.0165266556761182 0.1959487546567559 0.9627792703961896
5836 0.01680271944936934 0.1973806826622854 0.9633022908696943
5837 0.01699002111552192 0.1983522063725052 0.9636571458547062
5838 0.0171773227816745 0.199323730082725 0.9640120008397179
5839 0.01729749744608237 0.1999470696303019 0.9642396794269577
5840 0.01721838093973553 0.1365371733650385 1.022322743012964
5841 0.01749401917417876 0.137060750458065 1.023754549573571
5842 0.01768103212397137 0.1374159830940906 1.024725990886756
5843 0.01786804507376397 0.1377712157301163 1.025697432199941
5844 0.01798803449480279 0.1379991366221084 1.026320718880738
5845 0.0722600134783708 0.1601920803145816 0.9678847873345012
5846 0.07338995502439216 0.1610671394392874 0.9684828534399366
5847 0.07415658923985761 0.1616608429524619 0.9688886248191297
5848 0.07492322345532307 0.1622545464656364 0.969294396198323
5849 0.07541510380780271 0.1626354727110837 0.9695547432647562
5850 0.03757531148497573 0.1423736128221765 1.013567272329828
5851 0.0381629189203551 0.1429843032180718 1.014864174090901
5852 0.03856159437999275 0.1433986398306142 1.015744086213468
5853 0.03896026983963039 0.1438129764431566 1.016623998336035
5854 0.03921606409151163 0.1440788190508973 1.017188558952126
5855 0.0355962747432413 0.1761322541456158 0.9879952719109731
5856 0.03616549764406878 0.1772657123020686 0.9888848995478924
5857 0.03655169970340309 0.1780347324408491 0.9894884873953235
5858 0.0369379017627374 0.1788037525796295 0.9900920752427547
5859 0.03718569295342719 0.1792971637649073 0.9904793433781411
5860 0.08388919109178462 0.1414017632839557 0.9671569391250006
5861 0.08520169613911814 0.1419876772469095 0.9677350522318979
5862 0.08609219466163015 0.142385203732152 0.9681272860511756
5863 0.08698269318414217 0.1427827302173944 0.9685195198704533
5864 0.08755404614269734 0.1430377872755539 0.9687711811000054
5865 0.01570962251445972 0.2002554189187115 0.9464793795118904
5866 0.01595083299391097 0.2017670022888607 0.9467183620537588
5867 0.01611448766023179 0.2027925699699194 0.9468805051257967
5868 0.0162781423265526 0.2038181376509781 0.9470426481978346
5869 0.01638314483404693 0.2044761523629155 0.947146680850979
5870 0.09639040908859101 0.1195111794220649 0.9463153085339487
5871 0.09790265025772386 0.1197495735982689 0.9465529517513109
5872 0.09892866423727428 0.1199113174804097 0.9467141861285623
5873 0.09995467821682469 0.1200730613625506 0.9468754205058136
5874 0.1006129792784384 0.1201768378913747 0.9469788701310904
5875 0.01560293422590786 0.1196747073678621 1.026941394994044
5876 0.0158426176969475 0.1199136024074399 1.028453235074675
5877 0.01600523633012149 0.1200756861115839 1.029478976926724
5878 0.01616785496329548 0.1202377698157279 1.030504718778774
5879 0.01627219274132802 0.1203417643778245 1.0311628452406
5880 -0.06800174710591668 0.1241952124329768 0.9994519307219285
5881 -0.06906803842262656 0.1245148745064825 1.000529436370312
5882 -0.06979148771070862 0.1247317564184709 1.001260494273543
5883 -0.07051493699879068 0.1249486383304592 1.001991552176773
5884 -0.0709791094602388 0.1250877919830919 1.002460606403509
5885 -0.02014692244366546 0.1858260320349401 0.9821926432943504
5886 -0.0204597970543279 0.1871114919585637 0.9829987956982957
5887 -0.0206720738597333 0.1879836411095791 0.9835457478994254
5888 -0.02088435066513871 0.1888557902605944 0.9840927001005551
5889 -0.02102054963429464 0.189415370074751 0.9844436302261012
5890 -0.06851799462088801 0.1725720799972664 0.9498844981261882
5891 -0.06958990249087041 0.1736474241313319 0.9501924395933981
5892 -0.07031716245564354 0.1743770155066358 0.950401369396851
5893 -0.07104442242041668 0.1751066068819396 0.950610299200304
5894 -0.07151103985099894 0.1755747201693601 0.9507443506987798
5895 -0.01914129766012836 0.1555398145861467 1.012715589603707
5896 -0.01944174927250189 0.1563506317606634 1.014001079305633
5897 -0.01964559741575173 0.1569007488801376 1.014873248660406
5898 -0.01984944555900157 0.1574508659996118 1.015745418015179
5899 -0.0199802366123244 0.1578038267691331 1.016305010792274
5900 -0.09165263034107715 0.1362048875105441 0.9489857911494115
5901 -0.09308430216823653 0.1367224772151427 0.9492731865436651
5902 -0.09405565206848843 0.1370736475730387 0.9494681764025458
5903 -0.09502700196874032 0.1374248179309348 0.9496631662614263
5904 -0.09565022999806441 0.1376501324237369 0.9497882737489104
5905 -0.03257724090594444 0.1954081478781251 0.949252965980297
5906 -0.03309908346638764 0.1968372227151759 0.9495455491100994
5907 -0.03345313926983208 0.1978068106291715 0.9497440587046569
5908 -0.03380719507327652 0.1987763985431672 0.9499425682992145
5909 -0.03403436089744988 0.1993984960640906 0.9500699340851027
5910 -0.03183752245759913 0.1224812586105732 1.022336370365278
5911 -0.0323487632326056 0.1227689010608732 1.023770272079616
5912 -0.03269562601665058 0.1229640585404762 1.024743134896899
5913 -0.03304248880069554 0.1231592160200792 1.025715997714181
5914 -0.03326503951006418 0.1232844310547328 1.026340196446543
5915 -0.0821756725863543 0.1241478086522132 0.98174318060151
5916 -0.08345893249690912 0.1244669996662194 0.9825503612096561
5917 -0.0843295889996552 0.1246835619773123 0.9830980110190147
5918 -0.08520024550240128 0.1249001242884052 0.9836456608283733
5919 -0.08575886761816404 0.1250390728818351 0.9839970385464931
5920 -0.07048048851899505 0.1443473844172195 0.9869456464367371
5921 -0.07158567384761046 0.1449790509943723 0.9878286765383464
5922 -0.07233551165145999 0.1454076193681225 0.9884277881397944
5923 -0.07308534945530952 0.1458361877418728 0.9890268997412425
5924 -0.07356645305833112 0.1461111615931428 0.9894112958714308
5925 -0.05423718971620768 0.1428048797182053 1.003547986390377
5926 -0.05509278963249208 0.1434193032592339 1.004684037415248
5927 -0.05567329060874398 0.1438361727079222 1.005454816743832
5928 -0.05625379158499589 0.1442530421566105 1.006225596072415
5929 -0.05662624694774043 0.144520509857924 1.00672013597186
5930 -0.05638283083846159 0.1615889343430742 0.9877972992639206
5931 -0.05726378433036623 0.1624929671420869 0.988695533687129
5932 -0.05786148700932861 0.1631063284952176 0.9893049610019891
5933 -0.058459189688291 0.1637196898483482 0.989914388316849
5934 -0.05884268183940447 0.1641132287649384 0.9903054031142541
5935 -0.01845507552594522 0.1729212672601659 0.9989605939729499
5936 -0.01874939659819757 0.1739984702923842 1.000034459965257
5937 -0.01894908533883696 0.1747293228788826 1.000763048462093
5938 -0.01914877407947635 0.175460175465381 1.001491636958928
5939 -0.01927689641754899 0.1759290979588014 1.001959106789268
5940 -0.05182409798284312 0.1860767660771611 0.9491481231773616
5941 -0.05263647832487382 0.1873621549405196 0.9494447594621661
5942 -0.05318765601044985 0.1882342558791024 0.949646019010751
5943 -0.05373883369602588 0.1891063568176851 0.9498472785593359
5944 -0.0540924749356038 0.1896659056982519 0.9499764087438499
5945 -0.03772091791486143 0.1873161047907481 0.968014800355861
5946 -0.03831246334108936 0.1886208898448506 0.9686045370826518
5947 -0.03871381061904833 0.1895061505645977 0.9690046572078621
5948 -0.0391151578970073 0.1903914112843448 0.9694047773330725
5949 -0.03937266641484634 0.1909594036150826 0.9696614984971588
5950 -0.08190847539118366 0.155785632193503 0.9501193150638435
5951 -0.08319111821788952 0.1565982492090526 0.9504269843680744
5952 -0.08406135604624125 0.1571495874710921 0.9506357295164428
5953 -0.08493159387459298 0.1577009257331317 0.9508444746648113
5954 -0.08548994736458283 0.1580546700002107 0.9509784076866965
5955 -0.07120210688094772 0.1604918351475434 0.9694324128162201
5956 -0.07231654048354967 0.161376927421111 0.9700446454911803
5957 -0.07307265298656133 0.1619774381494317 0.9704600284975873
5958 -0.073828765489573 0.1625779488777524 0.9708754115039943
5959 -0.07431389500374402 0.1629632427020501 0.9711419254887392
5960 -0.05020863112740823 0.1242069845252771 1.013316916659961
5961 -0.05100216703174047 0.1245194972216935 1.014610290549732
5962 -0.05154055928539596 0.1247315284782517 1.015487809108793
5963 -0.05207895153905146 0.1249435597348099 1.016365327667854
5964 -0.05242438951476141 0.1250796011573143 1.016928352549122
5965 -0.08378358949703081 0.1412937092795451 0.9675075613644261
5966 -0.08509067143782142 0.1418837064851496 0.9680937520612685
5967 -0.08597749053192007 0.1422840033380603 0.9684914663028318
5968 -0.0868643096260187 0.142684300190971 0.9688891805443952
5969 -0.08743330182567687 0.1429411347453571 0.9691443580689303
5970 -0.01718523790638148 0.195816270078052 0.9628132923551593
5971 -0.01745918430095434 0.1972492495455415 0.96333454340243
5972 -0.01764504938399554 0.1982214866437392 0.9636881978804797
5973 -0.01783091446703673 0.1991937237419369 0.9640418523585293
5974 -0.01795016740502939 0.1998175210065359 0.9642687606882253
5975 -0.01689829490532587 0.13617902054821 1.022508673460503
5976 -0.01716536203364133 0.1366994653777374 1.023943243697201
5977 -0.01734655972401182 0.137052572859255 1.02491656008849
5978 -0.01752775741438231 0.1374056803407726 1.025889876479778
5979 -0.01764401570550727 0.1376322377118999 1.026514366229861
5980 -0.09191946658960858 0.1210929911563114 0.9627780669907432
5981 -0.09335398233414789 0.1213657266215108 0.9632957149215976
5982 -0.0943272617540082 0.1215507701223264 0.9636469247844045
5983 -0.09530054117386851 0.1217358136231419 0.9639981346472113
5984 -0.09592500720270523 0.1218545394255769 0.9642234744867682
5985 -0.03816611234235213 0.1591826360046353 1.003154830095424
5986 -0.03876758403914114 0.1600527665498656 1.004286768286248
5987 -0.03917566601826308 0.1606431261576205 1.005054757170216
5988 -0.03958374799738504 0.1612334857653754 1.005822746054183
5989 -0.03984557756836136 0.1616122665269097 1.006315495575827
5990 -0.03752491296121258 0.1754402185008395 0.987632624278883
5991 -0.03812165130189452 0.1765568804356602 0.9885254562405136
5992 -0.03852652182927506 0.1773145048007043 0.9891312181340003
5993 -0.0389313923566556 0.1780721291657485 0.989736980027487
5994 -0.03919116142735334 0.1785582287060603 0.9901256430530552
5995 -0.03624209575163437 0.1411229111801405 1.014722080391595
5996 -0.03680963619632012 0.1417097883244339 1.016038762774244
5997 -0.03719469675550444 0.1421079683016851 1.016932095503705
5998 -0.03757975731468875 0.1425061482789363 1.017825428233167
5999 -0.03782681610720898 0.1427616246242514 1.018398599647884
6000 -0.05511803609921889 0.1761458012273057 0.969627648739564
6001 -0.05598281307113707 0.1772743844356477 0.970242986180579
6002 -0.05656954042686045 0.1780400970564123 0.9706604756852354
6003 -0.05715626778258382 0.1788058096771769 0.9710779651898918
6004 -0.05753271805407012 0.1792970987250719 0.9713458307254552
6005 -0.01560304462926022 0.2002997234810656 0.9463152981048502
6006 -0.01584283616654645 0.2018117453871842 0.9465529306145997
6007 -0.01600552811969215 0.202837610602819 0.9467141577270307
6008 -0.01616822007283784 0.2038634758184537 0.9468753848394618
6009 -0.01627260489371401 0.2045216814316178 0.9469788298035555
6010 -0.01570714014598413 0.1198374766093298 1.026897673753017
6011 -0.01594586889427966 0.120076408457468 1.028409659067863
6012 -0.016107839774369 0.1202385171352064 1.029435499457327
6013 -0.01626981065445834 0.1204006258129448 1.030461339846791
6014 -0.01637373282748765 0.1205046363983549 1.03111952953123
6015 -0.09661472300141831 0.1187929321318608 0.945621513588748
6016 -0.09812934794712172 0.1190234878629228 0.9458515891510183
6017 -0.09915697925341566 0.1191799135759396 0.946007689082736
6018 -0.1001846105597096 0.1193363392889565 0.9461637890144536
6019 -0.1008439493147012 0.1194367036260855 0.9462639443269695
6020 -0.0686625378928135 0.03539161191066216 0.9498847787571288
6021 -0.06973787355137438 0.03431977633178314 0.9501930013210386
6022 -0.07046745917628179 0.03359256541453243 0.9504021218408598
6023 -0.07119704480118921 0.03286535449728172 0.9506112423606812
6024 -0.07166515439909654 0.03239876853609143 0.9507454162247292
6025 -0.05129985253374983 0.08512922174256138 1.013005348036426
6026 -0.05210653743780313 0.0848336825184426 1.014294570852003
6027 -0.05265385092558866 0.08463316729531505 1.015169273021563
6028 -0.05320116441337419 0.08443265207218749 1.016043975191123
6029 -0.05355232634413325 0.08430399945449857 1.016605193048086
6030 -0.02028715163638468 0.03590748597658321 0.9994511945865111
6031 -0.02060828594062336 0.03484089380705149 1.000527964449649
6032 -0.02082616672061232 0.03411724039861659 1.001258523142857
6033 -0.02104404750060128 0.0333935869901817 1.001989081836066
6034 -0.02118384203715799 0.0329292835630278 1.002457815764546
6035 -0.08189064067097522 0.08380272585574235 0.9822492622763359
6036 -0.08317476902871854 0.0834905615453308 0.9830578086508693
6037 -0.0840460147489612 0.08327876665908086 0.9836063850951028
6038 -0.08491726046920386 0.08306697177283093 0.9841549615393361
6039 -0.08547626063293795 0.08293108200793339 0.9845069337958674
6040 -0.03229536319074244 0.01225691759564797 0.9489858430964445
6041 -0.03281296348117717 0.01082526020611698 0.9492732913421683
6042 -0.03316414102127146 0.00985392010139826 0.9494683170593157
6043 -0.03351531856136575 0.008882579996679546 0.949663342776463
6044 -0.03374063766233966 0.00825935825226971 0.9497884732709777
6045 -0.01857196552727824 0.07207077828142816 1.022335881693637
6046 -0.01885984873733104 0.07155830381238369 1.023769294617945
6047 -0.01905516956579478 0.07121060400091526 1.024741825804655
6048 -0.01925049039425853 0.07086290418944684 1.025714356991365
6049 -0.01937581023521167 0.0706398164347236 1.026338342946161
6050 -0.09149858708876223 0.07133227158600287 0.9492530584609501
6051 -0.09292763531144227 0.07081040771756031 0.9495457335635737
6052 -0.09389720516832041 0.07045633745722521 0.9497443055591571
6053 -0.09486677502519857 0.07010226719689011 0.9499428775547406
6054 -0.09548886096049081 0.06987509209702786 0.9500702833777652
6055 -0.02023826012977317 0.02173385576153269 0.9817431773396723
6056 -0.02055743718094086 0.02045059138627155 0.982550356371127
6057 -0.02077399001863242 0.0195799318543452 0.9830980051107439
6058 -0.02099054285632397 0.01870927232241885 0.9836456538503608
6059 -0.02112948537152273 0.01815064826310307 0.9839970308821233
6060 -0.04043886966437783 0.03343111710230254 0.9869475051565373
6061 -0.04107155621474837 0.03232800492485625 0.9878323953692623
6062 -0.04150081661223243 0.03157957369697135 0.9884327690048669
6063 -0.04193007700971647 0.03083114246908645 0.9890331426404714
6064 -0.04220549487049093 0.03035094133958784 0.9894183485046805
6065 -0.03870129390753257 0.05034723284667675 1.004146969308882
6066 -0.03931217885611037 0.04949938569902828 1.005290715010274
6067 -0.03972664746728907 0.04892414476275084 1.006066714964932
6068 -0.04014111607846776 0.0483489038264734 1.00684271491959
6069 -0.04040704337788336 0.04797982335916727 1.007340604426112
6070 -0.05776966920348686 0.04802327783250534 0.9881918516714411
6071 -0.05867299977403178 0.04714628130520514 0.9890946530931551
6072 -0.05928588468448941 0.04655126331773483 0.9897071789907061
6073 -0.05989876959494705 0.04595624533026453 0.990319704888257
6074 -0.06029200282104605 0.04557447570466686 0.9907127077680038
6075 -0.08216714930868178 0.05208537694800482 0.9491483199772632
6076 -0.08345245554019255 0.05127293781536574 0.9494451532345354
6077 -0.08432450041534265 0.05072172024198128 0.9496465464235142
6078 -0.08519654529049275 0.05017050266859681 0.949847939612493
6079 -0.08575605820018785 0.0498168358365931 0.9499771555420505
6080 -0.08339061071851064 0.06618086283833322 0.968042510454537
6081 -0.08469510159269703 0.06558941415214392 0.9686329945325577
6082 -0.08558016271947394 0.06518813250963652 0.9690336217149922
6083 -0.08646522384625085 0.06478685086712913 0.9694342488974268
6084 -0.0870330881160979 0.06452938446166702 0.9696912953946134
6085 -0.06827439371359133 0.08436440409921547 0.9993963342542678
6086 -0.06934327874809906 0.08405907558286277 1.000475425870273
6087 -0.07006848780226468 0.08385191859459422 1.001207559808852
6088 -0.07079369685643032 0.08364476160632568 1.00193969374743
6089 -0.07125899840179356 0.08351184756420157 1.002409438369448
6090 -0.05187615869922223 0.0220011509523449 0.9501195401149297
6091 -0.05268883667035459 0.02071860120903131 0.9504274363747137
6092 -0.0532402162890781 0.01984842653519731 0.9506363355061737
6093 -0.05379159590780162 0.0189782518613633 0.9508452346376335
6094 -0.05414536670975199 0.01841993889195787 0.9509792664566449
6095 -0.05660311736475514 0.03276522221954339 0.9695078315574418
6096 -0.05748870256623154 0.03165226509598001 0.9701220340710007
6097 -0.05808954773256091 0.03089715434332737 0.9705387535586389
6098 -0.05869039289889029 0.03014204359067471 0.9709554730462772
6099 -0.05907590130203447 0.02965755680977824 0.9712228445310473
6100 -0.01982149297183845 0.05334063200480699 1.013212891947427
6101 -0.02012921528649061 0.05254422598710728 1.014505650187649
6102 -0.02033799640096971 0.05200388644058738 1.015382751045449
6103 -0.02054677751544881 0.05146354689406748 1.01625985190325
6104 -0.02068073361355841 0.05111685951534211 1.016822608783117
6105 -0.03739576875074336 0.02013744461518929 0.9675219003367104
6106 -0.03798600903002555 0.01883052324210687 0.9681082043303176
6107 -0.03838647080173128 0.01794381308877551 0.9685059954406153
6108 -0.038786932573437 0.01705710293544415 0.968903786550913
6109 -0.03904387294140849 0.01648818063329633 0.9691590133952142
6110 -0.03225610315887793 0.08702403015566645 1.022515740452539
6111 -0.03277460966557412 0.08675848625006655 1.023951295004738
6112 -0.03312640204844066 0.08657832202435237 1.024925279226982
6113 -0.0334781944313072 0.08639815779863819 1.025899263449226
6114 -0.03370390802169135 0.08628256258900525 1.02652418168648
6115 -0.09190587625942612 0.08672553851468291 0.9628163979317402
6116 -0.09333878078792041 0.08645151077470332 0.9633378122061601
6117 -0.09431096704207406 0.08626559050104428 0.9636915774293346
6118 -0.09528315329622773 0.08607967022738523 0.9640453426525092
6119 -0.09590691793876802 0.08596038187852775 0.9642723220374098
6120 -0.01718461190108961 0.01199065614776745 0.9627791301366604
6121 -0.01745740135335122 0.0105561566991115 0.9632967947792304
6122 -0.01764248148290147 0.009582888335559196 0.9636480159804759
6123 -0.01782756161245171 0.008609619972006891 0.9639992371817215
6124 -0.01794631091625741 0.007985161037010453 0.9642245842961366
6125 -0.0713793230112531 0.06631871871490906 0.9877785554855771
6126 -0.07249602525699811 0.06572140604594448 0.9886709528777007
6127 -0.07325367697189403 0.06531614585264366 0.9892764199277468
6128 -0.07401132868678995 0.06491088565934285 0.9898818869777929
6129 -0.07449744577504637 0.06465086657500581 0.9902703608287946
6130 -0.05525230467440482 0.065577363298156 1.00308315834239
6131 -0.056119643890171 0.06497388225015557 1.004216168821213
6132 -0.05670810965776989 0.06456443698158296 1.004984885223054
6133 -0.05729657542536878 0.06415499171301034 1.005753601624894
6134 -0.05767414107969195 0.06389228744158106 1.006246817929445
6135 -0.03734294400874336 0.06828673084698364 1.014928819970383
6136 -0.03793019292968815 0.06772628747928144 1.016248373444887
6137 -0.03832862514715697 0.06734604209134608 1.017143654131089
6138 -0.0387270573646258 0.0669657967034107 1.018038934817292
6139 -0.03898269554984406 0.06672182737400521 1.018613356060975
6140 -0.07222701150665795 0.0488406136155342 0.9697139087151848
6141 -0.0733551706002968 0.04797613433846468 0.9703304410132714
6142 -0.07412059547091722 0.04738960896049633 0.9707487411955392
6143 -0.07488602034153763 0.04680308358252798 0.9711670413778071
6144 -0.07537712476599756 0.04642676290203479 0.9714354270524163
6145 -0.01592789864506477 0.08820238499822014 1.026897679299019
6146 -0.01616678614628655 0.08796364733463212 1.028409670213466
6147 -0.01632886473586362 0.08780167040576238 1.029435514402105
6148 -0.01649094332544067 0.08763969347689265 1.030461358590745
6149 -0.01659493460597876 0.087535767422904 1.031119550712774
6150 -0.014883626827636 0.0072948914761962 0.9456218037179213
6151 -0.01511418463782845 0.005780267945173907 0.945851886509671
6152 -0.01527061176147807 0.004752637598702128 0.9460079913463914
6153 -0.01542703888512768 0.003725007252230351 0.9461640961831117
6154 -0.0155274041273331 0.003065669113070443 0.9462642546427276
6155 -0.09639018819954005 0.08830648966455082 0.9463153066374269
6156 -0.09790220827262684 0.08806669551685362 0.9465529481761765
6157 -0.09892807224459996 0.08790400179261597 0.9467141814145356
6158 -0.09995393621657307 0.08774130806837832 0.9468754146528945
6159 -0.1006121410317912 0.08763692211115144 0.9469788635474463
6160 0.07068279897149565 0.08661299809926576 0.9975424507216212
6161 0.07178726825800531 0.08634193456296445 0.9985945208666549
6162 0.07253662024700901 0.08615802541985404 0.9993083214814676
6163 0.07328597223601269 0.08597411627674363 1.00002212209628
6164 0.07376676413526111 0.0858561182898126 1.000480103870289
6165 0.06892196131747114 0.03604101499310421 0.951206827815175
6166 0.06999173514263041 0.03496895304601137 0.951533089336391
6167 0.07071754721677193 0.03424158854416275 0.9517544487918732
6168 0.07144335929091346 0.03351422404231414 0.9519758082473554
6169 0.07190904774005991 0.03304753953967522 0.9521178347376825
6170 0.02039020432296935 0.03341566119892248 0.9968678915339859
6171 0.02071608311600633 0.0323176325269049 0.9979111151357619
6172 0.02093718290096106 0.03157265031743151 0.9986189136146467
6173 0.02115828268591579 0.03082766810795812 0.9993267120935315
6174 0.02130014256897707 0.03034967990394305 0.9997808428357486
6175 0.02481054310634221 0.01211205666962409 0.9577667857554567
6176 0.02519856410727121 0.01066994865961327 0.9581790279487452
6177 0.02546182566861369 0.00969151809675459 0.9584587229219464
6178 0.02572508722995617 0.008713087533895908 0.9587384178951477
6179 0.0258939985399071 0.008085316479034266 0.9589178730502004
6180 0.01932294272012633 0.07037762804016717 1.02157461616704
6181 0.01963864941475664 0.06983416416818525 1.022990651384979
6182 0.01985284771112632 0.06946543890040684 1.023951392276575
6183 0.02006704600749601 0.06909671363262843 1.024912133168171
6184 0.02020447782490437 0.06886013573012394 1.02552855434905
6185 0.0908934285182461 0.08434423841579723 0.9642946916495527
6186 0.09231517976975911 0.08404190642863274 0.9648307869619598
6187 0.0932797988326908 0.08383678250288094 0.965194512865029
6188 0.09424441789562248 0.08363165857712915 0.9655582387680981
6189 0.09486332735089033 0.08350004896870651 0.9657916090270801
6190 0.04818167442850703 0.02085231192025261 0.9542800961127642
6191 0.04893149725407848 0.01954714239378953 0.9546468080883946
6192 0.04944023138784329 0.01866162082013592 0.9548956120630153
6193 0.04994896552160811 0.0177760992464823 0.9551444160376361
6194 0.05027537454430316 0.0172079395492105 0.9553040512120986
6195 0.05750818830040378 0.03539284505139205 0.9727568411426359
6196 0.0584035295381259 0.0343154840373168 0.9734185334797621
6197 0.05901099390632428 0.03358452426448 0.9738674735046142
6198 0.05961845827452267 0.03285356449164319 0.9743164135294663
6199 0.060008213625276 0.03238457322637191 0.97460445804041
6200 0.03636725536804414 0.0247853505799849 0.9774534944569618
6201 0.03694667836094721 0.0235457724642002 0.9781800579612679
6202 0.03733980090179986 0.02270475285601882 0.9786730112862171
6203 0.0377329234426525 0.02186373324783744 0.9791659646111663
6204 0.03798515488505543 0.02132412646670339 0.9794822485055459
6205 0.07427351283273105 0.0510675913284046 0.9689465900116973
6206 0.0754270627509029 0.0502323850479347 0.9695564526937626
6207 0.0762097145965951 0.04966572059185341 0.9699702277252703
6208 0.0769923664422873 0.04909905613577211 0.9703840027567779
6209 0.07749452387012162 0.04873547842586554 0.9706494850483839
6210 0.06187869096130966 0.05308823271062091 0.9886138399810599
6211 0.06284022312039121 0.05228780979243116 0.9895276006142211
6212 0.06349259620554579 0.0517447448895717 0.9901475620348745
6213 0.06414496929070035 0.05120167998671223 0.990767523455528
6214 0.06456353853350311 0.05085324399148907 0.9911652970429352
6215 0.04191106105547585 0.04056054739265876 0.993902745204793
6216 0.04257343303894438 0.03957531179999924 0.9948981112772002
6217 0.04302283418511933 0.03890685658805778 0.995573439740613
6218 0.04347223533129428 0.03823840137611632 0.9962487682040257
6219 0.04376057570239431 0.03780951367630633 0.9966820658522677
6220 0.04325024239890878 0.0620062217268217 1.009015136420571
6221 0.04392485446134678 0.06134795772148452 1.010244675561923
6222 0.04438256016395745 0.06090134372532009 1.011078884002469
6223 0.04484026586656811 0.06045472972915566 1.011913092443015
6224 0.04513393452600224 0.06016817762200463 1.012448329109341
6225 0.05351982747644671 0.08529848452606721 1.011620954024374
6226 0.05434826768365401 0.08499688385605646 1.012894886241785
6227 0.05491034154539377 0.08479225610884981 1.013759214161658
6228 0.05547241540713351 0.08458762836164317 1.014623542081532
6229 0.05583304774476572 0.08445633710644918 1.015178103713805
6230 0.07800558745216626 0.07139514116335849 0.9819416832863958
6231 0.07922190638863406 0.07087353192903136 0.9827470847310686
6232 0.08004714528430801 0.07051963443092985 0.9832935274270166
6233 0.08087238417998194 0.07016573693282833 0.9838399701229644
6234 0.08140186589459279 0.06993867267898188 0.9841905733447756
6235 0.02316432635885226 0.05037123866084707 1.01042688705626
6236 0.02352939345454477 0.04953597809147202 1.011679582243652
6237 0.02377708142343478 0.04896927680186393 1.012529501423618
6238 0.02402476939232479 0.04840257551225584 1.013379420603584
6239 0.02418368852609789 0.04803897416958181 1.013924737440985
6240 0.08309755325912077 0.05357735391452224 0.9491116435441981
6241 0.08439213986534805 0.05277551904702051 0.949396750190669
6242 0.08527048121912138 0.05223149617544409 0.9495901871972212
6243 0.08614882257289472 0.05168747330386768 0.9497836242037734
6244 0.08671237536766421 0.05133842266611924 0.9499077353653236
6245 0.03408622147932901 0.08536622835375514 1.021530902869915
6246 0.03463268685170212 0.08505824872511877 1.022947484523322
6247 0.03500344855482157 0.08484929303018894 1.023908596156332
6248 0.03537421025794102 0.08464033733525911 1.024869707789341
6249 0.03561209475818553 0.08450626922454699 1.025486366841703
6250 0.09193076948858246 0.07183503432935519 0.9479579126207606
6251 0.09337025137655117 0.07132761983358747 0.9482236227246734
6252 0.09434690018793912 0.07098335307461361 0.9484038997113651
6253 0.09532354899932706 0.07063908631563974 0.9485841766980567
6254 0.09595017686422434 0.07041820124250447 0.9486998442562861
6255 0.01781108215809486 0.02094290854394539 0.9813678877519225
6256 0.01809339085908401 0.0196351012362304 0.9821489903564885
6257 0.01828492953669432 0.01874779000065334 0.9826789469587197
6258 0.01847646821430464 0.01786047876507628 0.9832089035609509
6259 0.01859936138859278 0.01729117080241276 0.9835489291364415
6260 0.08307920403823887 0.08955462053672217 0.9822699308643824
6261 0.08438133694384101 0.08932073131633998 0.9830761102267849
6262 0.08526479825388222 0.08916204392263817 0.9836230807184853
6263 0.08614825956392344 0.08900335652893637 0.9841700512101855
6264 0.08671509737499264 0.08890154107435125 0.9845209930711487
6265 0.01577094715116491 0.08830326636928348 1.026939938772402
6266 0.01601561604011265 0.08806024937292768 1.028450322601066
6267 0.01618161714201718 0.08789536903464645 1.029475076426267
6268 0.0163476182439217 0.08773048869636524 1.030499830251469
6269 0.01645412624848191 0.08762469978520701 1.031157322785166
6270 0.09647506724089623 0.08847256647209438 0.9459555727960712
6271 0.09798732754246876 0.08823879904853971 0.9461976492459769
6272 0.09901335450285251 0.08808019429063055 0.9463618914493985
6273 0.1000393814632362 0.0879215895327214 0.9465261336528201
6274 0.1006976908534853 0.0878198270981059 0.9466315131301266
6275 0.08516839356428216 0.06563206340627929 0.9631734239710067
6276 0.08649852591117775 0.06503597476211842 0.9636984055932289
6277 0.08740098407091006 0.06463154503593195 0.964054591163627
6278 0.08830344223064238 0.06422711530974548 0.9644107767340251
6279 0.088882468614741 0.06396762906160162 0.9646393090384555
6280 0.06263836456295375 0.07077033539235496 0.999553111970321
6281 0.06361088997274818 0.07023472301058857 1.000633617934872
6282 0.06427072167570945 0.06987132476265719 1.00136671146998
6283 0.06493055337867072 0.06950792651472579 1.002099805005089
6284 0.06535390814693237 0.0692747664826309 1.002570165314054
6285 0.06903885531154241 0.1719173060857941 0.9107622622024328
6286 0.07011675012826465 0.1729852758001063 0.9104495916265517
6287 0.0708480720714942 0.1737098638347311 0.9102374532531254
6288 0.07157939401472374 0.174434451869356 0.9100253148796992
6289 0.07204861765222267 0.1748993549622312 0.9098892047299167
6290 0.01914155177173136 0.155540957422612 0.8483879651971795
6291 0.0194422574034549 0.1563529171688389 0.8471032563082933
6292 0.01964627789183692 0.1569038094917471 0.8462316167136605
6293 0.01985029838021895 0.1574547018146553 0.8453599771190277
6294 0.01998120001194104 0.1578081599626274 0.844800724241457
6295 0.06813771358883845 0.1240775461506777 0.8617506968173068
6296 0.06920511846648444 0.1243947529884635 0.8606735681876315
6297 0.06992932327498934 0.1246099690906437 0.8599427660812092
6298 0.07065352808349423 0.1248251851928239 0.8592119639747869
6299 0.07111818529457181 0.1249632700448487 0.8587430738698996
6300 0.01945487839680101 0.1860912464181689 0.8790663898270968
6301 0.01975863077363325 0.1873769380775196 0.878257124180803
6302 0.01996471839465092 0.1882492444548427 0.8777080597304922
6303 0.02017080601566857 0.1891215508321658 0.8771589952801813
6304 0.02030303394082883 0.1896812315243293 0.87680670991396
6305 0.09168954614204967 0.1358387462141351 0.9116682880145982
6306 0.09312166754218773 0.1363520550156329 0.9113755051510322
6307 0.09409332246532247 0.1367003208986899 0.9111768600426174
6308 0.09506497738845721 0.1370485867817468 0.9109782149342026
6309 0.09568840112358218 0.13727203773379 0.9108507622012378
6310 0.03201198704296392 0.1225307261990139 0.8388371466040503
6311 0.03252719488115784 0.1228213417670473 0.8374052657044267
6312 0.03287674920830529 0.1230185164251399 0.8364337739542667
6313 0.03322630353545275 0.1232156910832324 0.8354622822041066
6314 0.03345058116640048 0.1233422003602332 0.8348389631624308
6315 0.03183012654889631 0.1956859760282767 0.9119249095081251
6316 0.03234249943308812 0.1971190109454636 0.9116349709123936
6317 0.03269013032203211 0.1980912856647537 0.9114382555613613
6318 0.0330377612109761 0.1990635603840439 0.9112415402103289
6319 0.03326080474430283 0.1996873817867204 0.9111153256294349
6320 0.02095666042290832 0.1725288958126549 0.8624688481236275
6321 0.02128060198787361 0.1736038534402989 0.8614012773311812
6322 0.02150038741694139 0.1743331825816418 0.8606769599540542
6323 0.02172017284600916 0.1750625117229847 0.8599526425769274
6324 0.02186118942489237 0.1755304567584142 0.8594879131406707
6325 0.03881256879811604 0.160352095962253 0.8592011848579791
6326 0.03942571980602266 0.161233838749998 0.858084603050233
6327 0.03984172587603884 0.1618320769444474 0.8573270330492021
6328 0.04025773194605501 0.1624303151388968 0.8565694630481711
6329 0.04052464569478326 0.1628141508822231 0.856083398388366
6330 0.08216623137621469 0.1225066790742286 0.8787258568110109
6331 0.08345061931088989 0.1228037241379215 0.8779120439952952
6332 0.08432204114693094 0.1230052610317228 0.8773598944157806
6333 0.08519346298297201 0.1232067979255241 0.8768077448362658
6334 0.08575257614440335 0.1233361060575652 0.876453480019598
6335 0.07155564031485363 0.1431318219846481 0.8746547536536207
6336 0.07267423704080006 0.1437472033094485 0.8737771280925666
6337 0.0734331741083304 0.1441647225880445 0.8731816833230207
6338 0.07419211117586075 0.1445822418666405 0.8725862385534747
6339 0.07467905295951183 0.1448501265054681 0.8722041951001329
6340 0.05505604396329308 0.1428241351431442 0.8581807211590625
6341 0.05592072010903484 0.1434397399686151 0.8570522065169472
6342 0.05650737905697469 0.1438574108862599 0.8562865404164789
6343 0.05709403800491455 0.1442750818039046 0.8555208743160105
6344 0.05747044438526738 0.1445430637358966 0.8550296151160133
6345 0.08263575778098871 0.1545539332469086 0.9108154646765932
6346 0.08392743665403643 0.1553511625010394 0.9105053507605775
6347 0.08480380519093907 0.1558920605908024 0.9102949470104482
6348 0.08568017372784169 0.1564329586805653 0.9100845432603191
6349 0.0862424607431323 0.1567800044263473 0.9099495460625828
6350 0.05061574302353606 0.1863675123848942 0.9100146870357684
6351 0.0514153328607861 0.187655414845832 0.9096950891964399
6352 0.05195783254117466 0.1885292211911368 0.9094782508655717
6353 0.05250033222156321 0.1894030275364417 0.9092614125347033
6354 0.05284840556426889 0.1899636706234014 0.9091222868441629
6355 0.05567369878596167 0.1756155620523965 0.8912866939045141
6356 0.0565478835098177 0.176737908433253 0.8906732453691163
6357 0.05714099376610044 0.177499389538358 0.8902570374348926
6358 0.05773410402238319 0.178260870643463 0.8898408295006689
6359 0.05811464962814188 0.178749444707638 0.8895737862338007
6360 0.05074138021603346 0.1241128381846868 0.848088247188764
6361 0.0515394697844479 0.124426835236751 0.8467980385514848
6362 0.05208095157375543 0.1246398735877305 0.8459226675290545
6363 0.05262243336306296 0.12485291193871 0.8450472965066241
6364 0.05296985361644179 0.1249895995232941 0.8444856495068199
6365 0.07192296564591756 0.1593907721775749 0.8914112450987736
6366 0.07304798899132238 0.1602608619004957 0.8907968789359779
6367 0.07381128634313817 0.1608511938114381 0.8903800484168402
6368 0.07457458369495396 0.1614415257223805 0.8899632178977025
6369 0.07506432308159218 0.1618202887133566 0.8896957751739868
6370 0.09194997869620786 0.1207680615439558 0.8982403149024517
6371 0.09338422578077314 0.1210352384965733 0.8977190364624289
6372 0.09435732292224114 0.1212165106997076 0.8973653633991514
6373 0.09533042006370915 0.121397782902842 0.8970116903358739
6374 0.09595476914086531 0.1215140890021182 0.8967847700817057
6375 0.01651310426265866 0.1959527398870478 0.898327467167666
6376 0.0167756169829273 0.1973886530123451 0.8978084103269226
6377 0.01695372463288624 0.1983628805165598 0.8974562445575636
6378 0.01713183228284519 0.1993371080207745 0.8971040787882045
6379 0.0172461079724424 0.1999621823502283 0.8968781256292284
6380 0.01697698770507344 0.1362028866652206 0.8386169712371531
6381 0.01724584743031185 0.1367231949818143 0.837182686349324
6382 0.01742826134831865 0.1370762098430666 0.8362095635593828
6383 0.01761067526632545 0.1374292247043189 0.8352364407694417
6384 0.01772771390153937 0.1376557226493368 0.8346120752359628
6385 0.08394555807258591 0.1402189497388412 0.8928977302955009
6386 0.0852565304887138 0.1407912508782293 0.8923027494843536
6387 0.08614598916316814 0.1411795414376389 0.8918990713923524
6388 0.08703544783762247 0.1415678319970485 0.8914953933003511
6389 0.08760613361903002 0.1418169631907443 0.8912363893083869
6390 0.03624411162600188 0.1419741209566901 0.846763072418649
6391 0.03681525397150599 0.1425731201561154 0.845453425208181
6392 0.03720275832118353 0.1429795246138794 0.844564865649265
6393 0.03759026267086106 0.1433859290716434 0.843676306090349
6394 0.03783888942435269 0.1436466823277617 0.8431061971906655
6395 0.03590496512266397 0.188004238909882 0.8928427258889872
6396 0.03647286207002796 0.1893183210920518 0.8922503910923517
6397 0.03685816450645982 0.1902098896571091 0.8918485082483141
6398 0.03724346694289168 0.1911014582221663 0.8914466254042763
6399 0.03749068092632745 0.1916734977309612 0.8911887732617643
6400 0.03943821790182587 0.1758889678662403 0.875355197367544
6401 0.04005798840402011 0.1770145746115565 0.8744897070931128
6402 0.04047848561858074 0.1777782677841429 0.8739024957812818
6403 0.04089898283314136 0.1785419609567292 0.8733152844694508
6404 0.04116877814613715 0.1790319543060216 0.8729385236867767
6405 0.05700148128661327 0.1613519584166453 0.873681101311706
6406 0.05789529384864675 0.1622480006559514 0.8727875763568462
6407 0.05850172105249678 0.1628559406344159 0.8721813442865417
6408 0.05910814825634679 0.1634638806128804 0.8715751122162372
6409 0.05949723815184785 0.1638539411200442 0.8711861475204145
6410 0.01570768743268148 0.1198376562464958 0.8342052149620842
6411 0.01594696352312579 0.1200767673916081 0.8326933445151044
6412 0.01610930575978689 0.1202389977174047 0.8316675820603233
6413 0.016271647996448 0.1204012280432014 0.8306418196055424
6414 0.01637580843565135 0.1205053166792496 0.8299836799247929
6415 0.01560122070937179 0.2003001446840926 0.914788323974418
6416 0.01583919309537125 0.2018125869036672 0.914551539026466
6417 0.01600065080447622 0.2028387372904045 0.9143908869613691
6418 0.01616210851358119 0.2038648876771418 0.9142302348962721
6419 0.01626570143085908 0.2045232762590015 0.9141271588884285
6420 0.09634619782638482 0.1196174123226923 0.9146236197268401
6421 0.09785809419158485 0.1198568800227589 0.9143848645443909
6422 0.09888387423116424 0.120019352261271 0.9142228757294565
6423 0.09990965427074364 0.120181824499783 0.914060886914522
6424 0.1005678052340796 0.1202860683495034 0.9139569532343127
6425 -0.06697044879348969 0.1746034360321578 0.9132204505391054
6426 -0.06802311684341369 0.175707274164825 0.9129491374558127
6427 -0.06873732312022564 0.1764561979333312 0.9127650590019424
6428 -0.06945152939703757 0.1772051217018374 0.912580980548072
6429 -0.06990977144793289 0.1776856388504356 0.9124628739296259
6430 -0.02065183024871614 0.172838508481477 0.8626888127567715
6431 -0.02097448046618391 0.1739152951771766 0.8616226951812861
6432 -0.02119338975154396 0.1746458652908148 0.8608993637718393
6433 -0.021412299036904 0.175376435404453 0.8601760323623924
6434 -0.02155275347302461 0.1758451766603976 0.8597119355330821
6435 -0.06777805648003482 0.123564472526821 0.8612488079429373
6436 -0.0688389726206793 0.1238787816450281 0.8601644435409219
6437 -0.06955877499985674 0.1240920317242901 0.8594287321622714
6438 -0.07027857737903419 0.1243052818035519 0.858693020783621
6439 -0.07074040994643468 0.1244421052351672 0.8582209808394682
6440 -0.02567891024714213 0.1299050367721902 0.838639184863059
6441 -0.02607735970530697 0.1303037413660797 0.8371961144864917
6442 -0.02634769668763886 0.1305742514509732 0.8362170309844322
6443 -0.02661803366997074 0.1308447615358667 0.8352379474823727
6444 -0.02679148464238391 0.1310183235726536 0.8346097574950426
6445 -0.09102944449361598 0.1231957735673174 0.8970152517856
6446 -0.09244534027706126 0.123511297454814 0.8964713186624429
6447 -0.09340598656619409 0.1237253717215788 0.8961022750206674
6448 -0.0943666328553269 0.1239394459883437 0.8957332313788919
6449 -0.09498299333829859 0.1240767982270892 0.8954964492043751
6450 -0.03448675174358701 0.1944975339460051 0.9108662240084189
6451 -0.03503071118614053 0.1959165728784871 0.9105651989785895
6452 -0.0353997726849016 0.1968793517076654 0.9103609617873902
6453 -0.03576883418366267 0.1978421305368435 0.910156724596191
6454 -0.03600562781540404 0.1984598592793164 0.9100256839257254
6455 -0.02215889870672381 0.1545091326399856 0.8485045487338712
6456 -0.02249786296199108 0.1552934887329537 0.8472122375528078
6457 -0.02272784087263845 0.1558256527374506 0.8463354400123331
6458 -0.02295781878328582 0.1563578167419475 0.8454586424718583
6459 -0.02310537496258194 0.1566992586093054 0.8448960802034887
6460 -0.04116366103886859 0.1634398355819302 0.8631368475948729
6461 -0.04181657431750447 0.1643649705859379 0.8620794881902393
6462 -0.04225955799298439 0.164992649203911 0.8613620989584772
6463 -0.0427025416684643 0.165620327821884 0.860644709726715
6464 -0.04298676452473936 0.1660230528420099 0.8601844254593738
6465 -0.05142486464683256 0.1265463768998247 0.8491507293580415
6466 -0.0522155009771194 0.1268980588203334 0.8478656638127698
6467 -0.05275192594965199 0.1271366653165472 0.8469937822366034
6468 -0.05328835092218457 0.1273752718127609 0.8461219006604369
6469 -0.05363252667020804 0.127528364180795 0.8455624925250397
6470 -0.03816471844505789 0.178606894940635 0.8781416380339075
6471 -0.0387705381466697 0.1797698199418911 0.877316551755862
6472 -0.03918157012730093 0.1805588325232254 0.8767567534426768
6473 -0.03959260210793216 0.1813478451045597 0.8761969551294915
6474 -0.03985632443004446 0.1818540836454288 0.8758377828070822
6475 -0.05781153459607424 0.1661702369576946 0.8799110010036828
6476 -0.05872407225778096 0.1671338011544005 0.8791116271922405
6477 -0.05934320392598849 0.1677875529211121 0.8785692740794122
6478 -0.05996233559419603 0.1684413046878236 0.8780269209665839
6479 -0.06035957680394863 0.1688607585068121 0.8776789416631237
6480 -0.06200618295089901 0.1455256352715067 0.865694959124428
6481 -0.06298100084512864 0.1461849903993972 0.8646874074761038
6482 -0.0636423879356342 0.1466323446921598 0.8640038114350752
6483 -0.06430377502613975 0.1470796989849224 0.8633202153940466
6484 -0.06472812774695569 0.1473667260739413 0.8628816131834596
6485 -0.07836833289158503 0.1471628347267825 0.8884730647266725
6486 -0.07959394567819651 0.1478378615141993 0.8878079394984706
6487 -0.08042549019519983 0.1482958485962847 0.8873566703515803
6488 -0.08125703471220315 0.1487538356783701 0.8869054012046901
6489 -0.08179056217794217 0.1490476848737528 0.8866158623052284
6490 -0.08103566195241939 0.1574592890655917 0.9118788894161722
6491 -0.08230910947539029 0.1582879718874207 0.9115759114917763
6492 -0.08317310854343656 0.1588502103564987 0.9113703493154048
6493 -0.08403710761148282 0.1594124488255766 0.9111647871390334
6494 -0.0845914582490612 0.1597731867769603 0.9110328963445316
6495 -0.05122339487724646 0.1821966256321261 0.8984529566011087
6496 -0.05202803417291898 0.1834153014868168 0.8979356905180527
6497 -0.0525739597717631 0.1842421394865851 0.8975847397284593
6498 -0.05311988537060723 0.1850689774863535 0.897233788938866
6499 -0.0534701568176285 0.1855994852025043 0.8970086153233323
6500 -0.07987874804556254 0.1269818099152613 0.8769782472800064
6501 -0.08113189053021244 0.1273505492200419 0.8761452738867327
6502 -0.08198211318904708 0.1276007286816495 0.8755801243831105
6503 -0.0828323358478817 0.1278509081432571 0.8750149748794883
6504 -0.08337784740042811 0.1280114258442366 0.8746523691785719
6505 -0.01849912674541356 0.1871193154084881 0.8803823744288095
6506 -0.01878401464365123 0.1884155310557981 0.8795830976827865
6507 -0.01897730323555234 0.1892949776690751 0.8790408104261717
6508 -0.01917059182745345 0.1901744242823522 0.8784985231695568
6509 -0.01929460776464573 0.1907386862229219 0.8781505861201166
6510 -0.0175131201422837 0.1958544239345021 0.8985755505924953
6511 -0.01778020243568534 0.1972939486283859 0.898068978643137
6512 -0.0179614104151491 0.1982706264824082 0.8977252835286944
6513 -0.01814261839461285 0.1992473043364304 0.897381588414252
6514 -0.01825888328732526 0.1998739508353789 0.8971610701140939
6515 -0.09096540460855046 0.1380025492276917 0.9119514746677099
6516 -0.09238148285722433 0.1385497052409224 0.9116424081272291
6517 -0.09334225294398886 0.1389209355248406 0.9114327149925511
6518 -0.09430302303075339 0.1392921658087586 0.9112230218578732
6519 -0.09491946294355157 0.1395303509552354 0.9110884805982774
6520 -0.05214640045337823 0.1867452533965136 0.9163378591268206
6521 -0.05295938602668845 0.1880439593332583 0.9161085192413231
6522 -0.05351097434501692 0.1889250955393234 0.9159529184460319
6523 -0.0540625626633454 0.1898062317453885 0.9157973176507408
6524 -0.05441646736909655 0.1903715777459694 0.9156974825892604
6525 -0.04131778921018416 0.1454997367211779 0.8508888270957642
6526 -0.041969697099287 0.1461453079718593 0.8496404548355607
6527 -0.04241199864566154 0.1465833102836036 0.8487934686426202
6528 -0.04285430019203607 0.1470213125953478 0.8479464824496796
6529 -0.04313808538730147 0.1473023393577091 0.847403047446748
6530 -0.01571647441978652 0.2002543188725919 0.9146234529121698
6531 -0.01596453635537365 0.201764802116951 0.9143845280699084
6532 -0.01613283954596372 0.2027896233929634 0.9142224241454646
6533 -0.0163011427365538 0.2038144446689757 0.9140603202210207
6534 -0.01640912778475652 0.2044719804798024 0.913956312685373
6535 -0.09634420842560974 0.1198450940182934 0.9148388974551998
6536 -0.09785411527522846 0.1200916439421422 0.9145948198524763
6537 -0.09887854548328585 0.1202589212744151 0.9144292199219883
6538 -0.09990297569134325 0.1204261986066881 0.9142636199915004
6539 -0.1005602605889709 0.1205335254537039 0.9141573693826236
6540 -0.03280184887182283 0.1893243895021053 0.8929832768892066
6541 -0.03332722319485935 0.1906576584153319 0.8923945874453194
6542 -0.03368367520194326 0.191562244648925 0.8919951778727124
6543 -0.03404012720902715 0.1924668308825182 0.8915957683001055
6544 -0.03426883046195991 0.1930472226605683 0.8913395030338359
6545 -0.06884516512999987 0.1667352662360484 0.8974413068761229
6546 -0.06992350999680889 0.1677100227155967 0.8969053949529194
6547 -0.07065513728662598 0.1683713681379327 0.8965417934743736
6548 -0.07138676457644305 0.1690327135602686 0.8961781919958278
6549 -0.07185618412743512 0.1694570395463608 0.8959449015688924
6550 -0.0683552541230729 0.03551077636165708 0.9097620962661593
6551 -0.06943296226712811 0.03444642571211742 0.9094367006812352
6552 -0.07016415755809484 0.03372429311325591 0.9092159287396754
6553 -0.07089535284906158 0.03300216051439441 0.9089951567981156
6554 -0.0713644952251735 0.03253883285421508 0.9088535072627291
6555 -0.06878764289157699 0.08446033517637433 0.8621919955953781
6556 -0.06985597810690197 0.08414578608806179 0.861115009906353
6557 -0.07058081412389651 0.0839323731956932 0.8603843047812246
6558 -0.07130565014089105 0.08371896030332462 0.8596535996560963
6559 -0.07177071234179053 0.08358203240915513 0.8591847717753989
6560 -0.02068330709276316 0.03562230628636666 0.8620526224564109
6561 -0.02100760794750286 0.03454572851263804 0.860986794755347
6562 -0.02122763714478618 0.03381530014680257 0.8602636600177107
6563 -0.02144766634206949 0.03308487178096711 0.8595405252800744
6564 -0.02158883932513263 0.03261622147186222 0.8590765546374091
6565 -0.0182093146574678 0.01243514003640061 0.8976292487269276
6566 -0.01850057841240061 0.01100918927651887 0.897098203257046
6567 -0.01869819284745054 0.01004172096283176 0.8967379035330358
6568 -0.01889580728250045 0.009074252649144639 0.8963776038090258
6569 -0.0190225987248944 0.008453515085454798 0.8961464318215652
6570 -0.01831921710138865 0.07105159405623258 0.8390757696149393
6571 -0.0186064064556194 0.07052843072265327 0.8376460836924929
6572 -0.0188012565220197 0.07017347881101582 0.8366760811738884
6573 -0.01899610658842 0.06981852689937836 0.8357060786552838
6574 -0.01912112438361907 0.06959078612302448 0.8350837151198034
6575 -0.09154537038869134 0.0714858487602049 0.9118121456031939
6576 -0.09297276740295084 0.07096059694683327 0.9115174801456671
6577 -0.09394121696039712 0.07060422805918254 0.9113175577491049
6578 -0.0949096665178434 0.07024785917153181 0.9111176353525428
6579 -0.09553103365756362 0.07001920924887739 0.9109893630984406
6580 -0.01981545487632065 0.05211887748751982 0.8486484005732186
6581 -0.02011480847954612 0.05130547665931883 0.8473642876698707
6582 -0.02031791165383295 0.05075360660198489 0.8464930524350097
6583 -0.02052101482811979 0.05020173654465095 0.8456218172001486
6584 -0.02065132790173767 0.04984765107227274 0.8450628237639427
6585 -0.03617090108873195 0.06439496297927608 0.8474053533557627
6586 -0.03675627405125627 0.06378855205938411 0.8461054365404981
6587 -0.03715343348260887 0.06337711895343451 0.84522347878671
6588 -0.03755059291396147 0.06296568584748491 0.8443415210329219
6589 -0.03780541446659165 0.06270170615926632 0.8437756479189207
6590 -0.08116079960043489 0.05199522704088459 0.9081714719983013
6591 -0.08243039652485226 0.05118012345240681 0.9078194645762386
6592 -0.0832917830678422 0.0506270981191265 0.9075806372361862
6593 -0.08415316961083215 0.05007407278584619 0.9073418098961338
6594 -0.08470584402561791 0.0497192460766066 0.9071885758324344
6595 -0.08295830022531286 0.0670817023588804 0.891249273047684
6596 -0.0842566069158049 0.06649635071816797 0.8906394020533209
6597 -0.08513747224428456 0.06609920575307743 0.8902256213821481
6598 -0.08601833757276423 0.06570206078798689 0.8898118407109754
6599 -0.08658350977551622 0.06544724851705838 0.8895463548009027
6600 -0.05153406961043905 0.08281870097768898 0.8488052281488175
6601 -0.05234462554758491 0.0824753042598442 0.8475303723912678
6602 -0.05289456542469863 0.0822423190454273 0.8466654178748488
6603 -0.05344450530181236 0.0820093338310104 0.8458004633584297
6604 -0.05379735235082266 0.08185984813486215 0.8452454996954046
6605 -0.02314229660245403 0.02295321723209604 0.8786520696872359
6606 -0.02350280334641334 0.02168719123672516 0.8778351287455323
6607 -0.02374739724226433 0.02082822747073432 0.8772808568186968
6608 -0.02399199113811532 0.01996926370474348 0.8767265848918615
6609 -0.02414892508298563 0.01941814376845641 0.876370958355449
6610 -0.03975702834068465 0.02181042367262427 0.892313414315269
6611 -0.04037258816838695 0.02052210925747425 0.8917121560497439
6612 -0.04079022855628511 0.01964802341258338 0.8913042188778556
6613 -0.04120786894418326 0.01877393756769252 0.8908962817059674
6614 -0.04147583128797763 0.01821311515094017 0.890634545044793
6615 -0.08236900552530906 0.08520648373256355 0.8790870835609289
6616 -0.08365895695195653 0.08491471350298802 0.8782801914456804
6617 -0.08453415346405799 0.08471675543884352 0.8777327373708065
6618 -0.08540934997615945 0.08451879737469903 0.8771852832959325
6619 -0.08597088500835215 0.08439178545636394 0.8768340311630598
6620 -0.05204781854765646 0.02194068998486781 0.9117055992496238
6621 -0.05285975538955505 0.02065429931319698 0.9114121081250006
6622 -0.05341063217250737 0.01978151867526848 0.9112129824809672
6623 -0.05396150895545969 0.01890873803733998 0.9110138568369338
6624 -0.05431495713283711 0.01834875305472213 0.910886095787402
6625 -0.0918720626983419 0.08680174995105072 0.898149779377257
6626 -0.09330531375791842 0.08652812259898122 0.8976291077839771
6627 -0.09427773512386642 0.08634247397749074 0.8972758464494993
6628 -0.09525015648981441 0.08615682535600026 0.8969225851150215
6629 -0.09587407198248626 0.08603771130195215 0.8966959290302616
6630 -0.03259387260350433 0.01214454488543329 0.9132356302275537
6631 -0.03311831683053241 0.01071420193781302 0.9129541044906193
6632 -0.03347413779309347 0.00974375364572529 0.9127630970325539
6633 -0.03382995875565454 0.008773305353637559 0.9125720895744885
6634 -0.03405825712396819 0.008150655805331707 0.9124495372360928
6635 -0.03224171946865311 0.08664605386144787 0.8386522726335689
6636 -0.03276426376020489 0.08636736324790356 0.8372206796603689
6637 -0.03311879566887778 0.08617827934296668 0.8362493832603565
6638 -0.03347332757755066 0.08598919543802981 0.8352780868603441
6639 -0.0337007988757074 0.08586787727099221 0.8346548931573208
6640 -0.07233958419583554 0.06694823428965449 0.8741256502900202
6641 -0.07346267957163292 0.06635991131840513 0.8732353063710824
6642 -0.07422466884917474 0.06596075038738869 0.8726312325460314
6643 -0.07498665812671655 0.06556158945637224 0.8720271587209802
6644 -0.07547555823952382 0.06530548372108977 0.871639578777383
6645 -0.06835613144892472 0.04792133172008826 0.8861016096617144
6646 -0.06941903290631517 0.04704216960297287 0.8853962771873926
6647 -0.07014018226822047 0.04644568232246273 0.8849177285314925
6648 -0.07086133163012578 0.04584919504195259 0.8844391798755926
6649 -0.07132402843541914 0.04546648270291511 0.8841321381641816
6650 -0.05616420247341344 0.0591892405861995 0.8625167758582186
6651 -0.05704621938925301 0.05848685144861346 0.8614542905194019
6652 -0.05764464357206391 0.05801029976561645 0.8607334234824872
6653 -0.05824306775487482 0.05753374808261943 0.8600125564455724
6654 -0.05862702283023583 0.05722798764944464 0.85955004078288
6655 -0.04490670371360795 0.03651340042260696 0.8737695997411282
6656 -0.04562056427222905 0.03546384169753506 0.8728813379435161
6657 -0.04610489899842547 0.03475174501199094 0.8722786767804337
6658 -0.04658923372462189 0.03403964832644682 0.8716760156173513
6659 -0.04689998783790521 0.03358275981088225 0.8712893420521194
6660 -0.05653591261162594 0.03150521602897197 0.8938864692432591
6661 -0.05742524774034372 0.03038142663696926 0.8932979457799398
6662 -0.05802863712901705 0.02961896648854835 0.8928986488205763
6663 -0.05863202651769038 0.02885650634012744 0.892499351861213
6664 -0.05901916731990844 0.02836730411174887 0.892243158848752
6665 -0.0370294420570406 0.04772153933293125 0.8580617690080701
6666 -0.03762214809314024 0.04683801416678741 0.856935597497514
6667 -0.03802428281292893 0.04623856667768884 0.8561715211472686
6668 -0.03842641753271761 0.04563911918859027 0.8554074447970231
6669 -0.03868443128128721 0.04525450754945045 0.8549172055970262
6670 -0.0963458641322473 0.08820047011915387 0.9146227006554105
6671 -0.09785742676437129 0.08795981763085757 0.9143830254070644
6672 -0.09888298037525105 0.08779654154616587 0.9142204123527615
6673 -0.09990853398613081 0.08763326546147418 0.9140577992984587
6674 -0.1005665396704975 0.08752850585582458 0.9139534650998868
6675 -0.01576444294882046 0.08830606396968609 0.8341613486051991
6676 -0.01600260757816742 0.08806584483296406 0.8326494783027898
6677 -0.01616419571908845 0.08790286276537913 0.8316237159460961
6678 -0.01632578386000949 0.0877398806977942 0.8305979535894024
6679 -0.01642946046367439 0.08763530973652701 0.8299398139715867
6680 -0.01593031457031749 0.007564082086381795 0.9148413633205842
6681 -0.01617161798916463 0.006052931697128153 0.9145997508276584
6682 -0.01633533571230561 0.005027657781680958 0.9144358234062683
6683 -0.01649905343544659 0.004002383866233764 0.9142718959848782
6684 -0.01660409640084157 0.003344557637316816 0.9141667184749421
6685 0.02114592490893198 0.03645391996410397 0.8613732821867407
6686 0.02147716527825465 0.03538779268285144 0.8602991165228291
6687 0.02170190274503807 0.03466445468830893 0.8595703247070645
6688 0.02192664021182148 0.03394111669376643 0.8588415328912998
6689 0.02207083406874409 0.03347701563939142 0.8583739326094563
6690 0.06800254184560083 0.03513853467020783 0.9098336802782079
6691 0.06906421751732919 0.03406202883250765 0.9094958054713872
6692 0.06978453521742625 0.03333164927328604 0.9092665667215027
6693 0.07050485291752333 0.03260126971406443 0.9090373279716182
6694 0.07096701612009569 0.03213265071978209 0.9088902460454265
6695 0.06860971434677143 0.08474203059034655 0.8619343569575161
6696 0.06967690832454818 0.08441537322687716 0.8608598471081825
6697 0.0704009700433009 0.08419374520332924 0.8601308217720894
6698 0.07112503176205362 0.08397211717978134 0.8594017964359965
6699 0.07158959716528294 0.08382991837343676 0.858934046325122
6700 0.09040742972126548 0.08216160843062253 0.8968388501176306
6701 0.09181680580887923 0.08180646225386927 0.8963024643679814
6702 0.09277302866397115 0.08156550535521423 0.8959385414112435
6703 0.09372925151906308 0.08132454845655919 0.8955746184545056
6704 0.09434277388151872 0.08116994804628284 0.8953411217638746
6705 0.02812717289192931 0.01238915311038321 0.9057343360108093
6706 0.02854784453739893 0.01095013370439164 0.9053439029800548
6707 0.0288332586617213 0.009973798674286414 0.9050790049229136
6708 0.02911867278604367 0.008997463644181188 0.9048141068657723
6709 0.02930179740694142 0.008371037104563724 0.9046441455633817
6710 0.03358648046398457 0.0844942920501041 0.839567743421738
6711 0.03411932861271445 0.08419581295864789 0.8381439588460436
6712 0.0344808514046696 0.08399330311650864 0.8371779602286615
6713 0.03484237419662474 0.08379079327436939 0.8362119616112794
6714 0.03507433091698629 0.08366086088872499 0.8355921670197684
6715 0.02413382640480474 0.02142839733835059 0.881587722411283
6716 0.02450439688093391 0.02012920767597791 0.8808294591462938
6717 0.02475581874186314 0.01924774327539814 0.8803149984068707
6718 0.02500724060279238 0.01836627887481836 0.8798005376674474
6719 0.02516855543988176 0.01780072230128063 0.8794704543959999
6720 0.04236727325984693 0.03542825964788534 0.8731200349056254
6721 0.04303331517169065 0.034354959101876 0.8722230435203657
6722 0.04348520626318237 0.03362675424477895 0.8716144595725154
6723 0.04393709735467408 0.03289854938768189 0.8710058756246649
6724 0.04422703530015229 0.03243132570452185 0.8706154019401577
6725 0.04697735044173167 0.02462220089786525 0.8946393452517117
6726 0.04771067113393614 0.02338229069930954 0.8940692199167819
6727 0.04820820902475206 0.02254104578211505 0.8936824055807661
6728 0.04870574691556799 0.02169980086492055 0.8932955912447502
6729 0.04902497231429081 0.0211600495232196 0.8930474072110802
6730 0.03826720826615456 0.05144534780325888 0.8559448459329793
6731 0.03887586258519381 0.05061182784835009 0.8547894395800841
6732 0.03928881777567186 0.05004630751771326 0.8540055281945665
6733 0.03970177296614992 0.04948078718707642 0.853221616809049
6734 0.03996672923936728 0.0491179435597552 0.8527186512475822
6735 0.05850951694731355 0.05512637835915816 0.8674652483072164
6736 0.0594355914194902 0.05437078422501415 0.8664795287669532
6737 0.06006390744073887 0.05385813441734982 0.8658107452098928
6738 0.06069222346198755 0.05334548460968549 0.8651419616528323
6739 0.06109535744657336 0.05301656325057363 0.8647128632834362
6740 0.06267269700367557 0.04131545668645274 0.886538397366284
6741 0.06365921205320181 0.04033995063860114 0.8858489371112369
6742 0.06432853534138554 0.03967809665481782 0.8853811573189247
6743 0.06499785862956926 0.03901624267103451 0.8849133775266126
6744 0.0654273032959735 0.03859159038671697 0.8846132452282053
6745 0.07983371993006656 0.05502870919618162 0.8986102437919908
6746 0.08107906980157459 0.05426976291016301 0.898087478387531
6747 0.08192400538703497 0.05375483875978462 0.8977327964598404
6748 0.08276894097249535 0.05323991460940623 0.8973781145321498
6749 0.08331106028469758 0.0529095340087509 0.8971505469802572
6750 0.04946217049457084 0.07056540181510378 0.8516549491535546
6751 0.05025883000548449 0.07004048704830257 0.8504343027891675
6752 0.05079934154016774 0.06968434683746615 0.8496061278528465
6753 0.051339853074851 0.06932820662662974 0.8487779529165256
6754 0.05168665080294078 0.06909970342535789 0.8482465874082107
6755 0.0758270314168213 0.06716408961191003 0.878753197822537
6756 0.07700905076344093 0.06657557835607408 0.8779428496247863
6757 0.07781101833216293 0.0661762896791518 0.8773930506931301
6758 0.07861298590088493 0.06577700100222954 0.8768432517614739
6759 0.0791275364941437 0.06552081330386753 0.8764904951445105
6760 0.0189259161033898 0.05371340688820503 0.8474540431723486
6761 0.01921400286031687 0.05291247332750823 0.8461595583762002
6762 0.01940946178972825 0.05236906196777306 0.8452812860977611
6763 0.01960492071913962 0.05182565060803788 0.8444030138193219
6764 0.01973032916707302 0.05147699232254029 0.8438395053439933
6765 0.08219352174924971 0.08700389856673182 0.8781925428991173
6766 0.08348098872171067 0.08672874310236972 0.8773759048514607
6767 0.08435449960007926 0.08654205769877957 0.8768218384298931
6768 0.08522801047844786 0.08635537229518941 0.8762677720083257
6769 0.08578846399079973 0.08623559303114368 0.8759122773261946
6770 0.01722284454322399 0.0713810326775311 0.8387456285431475
6771 0.01748448659533072 0.07086883094827201 0.8373070972571687
6772 0.01766200352092381 0.0705213161832355 0.8363310934030471
6773 0.01783952044651689 0.070173801418199 0.8353550895489256
6774 0.01795341712132003 0.06995083239115883 0.8347288754952059
6775 0.09088059787604752 0.0684056196359312 0.9143282424944187
6776 0.09230243863566141 0.06785519956325257 0.9140533133516935
6777 0.0932671184273741 0.0674817547049055 0.9138667815011001
6778 0.09423179821908678 0.06710830984655843 0.9136802496505068
6779 0.09485074663856155 0.06686870380648111 0.913560568907634
6780 0.05097053337054763 0.0207800755449461 0.9139827964019762
6781 0.05176125108535872 0.01947547459658593 0.9137126829135158
6782 0.05229773127504932 0.01859033878751401 0.9135294183516971
6783 0.05283421146473993 0.01770520297844209 0.9133461537898783
6784 0.05317842264065666 0.01713729079167085 0.9132285693728956
6785 0.05172732732531839 0.08955103443240801 0.8474783139113538
6786 0.05254228909973867 0.0893135638598048 0.8461823106439937
6787 0.05309521821608716 0.08915244661726705 0.8453030081246629
6788 0.05364814733243565 0.08899132937472932 0.8444237056053321
6789 0.05400291230790785 0.08888795490428268 0.8438595361169117
6790 0.08279289985945743 0.05163718915644502 0.9165531716778661
6791 0.08408106448396127 0.05080772855268481 0.9163233751534947
6792 0.08495504870002459 0.05024496237999008 0.9161674645413055
6793 0.0858290329160879 0.04968219620729535 0.9160115539291164
6794 0.08638979012674522 0.04932111967587464 0.915911520085946
6795 0.09634286352219676 0.08797291844914634 0.9148317544097648
6796 0.09785142554930186 0.0877253143193175 0.9145805329120883
6797 0.09887494333232602 0.08755732173732447 0.9144100860456487
6798 0.0998984611153502 0.08738932915533143 0.914239639179209
6799 0.1005551605917458 0.08728154339678094 0.9141302787266593
6800 0.01560731311570891 0.08814471571571442 0.8341620234359159
6801 0.01585137552384054 0.08790617570087805 0.8326508280025304
6802 0.01601696514521648 0.08774433287124221 0.8316255235258804
6803 0.0161825547665924 0.08758249004160637 0.8306002190492304
6804 0.01628879876103754 0.08747865002705753 0.8299423732119332
6805 0.03216663173454349 0.06608369043179496 0.8450087800973722
6806 0.03268062845054651 0.0654937295226925 0.8436716440020942
6807 0.03302936106464702 0.06509345729595865 0.842764433991998
6808 0.03337809367874752 0.06469318506922481 0.8418572239819019
6809 0.03360184409020125 0.06443636631524562 0.8412751487620159
6810 -0.07537087099358886 0.03412277945830455 0.38832092645
6811 0.07553365548882782 0.1352678663427621 0.38832092645
6812 0.07620682567423148 0.03326557648239812 0.38832092645
6813 -0.07697919170010444 0.1331120473113694 0.38832092645
6814 0.1152831987302548 0.05141487597619333 0.38832092645
6815 -0.1153124577710619 0.1151967706323216 0.38832092645
6816 0.03697028487215108 0.1456865342681236 0.38832092645
6817 -0.03682009310616242 0.02370155418756097 0.38832092645
6818 0.03446120705112078 0.02347663212866154 0.38832092645
6819 -0.03560967793713431 0.1422841903027449 0.38832092645
6820 0.1144274068958188 0.1155413137467222 0.38832092645
6821 -0.1137956135592477 0.05217934123197265 0.38832092645
6822 -0.008475633741015065 0.1455310862425589 0.38832092645
6823 0.00795309437298009 0.0187147251911007 0.38832092645
6824 0.1358019044461767 0.08712859906561406 0.38832092645
6825 -0.1349929808541037 0.07927225084845285 0.38832092645
6826 -0.1304314828291048 0.0979171443812336 0.38832092645
6827 0.1311534978171668 0.06820630719515675 0.38832092645
6828 -0.01994950825151832 0.1456489437090428 0.38832092645
6829 -0.01440820361234133 0.1361234415106859 0.38832092645
6830 -0.004231806668197753 0.1348389073778531 0.38832092645
6831 -0.01039115321562254 0.1268918615179028 0.38832092645
6832 -0.0005215198131087481 0.1253530354488734 0.38832092645
6833 -0.006760333814875771 0.1175672841579086 0.38832092645
6834 -0.01653658489689554 0.1189990752224423 0.38832092645
6835 0.00312521130883436 0.1160477475016447 0.38832092645
6836 0.009378620999110906 0.1238020380098174 0.38832092645
6837 0.01300939214801036 0.1145184004442718 0.38832092645
6838 -0.0129924150656607 0.1097527243099454 0.38832092645
6839 -0.02287336363204245 0.1112632388164749 0.38832092645
6840 -0.01925449810889963 0.1019579707448316 0.38832092645
6841 -0.02914118634693556 0.1034717342748201 0.38832092645
6842 -0.02551083966273766 0.09415718927718726 0.38832092645
6843 -0.03539656937695165 0.09566994218297747 0.38832092645
6844 -0.03176414832900853 0.08635368332645067 0.38832092645
6845 -0.04164937507039358 0.08786598178925073 0.38832092645
6846 -0.0380165245798099 0.07854936086301957 0.38832092645
6847 -0.0479015959172656 0.08006152322908311 0.38832092645
6848 -0.05153458418280482 0.08937826179479122 0.38832092645
6849 -0.0577866641921448 0.08157368259244904 0.38832092645
6850 -0.06141964014042972 0.0908904105259081 0.38832092645
6851 -0.06767168455837511 0.0830858008009875 0.38832092645
6852 -0.04426864795596729 0.07074481927520626 0.38832092645
6853 -0.03438363850307952 0.06923271042372443 0.38832092645
6854 -0.07130466258994464 0.09240253051785917 0.38832092645
6855 -0.07755669981820627 0.08459791462593792 0.38832092645
6856 -0.05516760387941434 0.09869502724509849 0.38832092645
6857 -0.06403870545435397 0.07376907016405243 0.38832092645
6858 -0.08118967860370999 0.09391464498935395 0.38832092645
6859 -0.08744171474083398 0.08611002816147115 0.38832092645
6860 -0.0838087358798057 0.07679329773328583 0.38832092645
6861 -0.04063568974750729 0.06142810662170002 0.38832092645
6862 -0.03075067858712635 0.05991599632055976 0.38832092645
6863 -0.09369375051885782 0.07830541102554296 0.38832092645
6864 -0.03277445528254246 0.1127887348372835 0.38832092645
6865 -0.09006077171118994 0.06898868064313496 0.38832092645
6866 -0.09732672933262401 0.08762214141318266 0.38832092645
6867 -0.07493764281310092 0.101719262114489 0.38832092645
6868 -0.08482265764258223 0.1032313755700949 0.38832092645
6869 -0.1035787651195413 0.07981752428488406 0.38832092645
6870 -0.02449864336922614 0.06772061393885301 0.38832092645
6871 -0.02086566957424383 0.05840388787308165 0.38832092645
6872 -0.03700271752449662 0.05211138190748075 0.38832092645
6873 -0.04688773264202013 0.05362349561558934 0.38832092645
6874 0.01927118164084052 0.1223144902445973 0.38832092645
6875 0.02289427267160173 0.1129994221814667 0.38832092645
6876 0.01663292819775079 0.1052035017001412 0.38832092645
6877 0.02651640337326638 0.1036803088242841 0.38832092645
6878 0.0327780693095753 0.1114774172844608 0.38832092645
6879 0.03639971584842999 0.1021566109474617 0.38832092645
6880 0.03013812152004019 0.09435973779405604 0.38832092645
6881 0.04002130224808848 0.09283559247813786 0.38832092645
6882 0.03375970114781139 0.08503869521082162 0.38832092645
6883 0.04364285554118597 0.08351446005995096 0.38832092645
6884 0.04990446851202646 0.09131139806897023 0.38832092645
6885 0.05352600952201038 0.08199022353525902 0.38832092645
6886 0.059787622421949 0.0897871613170237 0.38832092645
6887 0.06340916137507802 0.08046597972444477 0.38832092645
6888 0.06967077392040211 0.08826291629186031 0.38832092645
6889 0.03738124722549165 0.07571753798670718 0.38832092645
6890 0.07329231247161976 0.07894173332041184 0.38832092645
6891 0.07955392489085622 0.08673866945562417 0.38832092645
6892 0.05714754939493492 0.07266904509484221 0.38832092645
6893 0.04266135518798951 0.1099536384948841 0.38832092645
6894 0.08320991362922575 0.07764086019977798 0.38832092645
6895 0.08944281745015459 0.08525165119810915 0.38832092645
6896 0.08580218873760238 0.09444905407320361 0.38832092645
6897 0.06604923550970455 0.0975840997336484 0.38832092645
6898 0.07678697969167816 0.06920720678344114 0.38832092645
6899 0.09309976311999814 0.07616004670538311 0.38832092645
6900 0.09932804166312137 0.08374084764142077 0.38832092645
6901 0.02749809551538208 0.07724178229453463 0.38832092645
6902 0.03111963517051783 0.06792060309838735 0.38832092645
6903 0.0212712825223008 0.06941690438833907 0.38832092645
6904 0.02486382265269687 0.06011900999116593 0.38832092645
6905 0.03386181748812327 0.05843696046201365 0.38832092645
6906 0.01501643668993357 0.061614535239554 0.38832092645
6907 0.01860430468044855 0.05232039230194926 0.38832092645
6908 0.008726957839424777 0.05383997865725763 0.38832092645
6909 0.102989874428874 0.07468093087159751 0.38832092645
6910 0.09711261082505014 0.06568007023538174 0.38832092645
6911 0.1092126981213835 0.08222636281163836 0.38832092645
6912 -0.1072117439269126 0.08913425466703778 0.38832092645
6913 0.1055825823628933 0.09149193120725382 0.38832092645
6914 -0.01461829181078608 0.06621223634821756 0.38832092645
6915 0.03903982425726903 0.1192748310622071 0.38832092645
6916 0.04892300809049371 0.1177507144846019 0.38832092645
6917 0.01233839696277211 0.04452690594348149 0.38832092645
6918 0.002868631585868602 0.04634056280052583 0.38832092645
6919 0.02225583750123783 0.04260270654784867 0.38832092645
6920 -0.04325475502278193 0.04430676625345039 0.38832092645
6921 -0.05305365085726785 0.04548728119528768 0.38832092645
6922 -0.04975896692936605 0.03549188984954625 0.38832092645
6923 -0.03363975116694071 0.04301095020430797 0.38832092645
6924 -0.07866217158423054 0.1104375124124876 0.38832092645
6925 -0.0885826278779915 0.1117179358678047 0.38832092645
6926 -0.1134637797142463 0.08132963753909646 0.38832092645
6927 -0.1009597081399461 0.09693887179529395 0.38832092645
6928 -0.08017575711762251 0.06747656738989759 0.38832092645
6929 -0.08649042545380953 0.05972212324720712 0.38832092645
6930 -0.07655869079512265 0.0585920318760652 0.38832092645
6931 -0.06870086558902283 0.1094241327641535 0.38832092645
6932 -0.05675839557664829 0.05508034375047793 0.38832092645
6933 -0.0182473880924213 0.07552585654121971 0.38832092645
6934 0.005251763989582612 0.06325829468405632 0.38832092645
6935 -0.1098308009081301 0.07201290715801956 0.38832092645
6936 0.01568373082475299 0.1315610488568266 0.38832092645
6937 -0.06302478493177577 0.04733099338834273 0.38832092645
6938 -0.00940624822462466 0.1004729077562832 0.38832092645
6939 -0.09632324626360318 0.06119242568535339 0.38832092645
6940 0.04540967055192389 0.1269849770130044 0.38832092645
6941 0.0551249930733157 0.1251664190718101 0.38832092645
6942 0.05879622098265527 0.116162928496996 0.38832092645
6943 0.00233148114071666 0.1435792080908443 0.38832092645
6944 0.115371368087333 0.09003736212441962 0.38832092645
6945 -0.09310053002785745 0.05231147359361385 0.38832092645
6946 0.01777857993738949 0.07866511096044185 0.38832092645
6947 0.1138111049268471 0.07187472598691504 0.38832092645
6948 -0.1108608525696438 0.09824818292526495 0.38832092645
6949 -0.01097855417927696 0.057037039449709 0.38832092645
6950 -0.01658201996554421 0.04752500102686977 0.38832092645
6951 -0.1194208750404953 0.07328875279065816 0.38832092645
6952 0.02516626691427115 0.1299597133571483 0.38832092645
6953 0.02139824432276574 0.1390927126742497 0.38832092645
6954 0.1115317452472471 0.09898785153379261 0.38832092645
6955 0.1013989519417736 0.1025638803992359 0.38832092645
6956 0.1220373157173574 0.09858863997928483 0.38832092645
6957 0.01593148304479729 0.0355321679183651 0.38832092645
6958 -0.07339320594104293 0.118663308750211 0.38832092645
6959 -0.06261521791969571 0.1172823220141036 0.38832092645
6960 0.06446251318104948 0.1234223265485906 0.38832092645
6961 0.06834047198811138 0.1145160205105035 0.38832092645
6962 -0.02441738092332681 0.1358718804859375 0.38832092645
6963 0.02316522339250019 0.02058092895409573 0.38832092645
6964 0.05141679217627965 0.134236972389478 0.38832092645
6965 -0.06700849779221674 0.1274212872429447 0.38832092645
6966 -0.05637495969214616 0.1250009375025499 0.38832092645
6967 -0.05254855699883466 0.1158163834207749 0.38832092645
6968 -0.04632875932183688 0.1235989718030016 0.38832092645
6969 -0.04957903663687931 0.1336424620418212 0.38832092645
6970 -0.1057915059776457 0.1076013826332412 0.38832092645
6971 0.02588757643704357 0.03222715240822992 0.38832092645
6972 0.03689194103117448 0.03469588600616023 0.38832092645
6973 0.04490314931170623 0.02733010693938101 0.38832092645
6974 0.04646165120923235 0.03816115211432761 0.38832092645
6975 0.05376467315649874 0.03206590272405328 0.38832092645
6976 0.05530510756527941 0.04198380075856573 0.38832092645
6977 0.04828040148269633 0.0481726171854544 0.38832092645
6978 0.05736312124617521 0.05181720502815186 0.38832092645
6979 0.04980900554009472 0.05815258651347868 0.38832092645
6980 0.06589330800054201 0.04477005779315125 0.38832092645
6981 0.06699793941181101 0.05493201789059311 0.38832092645
6982 0.07343890922290706 0.05074464132017747 0.38832092645
6983 0.06593677776036501 0.1398344415540124 0.38832092645
6984 -0.1162563852341155 0.06372725241054975 0.38832092645
6985 -0.007919671459031418 0.07441946621705411 0.38832092645
6986 -0.01160141224655253 0.08370430112597999 0.38832092645
6987 -0.1236615842001825 0.08299376976543064 0.38832092645
6988 -0.04004448542449238 0.1314256176769364 0.38832092645
6989 0.1246386397615561 0.05785412266745669 0.38832092645
6990 -0.1243309219616629 0.1086770348182791 0.38832092645
6991 -0.008758898052666234 0.02120239381650751 0.38832092645
6992 -0.01982394871192699 0.02125860446135669 0.38832092645
6993 -0.01374459830799327 0.03031146930088544 0.38832092645
6994 -0.004597968343490027 0.03191956290970165 0.38832092645
6995 -0.02266730499219953 0.0314152555204185 0.38832092645
6996 -0.009495473012134825 0.03950215255220053 0.38832092645
6997 -0.1264897735151465 0.06534534410122685 0.38832092645
6998 0.1146731054408789 0.06173461387858576 0.38832092645
6999 0.1056520388436432 0.05800480614284043 0.38832092645
7000 0.1042395946952502 0.04805796334267633 0.38832092645
7001 0.09615190559649002 0.05454104913133032 0.38832092645
7002 0.09484759701742704 0.04455986168102528 0.38832092645
7003 0.0881966033004335 0.05955505742286479 0.38832092645
7004 -0.06525451322120795 0.028511461911794 0.38832092645
7005 -0.1025648432962047 0.05337944639612929 0.38832092645
7006 -0.09034625817700667 0.1304595951586631 0.38832092645
7007 -0.100601135008259 0.1251076532683191 0.38832092645
7008 -0.0933266737668802 0.03641748073681395 0.38832092645
7009 0.09201209126678768 0.1291405650681158 0.38832092645
7010 0.1019784446446818 0.1248478262291046 0.38832092645
7011 0.0931419879976698 0.1188562046925484 0.38832092645
7012 0.08419784280623813 0.1206830834193206 0.38832092645
7013 0.08623538373318823 0.1118472845748694 0.38832092645
7014 0.1030145284149789 0.1141392836412049 0.38832092645
7015 0.00209880030411454 0.07322610485199468 0.38832092645
7016 0.06632472035427397 0.02795388829888771 0.38832092645
7017 0.1244088785353899 0.1096595242754819 0.38832092645
7018 -0.081553572055325 0.1243959529233598 0.38832092645
7019 -0.09873484393898056 0.04465254418543513 0.38832092645
7020 -0.04769453753613249 0.02455272232241956 0.38832092645
7021 0.07538164505197045 0.05909433326658323 0.38832092645
7022 -0.06639870698199217 0.1385255706402762 0.38832092645
7023 -0.06857531791425141 0.04016425037935163 0.38832092645
7024 -0.07635979989770228 0.04391053092761422 0.38832092645
7025 0.087177942522023 0.04905560068678953 0.38832092645
7026 0.08571384862898818 0.04012582595512244 0.38832092645
7027 0.004993750050685421 0.03599754189238912 0.38832092645
7028 0.09560528864021424 0.09330498434930759 0.38832092645
7029 0.09167047665454464 0.102450081871686 0.38832092645
7030 0.1190865281715336 0.08064168004898452 0.38832092645
7031 -0.09994752610394506 0.07050218759569404 0.38832092645
7032 -0.1062642650233167 0.06255806157411703 0.38832092645
7033 -0.09107469346880281 0.0954267584755113 0.38832092645
7034 -0.116577069064131 0.09087331025748374 0.38832092645
7035 0.07591585614776671 0.09595267113913025 0.38832092645
7036 0.02766830070212547 0.05092242275416656 0.38832092645
7037 -0.04042082155818653 0.03430659804605379 0.38832092645
7038 -0.09492864071103869 0.1048294239411195 0.38832092645
7039 0.06645734378924545 0.0710361650122681 0.38832092645
7040 -0.09797605878581508 0.1146405315447011 0.38832092645
7041 0.0418071345401216 0.06503584004387403 0.38832092645
7042 0.05616608404799517 0.09910834485833206 0.38832092645
7043 -0.07392372111309059 0.07528118433146005 0.38832092645
7044 -0.02705426056310942 0.05037495961616505 0.38832092645
7045 -0.07029339435935891 0.06603648640404965 0.38832092645
7046 -0.05051831433685507 0.06293101069670799 0.38832092645
7047 -0.06505516796631922 0.1001905215767036 0.38832092645
7048 -0.02469520572157577 0.04075012657310045 0.38832092645
7049 -0.05883383175766387 0.1079846733434188 0.38832092645
7050 -0.04892111713198229 0.1064951359458897 0.38832092645
7051 0.04726439858807348 0.07419329249192426 0.38832092645
7052 0.02390382102520074 0.08654611636141699 0.38832092645
7053 0.01399340773115534 0.08808721804925056 0.38832092645
7054 -0.05415327596670231 0.07225540780876151 0.38832092645
7055 -0.06040572794362717 0.06445234089507032 0.38832092645
7056 -0.02813165571268132 0.07703736513087994 0.38832092645
7057 -0.06660130669642425 0.0570962102090951 0.38832092645
7058 -0.04528259940136267 0.09718292265287577 0.38832092645
7059 0.04628291205557936 0.100632519331308 0.38832092645
7060 0.05254287960334298 0.1084189048952793 0.38832092645
7061 0.06236762336508753 0.1068618891300275 0.38832092645
7062 -0.02181383589524226 0.0849041619825579 0.38832092645
7063 0.07197371698349996 0.1051342732661936 0.38832092645
7064 0.02025942536305356 0.09588088059911344 0.38832092645
7065 -0.03656754101016815 0.1220456313446117 0.38832092645
7066 0.01041237143072014 0.09765432417432984 0.38832092645
7067 -0.03902991233303836 0.1049854572180471 0.38832092645
7068 -0.04269505701306713 0.1142883857616014 0.38832092645
7069 -0.01562757132805224 0.09264657649362988 0.38832092645
7070 0.02909465908241587 0.120770333789221 0.38832092645
7071 0.03509891630362123 0.1283179014104459 0.38832092645
7072 0.00675852490624132 0.1067693616496193 0.38832092645
7073 -0.02653955666753669 0.1205518921499232 0.38832092645
7074 0.0597193141033546 0.06262848258520011 0.38832092645
7075 -0.003129335587172506 0.1082577937544128 0.38832092645
7076 0.0005066499962854017 0.09925507182184869 0.38832092645
7077 0.04002096455283196 0.04455937471424341 0.38832092645
7078 -0.004756572356383032 0.06471878415315904 0.38832092645
7079 -0.1206877455634777 0.1000054719686541 0.38832092645
7080 -0.001024785356000281 0.05560764805574485 0.38832092645
7081 -0.1223253485054948 0.05646593322215053 0.38832092645
7082 -0.005298290525521374 0.09177848079703746 0.38832092645
7083 0.005818949327570146 0.1333175437911202 0.38832092645
7084 0.1379739007833702 0.07758877465154135 0.38832092645
7085 -0.1379739007961073 0.08941915114339435 0.38832092645
7086 0.0116233298777172 0.0709505634102016 0.38832092645
7087 0.01202368946834711 0.1409347418606318 0.38832092645
7088 0.1284404103298142 0.07906584722752347 0.38832092645
7089 -0.08317060935971715 0.05065625776471977 0.38832092645
7090 0.08163311538380695 0.1036124613573797 0.38832092645
7091 -0.04651854552768115 0.1433547817411154 0.38832092645
7092 -0.05634879985800414 0.1399705180556424 0.38832092645
7093 0.1250890409237429 0.08832081602780779 0.38832092645
7094 -0.0591692194866873 0.03702797022206911 0.38832092645
7095 0.1318561206643384 0.1023403939543493 0.38832092645
7096 -0.09030209180389392 0.1205139183381519 0.38832092645
7097 -0.02029703337610001 0.1279684573309722 0.38832092645
7098 0.04105512888565461 0.136042021489197 0.38832092645
7099 0.07453928919361391 0.1238364516722923 0.38832092645
7100 -0.006448464906455292 0.04779033497979558 0.38832092645
7101 0.008305492750032058 0.08092017080939529 0.38832092645
7102 -0.0310674359513087 0.1295594512901341 0.38832092645
7103 0.1225775377461754 0.07263778412745563 0.38832092645
7104 0.06918890633047975 0.0368957356281673 0.38832092645
7105 0.1087205759129319 0.1074691864355947 0.38832092645
7106 -0.1153966967686984 0.1059457685955522 0.38832092645
7107 -0.05625469657414475 0.028237819011687 0.38832092645
7108 0.08663503276457682 0.06869420104304887 0.38832092645
7109 0.0312202397581539 0.04218852473987626 0.38832092645
7110 0.04788118105351318 0.1439798943049788 0.38832092645
7111 0.05690186270265929 0.141489349188435 0.38832092645
7112 0.004420688203984917 0.09085686069157058 0.38832092645
7113 -0.1298763223080674 0.08881049629941633 0.38832092645
7114 0.1068029960022934 0.06660196385084352 0.38832092645
7115 0.07781997001474308 0.1132715958000932 0.38832092645
7116 -0.05948949277367384 0.1329193775106968 0.38832092645
7117 0.05114606606490801 0.06655877399711084 0.38832092645
7118 -0.1353889928581745 0.0688678541104331 0.38832092645
7119 0.1164080703186197 0.1062884136330032 0.38832092645
7120 0.09461745450673957 0.1104649784860076 0.38832092645
7121 0.04206777170364224 0.05427112575749633 0.38832092645
7122 -0.1069188873065439 0.04536949456737432 0.38832092645
7123 0.09306390673682999 0.03489157473078582 0.38832092645
7124 0.08339898181806525 0.03029126475354767 0.38832092645
7125 0.009107058990150973 0.1496607738331544 0.38832092645
7126 0.05258813711959587 0.0225175803058002 0.38832092645
7127 -0.03098807285024222 0.03288612184225341 0.38832092645
7128 0.01887650151923016 0.1483085490021017 0.38832092645
7129 0.02733284679389532 0.1452454514351848 0.38832092645
7130 0.06906864440961193 0.06337964110761714 0.38832092645
7131 0.06850375615859897 0.1308354038586937 0.38832092645
7132 -0.1069487713102599 0.1185532600667517 0.38832092645
7133 -0.1278311873280064 0.07361952794086685 0.38832092645
7134 -0.0725668465720128 0.05108506494056481 0.38832092645
7135 0.06039111584204467 0.13249748543517 0.38832092645
7136 0.03117028134872652 0.1373907224390582 0.38832092645
7137 -0.08404409002650173 0.04025125987765247 0.38832092645
7138 -0.002248117989536399 0.03997672539917489 0.38832092645
7139 0.07686260877501024 0.04401135107039011 0.38832092645
7140 0.1020149968100527 0.03883995115876118 0.38832092645
7141 -0.02803293891227608 0.02403517002589865 0.38832092645
7142 0.01018132732674817 0.02706286399174051 0.38832092645
7143 -0.02762122460115537 0.1439885532535069 0.38832092645
7144 0.06138249513842968 0.03530730901883023 0.38832092645
7145 0.01766822189808003 0.02741574661025525 0.38832092645
7146 0.01486899927214212 0.01988682489080449 0.38832092645
7147 -0.01727524944389969 0.03775739717101177 0.38832092645
7148 -0.07473361687217227 0.1258981490569712 0.38832092645
7149 0.0005087256596824848 0.02441495505021429 0.38832092645
7150 0.132021243982697 0.09489286102919361 0.38832092645
7151 -0.1031895723615742 0.03858321181648314 0.38832092645
7152 0.05869125433508865 0.02668994622919066 0.38832092645
7153 0.1216058190530492 0.06557776115943316 0.38832092645
7154 0.08300816734541459 0.1298166505375232 0.38832092645
7155 0.1080721986603151 0.1202611282043859 0.38832092645
7156 0.08142500239285699 0.06340983421515332 0.38832092645
7157 0.08041513830659067 0.0540004363198307 0.38832092645
7158 -0.09066016138963355 0.04485725158067486 0.38832092645
7159 0.03539333759670606 0.05073444917066793 0.38832092645
7160 -0.08351153598592395 0.03100773461706056 0.38832092645
7161 -0.1240553743979442 0.09252246886157933 0.38832092645
7162 -0.0826867376667616 0.1168617695231281 0.38832092645
7163 -0.04293793638154678 0.1376767629406545 0.38832092645
7164 0 0.08350396290000001 0.38832092645
7165 0.1474952208890968 0.09830393782833682 0.38832092645
7166 0.1397754823694217 0.1113149847485243 0.38832092645
7167 0.1291242015092296 0.1220978024383402 0.38832092645
7168 0.1167835362311879 0.1309186306779654 0.38832092645
7169 0.1034288101369415 0.1381241936993495 0.38832092645
7170 0.08942999227162733 0.1439879973614526 0.38832092645
7171 0.07500330506559283 0.1487065346396896 0.38832092645
7172 0.06028455520066132 0.1524183475031038 0.38832092645
7173 0.04536535400694858 0.1552203868774678 0.38832092645
7174 0.03031192953396884 0.157179237152233 0.38832092645
7175 0.01517573338505848 0.1583382704281397 0.38832092645
7176 0.1496686036162738 0.09852201953776016 0.38832092645
7177 0.1418351126219643 0.111724787819999 0.38832092645
7178 0.1310268822031282 0.122666493299845 0.38832092645
7179 0.1185043738189737 0.1316172988759068 0.38832092645
7180 0.1049528621562239 0.1389290378534161 0.38832092645
7181 0.0907477678521314 0.1448792462781802 0.38832092645
7182 0.07610849943496495 0.1496673125032952 0.38832092645
7183 0.06117286473485924 0.1534338199520588 0.38832092645
7184 0.04603382500042239 0.1562771481487348 0.38832092645
7185 0.03075858416903685 0.1582648626221704 0.38832092645
7186 0.01539935199862445 0.1594409745728018 0.38832092645
7187 0.1518419863434928 0.0987401012471813 0.38832092645
7188 0.1438947428745454 0.1121345908914692 0.38832092645
7189 0.1329295628970616 0.1232351841613429 0.38832092645
7190 0.1202252114067907 0.1323159670738385 0.38832092645
7191 0.1064769141755336 0.1397338820074705 0.38832092645
7192 0.09206554343265888 0.1457704951948928 0.38832092645
7193 0.07721369380435664 0.1506280903668829 0.38832092645
7194 0.06206117426907277 0.1544492924009931 0.38832092645
7195 0.04670229599390794 0.1573339094199783 0.38832092645
7196 0.0312052388041127 0.1593504880920815 0.38832092645
7197 0.01562297061219434 0.1605436787174345 0.38832092645
7198 0.1540153690707201 0.0989581829566067 0.38832092645
7199 0.145954373127135 0.1125443939629475 0.38832092645
7200 0.1348322435910033 0.1238038750228523 0.38832092645
7201 0.1219460489946153 0.133014635271785 0.38832092645
7202 0.1080009661948502 0.1405387261615426 0.38832092645
7203 0.09338331901319247 0.1466617441116256 0.38832092645
7204 0.07831888817375349 0.1515888682304934 0.38832092645
7205 0.06294948380329052 0.1554647648499524 0.38832092645
7206 0.04737076698739667 0.1583906706912489 0.38832092645
7207 0.03165189343919068 0.1604361135620215 0.38832092645
7208 0.01584658922576529 0.161646382862098 0.38832092645
7209 0.1561887517979421 0.09917626466603183 0.38832092645
7210 0.1480140033797198 0.1129541970344254 0.38832092645
7211 0.1367349242849406 0.1243725658843613 0.38832092645
7212 0.1236668865824359 0.133713303469731 0.38832092645
7213 0.1095250182141633 0.1413435703156141 0.38832092645
7214 0.094701094593723 0.1475529930283579 0.38832092645
7215 0.07942408254314778 0.1525496460941034 0.38832092645
7216 0.06383779333750619 0.1564802372989113 0.38832092645
7217 0.04803923798088386 0.159447431962519 0.38832092645
7218 0.03209854807426762 0.1615217390319612 0.38832092645
7219 0.01607020783933572 0.1627490870067613 0.38832092645
7220 -0.01517573345169721 0.1583382704247612 0.38832092645
7221 -0.03031192967712298 0.1571792371375087 0.38832092645
7222 -0.04536535427432915 0.1552203868351839 0.38832092645
7223 -0.06028455547365694 0.1524183474434014 0.38832092645
7224 -0.07500330541134727 0.1487065345402582 0.38832092645
7225 -0.08942999267142991 0.1439879972136684 0.38832092645
7226 -0.1034288105961661 0.1381241934819526 0.38832092645
7227 -0.1167835366067567 0.1309186304467066 0.38832092645
7228 -0.1291242017392716 0.1220978022459261 0.38832092645
7229 -0.1397754825005076 0.1113149845838182 0.38832092645
7230 -0.1474952209182698 0.09830393775565294 0.38832092645
7231 -0.01539935206562033 0.1594409745694053 0.38832092645
7232 -0.03075858431308615 0.1582648626073541 0.38832092645
7233 -0.0460338252690351 0.156277148106256 0.38832092645
7234 -0.06117286501648561 0.1534338198904689 0.38832092645
7235 -0.0761084997907305 0.1496673124009848 0.38832092645
7236 -0.09074776826320155 0.144879246126231 0.38832092645
7237 -0.1049528626274881 0.1389290376303198 0.38832092645
7238 -0.1185043742049572 0.131617298638235 0.38832092645
7239 -0.1310268824373619 0.1226664931039249 0.38832092645
7240 -0.1418351127560873 0.1117247876514769 0.38832092645
7241 -0.1496686036463815 0.09852201946274772 0.38832092645
7242 -0.01562297067954737 0.1605436787140198 0.38832092645
7243 -0.03120523894905713 0.159350488077173 0.38832092645
7244 -0.0467022962637528 0.1573339093773047 0.38832092645
7245 -0.06206117455932993 0.1544492923375158 0.38832092645
7246 -0.07721369417013327 0.1506280902616936 0.38832092645
7247 -0.0920655438549966 0.1457704950387786 0.38832092645
7248 -0.1064769146588374 0.1397338817786746 0.38832092645
7249 -0.1202252118031888 0.1323159668297539 0.38832092645
7250 -0.1329295631354869 0.1232351839619167 0.38832092645
7251 -0.1438947430117055 0.1121345907191309 0.38832092645
7252 -0.1518419863745351 0.09874010116984024 0.38832092645
7253 -0.01584658929347548 0.1616463828586652 0.38832092645
7254 -0.03165189358503026 0.1604361135470209 0.38832092645
7255 -0.04737076725847366 0.1583906706483804 0.38832092645
7256 -0.06294948410217846 0.1554647647845875 0.38832092645
7257 -0.07831888854954124 0.1515888681224251 0.38832092645
7258 -0.09338331944679779 0.1466617439513465 0.38832092645
7259 -0.1080009666901936 0.1405387259270472 0.38832092645
7260 -0.1219460494014282 0.1330146350212874 0.38832092645
7261 -0.1348322438336202 0.1238038748199202 0.38832092645
7262 -0.1459543732673322 0.1125443937867931 0.38832092645
7263 -0.154015369102697 0.09895818287693695 0.38832092645
7264 -0.01607020790740307 0.1627490870033105 0.38832092645
7265 -0.03209854822100235 0.1615217390168686 0.38832092645
7266 -0.04803923825319299 0.1594474319194556 0.38832092645
7267 -0.06383779364502493 0.1564802372316589 0.38832092645
7268 -0.07942408292894662 0.1525496459831561 0.38832092645
7269 -0.09470109503859589 0.1475529928639138 0.38832092645
7270 -0.1095250187215463 0.1413435700754191 0.38832092645
7271 -0.1236668869996636 0.1337133032128205 0.38832092645
7272 -0.1367349245317491 0.1243725656779231 0.38832092645
7273 -0.1480140035229542 0.112954196854455 0.38832092645
7274 -0.1561887518308537 0.09917626458403347 0.38832092645
7275 -0.1474952208902985 0.06870398797465824 0.38832092645
7276 -0.1397754823773744 0.05569294106146958 0.38832092645
7277 -0.129124201522389 0.04491012337266867 0.38832092645
7278 -0.1167835362476433 0.03608929513216928 0.38832092645
7279 -0.1034288101629257 0.02888373211295407 0.38832092645
7280 -0.08942999230062242 0.0230199284492681 0.38832092645
7281 -0.07500330510099816 0.01830139117049539 0.38832092645
7282 -0.06028455523771945 0.01458957830500403 0.38832092645
7283 -0.04536535410610425 0.01178753893821657 0.38832092645
7284 -0.03031192953466259 0.009828688647842414 0.38832092645
7285 -0.01517573338401685 0.008669655371811819 0.38832092645
7286 -0.1496686036176323 0.06848590626562787 0.38832092645
7287 -0.1418351126301096 0.05528313799023994 0.38832092645
7288 -0.1310268822161192 0.04434143251102692 0.38832092645
7289 -0.1185043738394364 0.0353906269367002 0.38832092645
7290 -0.1049528621861623 0.02807888796076479 0.38832092645
7291 -0.09074776788652592 0.02212867953454262 0.38832092645
7292 -0.07610849947691031 0.01734061330877751 0.38832092645
7293 -0.06117286477808913 0.01357410585740637 0.38832092645
7294 -0.04603382509894373 0.01073077766685744 0.38832092645
7295 -0.030758584168466 0.008743063177783672 0.38832092645
7296 -0.01539935199687976 0.007566951227123413 0.38832092645
7297 -0.1518419863450095 0.06826782455659594 0.38832092645
7298 -0.1438947428828853 0.05487333491900735 0.38832092645
7299 -0.1329295629098865 0.04377274164938139 0.38832092645
7300 -0.1202252114312629 0.03469195874122691 0.38832092645
7301 -0.1064769142094283 0.02727404380857114 0.38832092645
7302 -0.0920655434724548 0.0212374306198129 0.38832092645
7303 -0.07721369385284371 0.01637983544705577 0.38832092645
7304 -0.0620611743184759 0.0125586334098054 0.38832092645
7305 -0.04670229609179603 0.009674016395495755 0.38832092645
7306 -0.03120523880227798 0.007657437707723272 0.38832092645
7307 -0.01562297060974696 0.006464247082434409 0.38832092645
7308 -0.1540153690723939 0.06804974284756286 0.38832092645
7309 -0.1459543731356679 0.05446353184777279 0.38832092645
7310 -0.1348322436036603 0.04320405078773303 0.38832092645
7311 -0.1219460490230953 0.03399329054575005 0.38832092645
7312 -0.1080009662326995 0.02646919965637333 0.38832092645
7313 -0.09338331905838818 0.02034618170507849 0.38832092645
7314 -0.07831888822878093 0.01541905758532887 0.38832092645
7315 -0.06294948385886569 0.01154316096219887 0.38832092645
7316 -0.04737076708465063 0.008617255124128167 0.38832092645
7317 -0.03165189343609148 0.006571812237656696 0.38832092645
7318 -0.01584658922261492 0.005361542937738991 0.38832092645
7319 -0.156188751799773 0.06783166113853008 0.38832092645
7320 -0.1480140033884455 0.05405372877653869 0.38832092645
7321 -0.1367349242974295 0.04263535992608532 0.38832092645
7322 -0.1236668866149236 0.03329462235027397 0.38832092645
7323 -0.1095250182559671 0.02566435550417637 0.38832092645
7324 -0.09470109464431849 0.01945493279034497 0.38832092645
7325 -0.07942408260471553 0.01445827972360286 0.38832092645
7326 -0.0638377933992534 0.01052768851459322 0.38832092645
7327 -0.04803923807750367 0.007560493852761415 0.38832092645
7328 -0.03209854806990392 0.005486186767590877 0.38832092645
7329 -0.01607020783548236 0.004258838793044249 0.38832092645
7330 0.01517573345213434 0.008669655375265234 0.38832092645
7331 0.03031192967441203 0.009828688662216565 0.38832092645
7332 0.04536535422362658 0.01178753895680173 0.38832092645
7333 0.06028455544520945 0.01458957835038076 0.38832092645
7334 0.07500330537367944 0.01830139124891253 0.38832092645
7335 0.089429992639508 0.02301992857453476 0.38832092645
7336 0.1034288105612247 0.02888373230150865 0.38832092645
7337 0.1167835365734137 0.03608929533276452 0.38832092645
7338 0.1291242017165078 0.04491012353503541 0.38832092645
7339 0.1397754824786618 0.05569294118873461 0.38832092645
7340 0.1474952209206355 0.0687039880502421 0.38832092645
7341 0.01539935206696967 0.00756695123067682 0.38832092645
7342 0.03075858431207387 0.008743063192554683 0.38832092645
7343 0.0460338252208665 0.01073077768613849 0.38832092645
7344 0.06117286498375406 0.01357410590238396 0.38832092645
7345 0.07610849974856654 0.01734061338689986 0.38832092645
7346 0.09074776822747754 0.02212867966057298 0.38832092645
7347 0.1049528625893436 0.02807888815163066 0.38832092645
7348 0.1185043741692607 0.0353906271397916 0.38832092645
7349 0.1310268824139938 0.04434143267653515 0.38832092645
7350 0.1418351127334988 0.05528313812014596 0.38832092645
7351 0.1496686036485625 0.0684859063426897 0.38832092645
7352 0.01562297068180929 0.006464247086087815 0.38832092645
7353 0.03120523894974427 0.007657437722891146 0.38832092645
7354 0.04670229621811926 0.009674016415472685 0.38832092645
7355 0.06206117452231577 0.01255863345438386 0.38832092645
7356 0.07721369412347487 0.01637983552488333 0.38832092645
7357 0.09206554381547255 0.02123743074660699 0.38832092645
7358 0.1064769146174919 0.02727404400174832 0.38832092645
7359 0.1202252117651411 0.03469195894681448 0.38832092645
7360 0.1329295631115169 0.04377274181803112 0.38832092645
7361 0.1438947429883764 0.05487333505155438 0.38832092645
7362 0.1518419863765329 0.06826782463513566 0.38832092645
7363 0.01584658929664968 0.005361542941492393 0.38832092645
7364 0.03165189358741621 0.006571812253221433 0.38832092645
7365 0.04737076721537431 0.008617255144800995 0.38832092645
7366 0.06294948406088051 0.01154316100637821 0.38832092645
7367 0.07831888849838696 0.01541905766286164 0.38832092645
7368 0.09338331940347204 0.0203461818326363 0.38832092645
7369 0.1080009666456454 0.02646919985186179 0.38832092645
7370 0.1219460493610272 0.0339932907538338 0.38832092645
7371 0.1348322438090465 0.04320405095952425 0.38832092645
7372 0.1459543732432609 0.05446353198296078 0.38832092645
7373 0.1540153691045104 0.06804974292758055 0.38832092645
7374 0.01607020791148955 0.004258838796897646 0.38832092645
7375 0.03209854822508709 0.005486186783552484 0.38832092645
7376 0.04803923821262779 0.007560493874130138 0.38832092645
7377 0.06383779359944314 0.01052768855837343 0.38832092645
7378 0.07942408287329651 0.01445827980084084 0.38832092645
7379 0.09470109499146839 0.01945493291866649 0.38832092645
7380 0.1095250186737953 0.02566435570197612 0.38832092645
7381 0.1236668869569094 0.03329462256085388 0.38832092645
7382 0.1367349245065716 0.04263536010101802 0.38832092645
7383 0.1480140034981405 0.05405372891436769 0.38832092645
7384 0.1561887518324828 0.06783166122002571 0.38832092645
7385 0.159447488618279 0.099503253045815 0.38832092645
7386 0.151102181480129 0.1135686494911738 0.38832092645
7387 0.1395877746183021 0.1252252522630627 0.38832092645
7388 0.126247084147919 0.1347608758764549 0.38832092645
7389 0.1118101585093644 0.1425503413271857 0.38832092645
7390 0.09667694714936985 0.1488893180210675 0.38832092645
7391 0.08108119408266772 0.153990221726602 0.38832092645
7392 0.06516971107150706 0.1580028211567044 0.38832092645
7393 0.04904153316632777 0.1610319236497345 0.38832092645
7394 0.03276825520464523 0.1631495092572767 0.38832092645
7395 0.01640549816927105 0.1644024647358978 0.38832092645
7396 0.1605328427113893 0.09961215971617479 0.38832092645
7397 0.1521307293279496 0.1137732988764476 0.38832092645
7398 0.1405379442577231 0.1255092477802603 0.38832092645
7399 0.1271064441255786 0.1351097800852392 0.38832092645
7400 0.11257124678525 0.1429522681846936 0.38832092645
7401 0.09733502412448408 0.149334394097054 0.38832092645
7402 0.08163311125279174 0.1544700194955012 0.38832092645
7403 0.06561331927129091 0.1585099325655503 0.38832092645
7404 0.04937535735828349 0.1615596540656926 0.38832092645
7405 0.03299130769994525 0.1636916540126665 0.38832092645
7406 0.01651716988563562 0.1649531383203859 0.38832092645
7407 -0.0164054982365067 0.1644024647324891 0.38832092645
7408 -0.03276825534999991 0.1631495092423261 0.38832092645
7409 -0.04904153343870018 0.1610319236066611 0.38832092645
7410 -0.06516971138583762 0.1580028210879623 0.38832092645
7411 -0.08108119447745978 0.1539902216130684 0.38832092645
7412 -0.0966769476055115 0.148889317852458 0.38832092645
7413 -0.111810159026136 0.1425503410825462 0.38832092645
7414 -0.1262470845761834 0.1347608756127484 0.38832092645
7415 -0.1395877748723345 0.1252252520505824 0.38832092645
7416 -0.1511021816288239 0.1135686493043424 0.38832092645
7417 -0.159447488652696 0.09950325296006597 0.38832092645
7418 -0.0165171699516824 0.1649531383170376 0.38832092645
7419 -0.03299130784302474 0.1636916539979499 0.38832092645
7420 -0.04937535762948705 0.1615596540228041 0.38832092645
7421 -0.06561331958380254 0.158509932497206 0.38832092645
7422 -0.08163311164656582 0.1544700193822604 0.38832092645
7423 -0.0973350245806269 0.1493343939284441 0.38832092645
7424 -0.1125712472993706 0.142952267941309 0.38832092645
7425 -0.1271064445544651 0.1351097798211496 0.38832092645
7426 -0.1405379445147877 0.1255092475652436 0.38832092645
7427 -0.1521307294790679 0.1137732986865713 0.38832092645
7428 -0.1605328427463771 0.09961215962900369 0.38832092645
7429 -0.159447488620501 0.06750467275971953 0.38832092645
7430 -0.1511021814882453 0.05343927631902225 0.38832092645
7431 -0.1395877746293698 0.04178267354619228 0.38832092645
7432 -0.126247084175605 0.0322470499405902 0.38832092645
7433 -0.1118101585426265 0.02445758448855737 0.38832092645
7434 -0.09667694719341222 0.01811860779520873 0.38832092645
7435 -0.08108119413630235 0.01301770408881803 0.38832092645
7436 -0.06516971112397162 0.009005104654764839 0.38832092645
7437 -0.04904153326422937 0.005976002165742955 0.38832092645
7438 -0.03276825519933955 0.003858416542172331 0.38832092645
7439 -0.01640549816490733 0.002605461063875436 0.38832092645
7440 -0.1605328427138446 0.06739576608994187 0.38832092645
7441 -0.1521307293352625 0.05323462693273996 0.38832092645
7442 -0.1405379442675365 0.04149867802794704 0.38832092645
7443 -0.1271064441444543 0.03189814572638253 0.38832092645
7444 -0.1125712468060149 0.02405565762513525 0.38832092645
7445 -0.09733502415657269 0.01767353171480582 0.38832092645
7446 -0.08163311129195207 0.01253790631575888 0.38832092645
7447 -0.0656133193083001 0.0084979932425416 0.38832092645
7448 -0.04937535745810052 0.005448271750090612 0.38832092645
7449 -0.03299130769496171 0.003316271786818762 0.38832092645
7450 -0.01651716988146436 0.002054787479400341 0.38832092645
7451 0.01640549824081681 0.00260546106772388 0.38832092645
7452 0.03276825535401584 0.003858416558081796 0.38832092645
7453 0.04904153339627647 0.005976002186625078 0.38832092645
7454 0.06516971132960998 0.009005104699736619 0.38832092645
7455 0.08108119440947986 0.01301770416737789 0.38832092645
7456 0.09667694754512154 0.01811860792521559 0.38832092645
7457 0.1118101589662185 0.0244575846890857 0.38832092645
7458 0.1262470845187276 0.03224705015187004 0.38832092645
7459 0.1395877748460097 0.04178267372739637 0.38832092645
7460 0.1511021816027051 0.05343927646283816 0.38832092645
7461 0.1594474886538703 0.06750467284285852 0.38832092645
7462 0.01651716995530371 0.002054787483143835 0.38832092645
7463 0.0329913078452727 0.00331627180227923 0.38832092645
7464 0.04937535758267016 0.005448271769790236 0.38832092645
7465 0.06561331952121219 0.008497993289104111 0.38832092645
7466 0.08163311157075127 0.0125379063959354 0.38832092645
7467 0.0973350245107753 0.01767353184573432 0.38832092645
7468 0.1125712472304884 0.02405565782608086 0.38832092645
7469 0.1271064444846597 0.03189814593586614 0.38832092645
7470 0.1405379444879183 0.04149867821228102 0.38832092645
7471 0.1521307294523852 0.05323462707990183 0.38832092645
7472 0.1605328427472803 0.06739576617324626 0.38832092645
7473 0.1626806817180204 0.09982767831629998 0.38832092645
7474 0.1541661527846582 0.1141782855419142 0.38832092645
7475 0.1424182627784052 0.126071254826035 0.38832092645
7476 0.1288070567609785 0.1358002368275789 0.38832092645
7477 0.114077386666621 0.1437476529999139 0.38832092645
7478 0.09863731192939935 0.150215168160936 0.38832092645
7479 0.08272531630471573 0.1554195053346337 0.38832092645
7480 0.06649118852938887 0.1595134701653338 0.38832092645
7481 0.0500359718317056 0.1626039952208334 0.38832092645
7482 0.03343271281639239 0.1647645201259267 0.38832092645
7483 0.01673816031649263 0.1660428823829485 0.38832092645
7484 -0.01673816038164954 0.1660428823796453 0.38832092645
7485 -0.03343271295783887 0.1647645201113781 0.38832092645
7486 -0.05003597210050563 0.1626039951783249 0.38832092645
7487 -0.06649118881773716 0.1595134701022739 0.38832092645
7488 -0.08272531667473605 0.155419505228224 0.38832092645
7489 -0.09863731235994799 0.1502151680017867 0.38832092645
7490 -0.1140773871576218 0.1437476527674743 0.38832092645
7491 -0.1288070571675305 0.135800236577242 0.38832092645
7492 -0.1424182630405718 0.1260712546067509 0.38832092645
7493 -0.1541661529411495 0.1141782853452868 0.38832092645
7494 -0.1626806817540613 0.09982767822650507 0.38832092645
7495 -0.1626806817245112 0.06718024749003385 0.38832092645
7496 -0.1541661528045951 0.05282964026464941 0.38832092645
7497 -0.1424182628052055 0.04093667097072759 0.38832092645
7498 -0.1288070567760294 0.03120768895017133 0.38832092645
7499 -0.1140773866857095 0.02326027277281546 0.38832092645
7500 -0.09863731196186876 0.01679275761086119 0.38832092645
7501 -0.08272531634698749 0.01158842043418135 0.38832092645
7502 -0.06649118857144445 0.007494455598054849 0.38832092645
7503 -0.05003597192974835 0.004403930547000116 0.38832092645
7504 -0.03343271280950905 0.002243405624392089 0.38832092645
7505 -0.0167381603114195 0.0009650433670506742 0.38832092645
7506 0.0167381603871153 0.0009650433708882859 0.38832092645
7507 0.03343271296392546 0.002243405640274827 0.38832092645
7508 0.05003597205953735 0.004403930567525142 0.38832092645
7509 0.06649118878360051 0.007494455644452017 0.38832092645
7510 0.08272531662717625 0.01158842051475748 0.38832092645
7511 0.09863731231695567 0.01679275774211657 0.38832092645
7512 0.1140773871158161 0.02326027297642779 0.38832092645
7513 0.1288070571231369 0.03120768916390497 0.38832092645
7514 0.142418263023842 0.04093667115360174 0.38832092645
7515 0.1541661529219543 0.05282964041210848 0.38832092645
7516 0.1626806817578765 0.06718024757316296 0.38832092645
7517 -0.2290286538420497 0.01013732098058485 0.40628841945
7518 -0.2071751424661229 0.05825495615276711 0.40628841945
7519 -0.2523154077141741 0.04202072814703827 0.40628841945
7520 -0.1971452466896637 0.03342407485076852 0.40628841945
7521 -0.2286679374402605 0.06407469236651471 0.40628841945
7522 -0.2451073624417246 0.02001567735219529 0.40628841945
7523 -0.2070236030610396 0.01734536624694857 0.40628841945
7524 -0.2418088726840163 0.05806390242998563 0.40628841945
7525 -0.216688371432137 0.01149266289653772 0.40628841945
7526 -0.2233189275544839 0.01698248623670867 0.40628841945
7527 -0.2509600657951137 0.02968044573012902 0.40628841945
7528 -0.2438538657714217 0.03573364984494114 0.40628841945
7529 -0.1993319028791884 0.04651671859514826 0.40628841945
7530 -0.2048179254819454 0.0400729831067669 0.40628841945
7531 -0.2388575036234964 0.01426333653930723 0.40628841945
7532 -0.2171527550083985 0.06330955236695994 0.40628841945
7533 -0.2149786378230389 0.05453325963169481 0.40628841945
7534 -0.2480996523456207 0.05184450159968407 0.40628841945
7535 -0.2012712622495978 0.02359522506510252 0.40628841945
7536 -0.2362968609481013 0.0223175877720506 0.40628841945
7537 -0.2101215040512923 0.02573325024960696 0.40628841945
7538 -0.2385468676290395 0.04975745610826061 0.40628841945
7539 -0.2332939643820826 0.05620552011625372 0.40628841945
7540 -0.2295081697109074 0.04768301688728272 0.40628841945
7541 -0.2074514932915053 0.04968784147070973 0.40628841945
7542 -0.2147707235459168 0.04409012982919749 0.40628841945
7543 -0.2139351009971523 0.03460566238606481 0.40628841945
7544 -0.2211607154314447 0.02739364844731627 0.40628841945
7545 -0.2325229244926608 0.03066227387283733 0.40628841945
7546 -0.2357297164061914 0.04091591736169338 0.40628841945
7547 -0.2239508801888213 0.05721823506307146 0.40628841945
7548 -0.2148780685510163 0.01848308887483006 0.40628841945
7549 -0.2432071148276573 0.02705949977338963 0.40628841945
7550 -0.2051114372888035 0.03149248424837647 0.40628841945
7551 -0.2441396853046693 0.04402080928218492 0.40628841945
7552 -0.2311300826316317 0.01754464341118698 0.40628841945
7553 -0.2026527990191557 0.05435269736717925 0.40628841945
7554 -0.2367339645052663 0.06262012596334915 0.40628841945
7555 -0.2496981708185659 0.02405207236917559 0.40628841945
7556 -0.2112221266917949 0.01260205287548493 0.40628841945
7557 -0.2223710671357408 0.009325462334149274 0.40628841945
7558 -0.2225181911055513 0.06549544884952715 0.40628841945
7559 -0.2528039910247279 0.03524767103427312 0.40628841945
7560 -0.1959137263806101 0.04054324993038353 0.40628841945
7561 -0.2113654251654577 0.06225964557165461 0.40628841945
7562 -0.2286752064911967 0.02327794439923815 0.40628841945
7563 -0.2217594203751166 0.04815476718358067 0.40628841945
7564 -0.2247303272 0.0377224015 0.40628841945
7565 -0.190604502729048 0.0445104500485342 0.40628841945
7566 -0.1925845034646491 0.05103763770879005 0.40628841945
7567 -0.1957998501898005 0.05705312830690555 0.40628841945
7568 -0.2001269789179203 0.06232574989472929 0.40628841945
7569 -0.205399600490367 0.06665287857522402 0.40628841945
7570 -0.211415091061202 0.06986822526439283 0.40628841945
7571 -0.2179422786880952 0.07184822597830412 0.40628841945
7572 -0.1898666049018697 0.04465722705161 0.40628841945
7573 -0.1918894189086335 0.0513255511540288 0.40628841945
7574 -0.1951742906146286 0.05747111384474182 0.40628841945
7575 -0.1995949842305844 0.06285774457942259 0.40628841945
7576 -0.2049816149517591 0.06727843814982611 0.40628841945
7577 -0.2111271776214767 0.07056330982259863 0.40628841945
7578 -0.2177955016858786 0.07258612380553037 0.40628841945
7579 -0.2315183757432469 0.07184822597207641 0.40628841945
7580 -0.2380455633955266 0.069868225240912 0.40628841945
7581 -0.2440610539883368 0.06665287852266798 0.40628841945
7582 -0.2493336755879598 0.06232574978890412 0.40628841945
7583 -0.2536608042890867 0.05705312818893424 0.40628841945
7584 -0.2568761509690497 0.05103763762759628 0.40628841945
7585 -0.2588561516793814 0.04451045000652218 0.40628841945
7586 -0.2316651527575541 0.07258612379688541 0.40628841945
7587 -0.2383334768596913 0.07056330978896315 0.40628841945
7588 -0.244479039543265 0.06727843808630536 0.40628841945
7589 -0.2498656702766706 0.06285774447212028 0.40628841945
7590 -0.254286363859565 0.05747111373362417 0.40628841945
7591 -0.2575712355210759 0.0513255510821642 0.40628841945
7592 -0.2595940495052294 0.044657227015606 0.40628841945
7593 -0.2588561516699098 0.03093435294586194 0.40628841945
7594 -0.2568761509357392 0.02440716529198628 0.40628841945
7595 -0.2536608042186039 0.01839167470558182 0.40628841945
7596 -0.2493336754734866 0.01311905309662387 0.40628841945
7597 -0.2440610538909894 0.008791924412287794 0.40628841945
7598 -0.2380455633119479 0.005576577724469985 0.40628841945
7599 -0.23151837569889 0.003596577019101995 0.40628841945
7600 -0.2595940494968894 0.03078757594246648 0.40628841945
7601 -0.2575712354893077 0.02411925184114166 0.40628841945
7602 -0.2542863637910449 0.01797368916382944 0.40628841945
7603 -0.2498656701644861 0.01258705841569646 0.40628841945
7604 -0.2444790394414096 0.008166364845638459 0.40628841945
7605 -0.2383334767672205 0.004881493172735785 0.40628841945
7606 -0.2316651527092749 0.002858679193512993 0.40628841945
7607 -0.2179422786407281 0.003596577031119264 0.40628841945
7608 -0.2114150909972829 0.005576577762084714 0.40628841945
7609 -0.2053996004078113 0.008791924479939175 0.40628841945
7610 -0.2001269788034928 0.01311905321969934 0.40628841945
7611 -0.1957998501134523 0.01839167480735857 0.40628841945
7612 -0.1925845034292147 0.0244071653767569 0.40628841945
7613 -0.1906045027209239 0.0309343529923086 0.40628841945
7614 -0.217795501631387 0.002858679205310382 0.40628841945
7615 -0.2111271775363446 0.004881493212665823 0.40628841945
7616 -0.2049816148588887 0.008166364912229294 0.40628841945
7617 -0.1995949841096074 0.01258705854155574 0.40628841945
7618 -0.1951742905388026 0.01797368926874112 0.40628841945
7619 -0.1918894188742248 0.02411925192904218 0.40628841945
7620 -0.1898666048941808 0.03078757598704546 0.40628841945
7621 -0.1884307290726072 0.0449428405127514 0.40628841945
7622 -0.1905368534530465 0.05188580211085376 0.40628841945
7623 -0.1939570138622323 0.05828447216330521 0.40628841945
7624 -0.1985597754521199 0.06389295336576661 0.40628841945
7625 -0.2041682566365649 0.06849571490450083 0.40628841945
7626 -0.2105669266748627 0.07191587528246193 0.40628841945
7627 -0.2175098882234495 0.07402199963459821 0.40628841945
7628 -0.2319507662148486 0.07402199957600114 0.40628841945
7629 -0.2388937278120625 0.07191587519233789 0.40628841945
7630 -0.2452923978486593 0.06849571478742356 0.40628841945
7631 -0.2509008790317236 0.06389295321121621 0.40628841945
7632 -0.2555036405750928 0.05828447201745299 0.40628841945
7633 -0.2589238009329572 0.05188580201399881 0.40628841945
7634 -0.2610299252855869 0.04494284046665818 0.40628841945
7635 -0.2610299253268681 0.0305019624845859 0.40628841945
7636 -0.2589238009448688 0.02355900088410307 0.40628841945
7637 -0.2555036405325749 0.01716033082891807 0.40628841945
7638 -0.2509008789436585 0.01155184963000936 0.40628841945
7639 -0.2452923977669708 0.006949088097860915 0.40628841945
7640 -0.2388937277407769 0.003528927724016662 0.40628841945
7641 -0.2319507661894419 0.001422803367967324 0.40628841945
7642 -0.2175098881862142 0.001422803372810092 0.40628841945
7643 -0.2105669265838441 0.003528927755240861 0.40628841945
7644 -0.2041682565457194 0.00694908815620175 0.40628841945
7645 -0.1985597753335965 0.01155184975275808 0.40628841945
7646 -0.1939570137895062 0.01716033094553816 0.40628841945
7647 -0.1905368534204621 0.02355900096781308 0.40628841945
7648 -0.188430729065606 0.03050196252244695 0.40628841945
7649 0.2290286538436137 0.065307482019893 0.40628841945
7650 0.2055095755037339 0.01755455103752144 0.40628841945
7651 0.2523154077123899 0.03342407485314252 0.40628841945
7652 0.1973672163750827 0.04161361879607126 0.40628841945
7653 0.2279196537172137 0.0108970681728119 0.40628841945
7654 0.2451073624431818 0.05542912564597605 0.40628841945
7655 0.206528037216894 0.05790516116069231 0.40628841945
7656 0.2413278492201896 0.01718165412203582 0.40628841945
7657 0.2509600657965569 0.04576435726861766 0.40628841945
7658 0.2452776086726587 0.03963766812462639 0.40628841945
7659 0.2011137356015133 0.0257098965054185 0.40628841945
7660 0.2098037444884519 0.0264273175432038 0.40628841945
7661 0.2166210919423403 0.0635832212428625 0.40628841945
7662 0.2221250700486027 0.05733598990438912 0.40628841945
7663 0.2166883714575948 0.01149266287349781 0.40628841945
7664 0.2388575036245091 0.06118146645969709 0.40628841945
7665 0.2008484565063663 0.05156895857125587 0.40628841945
7666 0.2066228161601094 0.04322729699934189 0.40628841945
7667 0.2480309347037123 0.02357183761930068 0.40628841945
7668 0.2230817957031485 0.0176677523047276 0.40628841945
7669 0.2384815909201995 0.02537254885521441 0.40628841945
7670 0.2367343817558958 0.05228697779490311 0.40628841945
7671 0.2321909823227316 0.01832226391733083 0.40628841945
7672 0.2287727136168666 0.02702068815309666 0.40628841945
7673 0.2043216838147145 0.03449036096573658 0.40628841945
7674 0.2136628279229403 0.0360934094235625 0.40628841945
7675 0.2163599455689461 0.0462227473134775 0.40628841945
7676 0.2364175331391981 0.03417031726809498 0.40628841945
7677 0.2272600863627225 0.04870543431444253 0.40628841945
7678 0.2191150422166722 0.02729568897758204 0.40628841945
7679 0.213356870086708 0.05655003596879316 0.40628841945
7680 0.2441013071657308 0.048062677949724 0.40628841945
7681 0.2360268148063832 0.04376049993533018 0.40628841945
7682 0.2441046150296317 0.0312352893440758 0.40628841945
7683 0.2141923031972428 0.01873151530989192 0.40628841945
7684 0.2308714211833719 0.05757314250502343 0.40628841945
7685 0.207985983899578 0.05088165275701202 0.40628841945
7686 0.1973597623401897 0.03387062652682156 0.40628841945
7687 0.2338478236999093 0.01162919836169678 0.40628841945
7688 0.2108053179351598 0.062647775604246 0.40628841945
7689 0.2498770092876405 0.05132820557325375 0.40628841945
7690 0.2221018407537753 0.009614464979963927 0.40628841945
7691 0.253088739604979 0.04018243495906482 0.40628841945
7692 0.2221188397408807 0.06582029152283413 0.40628841945
7693 0.2107821681375665 0.01269357510299306 0.40628841945
7694 0.2247303272 0.0377224015 0.40628841945
7695 0.258856151670228 0.04451045005253908 0.40628841945
7696 0.2568761509374005 0.05103763770400389 0.40628841945
7697 0.2536608042213848 0.05705312829025725 0.40628841945
7698 0.2493336754764558 0.06232574990040805 0.40628841945
7699 0.2440610538914966 0.06665287858737455 0.40628841945
7700 0.2380455633105313 0.06986822527611822 0.40628841945
7701 0.2315183756982383 0.07184822598102913 0.40628841945
7702 0.2595940494971665 0.04465722705614062 0.40628841945
7703 0.2575712354912121 0.05132555115426196 0.40628841945
7704 0.2542863637936258 0.05747111383230923 0.40628841945
7705 0.2498656701677294 0.06285774458106141 0.40628841945
7706 0.2444790394425922 0.06727843815357273 0.40628841945
7707 0.2383334767669258 0.07056330982738786 0.40628841945
7708 0.2316651527086352 0.07258612380661594 0.40628841945
7709 0.2179422786567692 0.07184822597207301 0.40628841945
7710 0.2114150910045048 0.06986822524090808 0.40628841945
7711 0.2053996004117085 0.0666528785226661 0.40628841945
7712 0.2001269788102686 0.0623257497870775 0.40628841945
7713 0.1957998501189201 0.05705312820082572 0.40628841945
7714 0.1925845034339147 0.0510376376345906 0.40628841945
7715 0.1906045027217164 0.04451045001167563 0.40628841945
7716 0.217795501643656 0.07258612379713175 0.40628841945
7717 0.2111271775425876 0.07056330978992165 0.40628841945
7718 0.2049816148598088 0.0672784380883869 0.40628841945
7719 0.1995949841231517 0.06285774447198983 0.40628841945
7720 0.1951742905465254 0.05747111374281808 0.40628841945
7721 0.191889418881726 0.05132555108906831 0.40628841945
7722 0.1898666048957681 0.0446572270209348 0.40628841945
7723 0.1906045027291452 0.03093435295097751 0.40628841945
7724 0.1925845034646027 0.02440716529132278 0.40628841945
7725 0.1957998501884308 0.01839167469514533 0.40628841945
7726 0.2001269789189224 0.01311905310426973 0.40628841945
7727 0.2053996004891184 0.008791924425611469 0.40628841945
7728 0.211415091063034 0.005576577734849694 0.40628841945
7729 0.2179422786883149 0.003596577021653644 0.40628841945
7730 0.1898666049020365 0.03078757594755245 0.40628841945
7731 0.191889418909684 0.02411925184343614 0.40628841945
7732 0.1951742906151342 0.01797368915450276 0.40628841945
7733 0.1995949842328443 0.01258705841831884 0.40628841945
7734 0.2049816149520638 0.008166364849971693 0.40628841945
7735 0.2111271776228065 0.004881493176852141 0.40628841945
7736 0.2177955016856745 0.00285867919451194 0.40628841945
7737 0.231518375760363 0.003596577031329717 0.40628841945
7738 0.2380455634047739 0.005576577762919737 0.40628841945
7739 0.2440610539949683 0.008791924481764257 0.40628841945
7740 0.2493336756014939 0.01311905322463115 0.40628841945
7741 0.2536608042893735 0.0183916748114961 0.40628841945
7742 0.2568761509709443 0.02440716537697852 0.40628841945
7743 0.2588561516794933 0.03093435299404101 0.40628841945
7744 0.2316651527720912 0.002858679206007898 0.40628841945
7745 0.2383334768702071 0.004881493215394231 0.40628841945
7746 0.2444790395499534 0.008166364918165093 0.40628841945
7747 0.2498656703040717 0.01258705855528216 0.40628841945
7748 0.2542863638670328 0.01797368927755315 0.40628841945
7749 0.2575712355234734 0.02411925192362472 0.40628841945
7750 0.2595940495053302 0.03078757598490214 0.40628841945
7751 0.2610299253270766 0.04494284051436637 0.40628841945
7752 0.2589238009460492 0.05188580211304821 0.40628841945
7753 0.2555036405330363 0.05828447217039277 0.40628841945
7754 0.2509008789430795 0.06389295337057103 0.40628841945
7755 0.2452923977647523 0.06849571490362295 0.40628841945
7756 0.2388937277390731 0.07191587527669069 0.40628841945
7757 0.2319507661889497 0.07402199963213232 0.40628841945
7758 0.2175098881837094 0.07402199957571386 0.40628841945
7759 0.210566926585221 0.07191587519121151 0.40628841945
7760 0.2041682565476738 0.0684957147849711 0.40628841945
7761 0.1985597753613434 0.06389295320427943 0.40628841945
7762 0.1939570138346096 0.05828447203196715 0.40628841945
7763 0.1905368534698889 0.05188580202085853 0.40628841945
7764 0.1884307291147175 0.04494284046816267 0.40628841945
7765 0.1884307290726664 0.03050196248695148 0.40628841945
7766 0.1905368534536708 0.02355900088764018 0.40628841945
7767 0.1939570138619396 0.01716033083713394 0.40628841945
7768 0.1985597754541414 0.01155184963221326 0.40628841945
7769 0.2041682566379139 0.00694908809459934 0.40628841945
7770 0.210566926675917 0.003528927717103007 0.40628841945
7771 0.2175098882235101 0.001422803365391479 0.40628841945
7772 0.2319507662192585 0.001422803373898225 0.40628841945
7773 0.2388937278264664 0.003528927759510431 0.40628841945
7774 0.2452923978681997 0.006949088165499915 0.40628841945
7775 0.2509008790905791 0.01155184977692979 0.40628841945
7776 0.2555036406196622 0.01716033095925336 0.40628841945
7777 0.2589238009784108 0.02355900096508063 0.40628841945
7778 0.2610299253337116 0.0305019625189903 0.40628841945
7779 -0.08511400914432295 0.0174345368970429 -0.5189309090500001
7780 -0.1077955187503721 0.07133750885088339 -0.5189309090500001
7781 -0.01813484405161635 0.05488029896437478 -0.5189309090500001
7782 -0.05916602070665196 0.1044213725943743 -0.5189309090500001
7783 -0.02864093269479811 0.08792687878447067 -0.5189309090500001
7784 -0.03349567229675944 0.02317165234045203 -0.5189309090500001
7785 -0.08596904696856329 0.1000431372008551 -0.5189309090500001
7786 -0.05947258567020208 0.01349268379159033 -0.5189309090500001
7787 -0.1045727016360282 0.03951681445913306 -0.5189309090500001
7788 -0.02029862664016708 0.07206946305368295 -0.5189309090500001
7789 -0.04195891400854668 0.09920828682451659 -0.5189309090500001
7790 -0.02379054858978947 0.03741891382727397 -0.5189309090500001
7791 -0.1004894815025589 0.08735389870797974 -0.5189309090500001
7792 -0.1092687518536494 0.0550519187836617 -0.5189309090500001
7793 -0.02223466990650301 0.08166558291349706 -0.5189309090500001
7794 -0.03025720126694963 0.07725126189749359 -0.5189309090500001
7795 -0.0298711640364157 0.0673945150411113 -0.5189309090500001
7796 -0.03922825764180346 0.07173107023812611 -0.5189309090500001
7797 -0.03822555442084057 0.06200010302585968 -0.5189309090500001
7798 -0.04090370522567856 0.08198625595873568 -0.5189309090500001
7799 -0.04869710198341289 0.07568972840985552 -0.5189309090500001
7800 -0.0507124874458285 0.0855082837636377 -0.5189309090500001
7801 -0.0581038171876103 0.07929322878566167 -0.5189309090500001
7802 -0.05980335743778847 0.08879744561040455 -0.5189309090500001
7803 -0.06740470163894111 0.08284569788571469 -0.5189309090500001
7804 -0.06898464649491604 0.09212726128026186 -0.5189309090500001
7805 -0.07651343533597145 0.08616066923937644 -0.5189309090500001
7806 -0.07511910443092618 0.07656725454292518 -0.5189309090500001
7807 -0.08419448490472721 0.0798741369493767 -0.5189309090500001
7808 -0.08287562351483227 0.07028955217816235 -0.5189309090500001
7809 -0.09187432453921053 0.07344493044031644 -0.5189309090500001
7810 -0.09067422628214944 0.06404046318847291 -0.5189309090500001
7811 -0.0815139353624509 0.06043959522150585 -0.5189309090500001
7812 -0.08918451485799866 0.05419225537202733 -0.5189309090500001
7813 -0.08001111776921885 0.05056957186706537 -0.5189309090500001
7814 -0.08755541472132469 0.0443349185311304 -0.5189309090500001
7815 -0.07831610819424084 0.04071737137180961 -0.5189309090500001
7816 -0.08583327202282583 0.03483365454072 -0.5189309090500001
7817 -0.07658573992083938 0.03124955057638354 -0.5189309090500001
7818 -0.06894624720093481 0.0371834614583194 -0.5189309090500001
7819 -0.06754409170584987 0.02749639296336603 -0.5189309090500001
7820 -0.05965013391248494 0.03353059060372821 -0.5189309090500001
7821 -0.06093252959855444 0.04309522520663834 -0.5189309090500001
7822 -0.05181737154016855 0.0397397720061797 -0.5189309090500001
7823 -0.05051584162121809 0.03015462905371926 -0.5189309090500001
7824 -0.04282343910329676 0.03654426068969644 -0.5189309090500001
7825 -0.04407270033148097 0.04606088656729503 -0.5189309090500001
7826 -0.09641898595019208 0.04730350167831938 -0.5189309090500001
7827 -0.05627895138924074 0.07008510026185402 -0.5189309090500001
7828 -0.03474525342738818 0.04245551082386274 -0.5189309090500001
7829 -0.02849340440901205 0.05789852397134158 -0.5189309090500001
7830 -0.075208386834347 0.02062526239001387 -0.5189309090500001
7831 -0.05274725247560612 0.09581047101072741 -0.5189309090500001
7832 -0.05315780924944752 0.04947695212345807 -0.5189309090500001
7833 -0.05878765763995729 0.02385720031299118 -0.5189309090500001
7834 -0.05053080865117541 0.02084029383812136 -0.5189309090500001
7835 -0.07039331525892965 0.04661920992502298 -0.5189309090500001
7836 -0.0990612091348423 0.05706696032042059 -0.5189309090500001
7837 -0.07218272166179833 0.06603565678459124 -0.5189309090500001
7838 -0.06581096666036762 0.07303339185231825 -0.5189309090500001
7839 -0.04722131759378081 0.06601051374189501 -0.5189309090500001
7840 -0.04575934094151397 0.05607265628748099 -0.5189309090500001
7841 -0.03768023720992083 0.09095916021082125 -0.5189309090500001
7842 -0.08514622842072601 0.08994009067389641 -0.5189309090500001
7843 -0.03618599656830843 0.0519784646698584 -0.5189309090500001
7844 -0.03366527309865446 0.03292118740629135 -0.5189309090500001
7845 -0.02630087707543019 0.04800522351467383 -0.5189309090500001
7846 -0.09501890620031736 0.03731634449329792 -0.5189309090500001
7847 -0.09382818677146521 0.02832657933599825 -0.5189309090500001
7848 -0.09899458664843692 0.06720541868467947 -0.5189309090500001
7849 -0.05548625063700781 0.05989533261684979 -0.5189309090500001
7850 -0.07154616935858193 0.05567041574052434 -0.5189309090500001
7851 -0.02221251274268 0.06321721541996905 -0.5189309090500001
7852 -0.1102100603857475 0.04606233888923964 -0.5189309090500001
7853 -0.09367862186397725 0.09381053628816075 -0.5189309090500001
7854 -0.1117821502727193 0.06338987151520752 -0.5189309090500001
7855 -0.1067101554673828 0.0807980513168136 -0.5189309090500001
7856 -0.07767549348697006 0.09584903682101725 -0.5189309090500001
7857 -0.06933157737837831 0.1030235709623135 -0.5189309090500001
7858 -0.04995972381240044 0.1045480772316227 -0.5189309090500001
7859 -0.065949092093167 0.01917167386719877 -0.5189309090500001
7860 -0.09269320434976851 0.08248453070563742 -0.5189309090500001
7861 -0.04194878489582272 0.02680602511105474 -0.5189309090500001
7862 -0.04224728699888636 0.0173484123596839 -0.5189309090500001
7863 -0.07856970698387844 0.1044432001317336 -0.5189309090500001
7864 -0.07778551030191519 0.01218904444618161 -0.5189309090500001
7865 -0.08459599293578814 0.02582807490620791 -0.5189309090500001
7866 -0.01799211704854327 0.04514518335233532 -0.5189309090500001
7867 -0.09975954520962162 0.07710405645105167 -0.5189309090500001
7868 -0.02649781261284176 0.02821373266308429 -0.5189309090500001
7869 -0.06122621389909388 0.05140874844496061 -0.5189309090500001
7870 -0.06197915202614049 0.09681255455651862 -0.5189309090500001
7871 -0.1019048761000683 0.02958259841448644 -0.5189309090500001
7872 -0.06893727691503485 0.01088332024294311 -0.5189309090500001
7873 -0.05103708820023615 0.01259562950441812 -0.5189309090500001
7874 -0.04530434582198131 0.09141397917274231 -0.5189309090500001
7875 -0.09304904000279281 0.02056391347783695 -0.5189309090500001
7876 -0.03288117107273425 0.09676427390156772 -0.5189309090500001
7877 -0.06308203457247626 0.06622921029588257 -0.5189309090500001
7878 -0.1039085927768299 0.04981652952710113 -0.5189309090500001
7879 -0.1046062876056472 0.06211074366301598 -0.5189309090500001
7880 -0.01504101229605653 0.06380715157331848 -0.5189309090500001
7881 -0.06394971219999999 0.0589497122 -0.5189309090500001
7882 -0.008956156457009003 0.06988861059426295 -0.5189309090500001
7883 -0.01214691543177668 0.08040713325490713 -0.5189309090500001
7884 -0.01732842685050672 0.09010105926073703 -0.5189309090500001
7885 -0.02430156812347702 0.09859785645196445 -0.5189309090500001
7886 -0.03279836529889286 0.1055709976561533 -0.5189309090500001
7887 -0.04249229126281832 0.1107525090169846 -0.5189309090500001
7888 -0.05301081387065633 0.1139432679559014 -0.5189309090500001
7889 -0.00823754881283276 0.07003155054083922 -0.5189309090500001
7890 -0.01147000183479785 0.08068752005349378 -0.5189309090500001
7891 -0.01671922070789321 0.09050811779510193 -0.5189309090500001
7892 -0.02378348088753954 0.09911594369419011 -0.5189309090500001
7893 -0.03239130677097961 0.1061802038030792 -0.5189309090500001
7894 -0.04221190447242559 0.1114294226173601 -0.5189309090500001
7895 -0.05286787392332511 0.1146618755999309 -0.5189309090500001
7896 -0.07488861058086098 0.1139432679116671 -0.5189309090500001
7897 -0.08540713324066562 0.1107525089380393 -0.5189309090500001
7898 -0.09510105924231273 0.105570997521711 -0.5189309090500001
7899 -0.1035978564359516 0.09859785624539175 -0.5189309090500001
7900 -0.1105709976343764 0.09010105907369589 -0.5189309090500001
7901 -0.1157525089902741 0.08040713311455674 -0.5189309090500001
7902 -0.1189432679233054 0.06988861052234382 -0.5189309090500001
7903 -0.0750315505291549 0.1146618755215195 -0.5189309090500001
7904 -0.08568752002842506 0.1114294225034275 -0.5189309090500001
7905 -0.09550811776050151 0.1061802036350481 -0.5189309090500001
7906 -0.1041159436537964 0.09911594345857509 -0.5189309090500001
7907 -0.111180203746105 0.09050811759429409 -0.5189309090500001
7908 -0.1164294225567425 0.08068751989971418 -0.5189309090500001
7909 -0.1196618755335898 0.07003155046848115 -0.5189309090500001
7910 -0.1189432679095741 0.04801081380862348 -0.5189309090500001
7911 -0.1157525089315674 0.0374922911437113 -0.5189309090500001
7912 -0.1105709975139062 0.02779836514600598 -0.5189309090500001
7913 -0.1035978562397465 0.01930156795840134 -0.5189309090500001
7914 -0.09510105907955968 0.01232842676953893 -0.5189309090500001
7915 -0.08540713311248037 0.007146915408862409 -0.5189309090500001
7916 -0.0748886105206289 0.003956156476349578 -0.5189309090500001
7917 -0.1196618755206437 0.04786787386643497 -0.5189309090500001
7918 -0.1164294224994334 0.03721190436192982 -0.5189309090500001
7919 -0.1111802036285905 0.02739130662983344 -0.5189309090500001
7920 -0.1041159434547153 0.01878348074234443 -0.5189309090500001
7921 -0.09550811759197192 0.01171922065234465 -0.5189309090500001
7922 -0.08568751989222684 0.006470001840158009 -0.5189309090500001
7923 -0.07503155045857128 0.003237548864441274 -0.5189309090500001
7924 -0.05301081381073524 0.003956156456015287 -0.5189309090500001
7925 -0.04249229114407894 0.007146915432196619 -0.5189309090500001
7926 -0.03279836514435507 0.01232842684710352 -0.5189309090500001
7927 -0.02430156794158096 0.01930156812992976 -0.5189309090500001
7928 -0.01732842673793054 0.02779836530774353 -0.5189309090500001
7929 -0.01214691538131891 0.03749229126690729 -0.5189309090500001
7930 -0.008956156443825816 0.04801081387201225 -0.5189309090500001
7931 -0.05286787386067782 0.0032375488125311 -0.5189309090500001
7932 -0.04221190434705237 0.006470001834571814 -0.5189309090500001
7933 -0.0323913066078425 0.01171922070592612 -0.5189309090500001
7934 -0.02378348069967053 0.01878348089367946 -0.5189309090500001
7935 -0.01671922059171105 0.0273913067787774 -0.5189309090500001
7936 -0.01147000178053134 0.03721190447751754 -0.5189309090500001
7937 -0.008237548799636483 0.04786787392550318 -0.5189309090500001
7938 -0.00682582168143343 0.07031236052162855 -0.5189309090500001
7939 -0.01014018395510955 0.08123834865269827 -0.5189309090500001
7940 -0.01552241623500125 0.09130779697609051 -0.5189309090500001
7941 -0.0227656823504435 0.1001337422384642 -0.5189309090500001
7942 -0.03159162758791768 0.1073770082745862 -0.5189309090500001
7943 -0.04166107587357229 0.1127592404971946 -0.5189309090500001
7944 -0.05258706394129141 0.1160736027310837 -0.5189309090500001
7945 -0.07531236051593101 0.1160736026687223 -0.5189309090500001
7946 -0.08623834863640618 0.1127592403975214 -0.5189309090500001
7947 -0.09630779694987912 0.1073770081223808 -0.5189309090500001
7948 -0.1051337422060277 0.1001337420112856 -0.5189309090500001
7949 -0.1123770082306745 0.09130779678780759 -0.5189309090500001
7950 -0.1177592404506961 0.08123834850803567 -0.5189309090500001
7951 -0.1210736026809533 0.07031236045445337 -0.5189309090500001
7952 -0.1210736026677715 0.04758706387927789 -0.5189309090500001
7953 -0.1177592403949347 0.03666107575734558 -0.5189309090500001
7954 -0.1123770081159868 0.02659162744055119 -0.5189309090500001
7955 -0.1051337420104811 0.01776568219316913 -0.5189309090500001
7956 -0.09630779678191369 0.01052241616538977 -0.5189309090500001
7957 -0.08623834849926595 0.005140183945674769 -0.5189309090500001
7958 -0.07531236044973783 0.00182582171811275 -0.5189309090500001
7959 -0.05258706387309476 0.001825821682483136 -0.5189309090500001
7960 -0.0416610757462121 0.005140183955561239 -0.5189309090500001
7961 -0.03159162742645968 0.010522416233298 -0.5189309090500001
7962 -0.02276568216257933 0.01776568234940129 -0.5189309090500001
7963 -0.01552241612450278 0.02659162758928327 -0.5189309090500001
7964 -0.0101401839031768 0.0366610758726794 -0.5189309090500001
7965 -0.006825821669535836 0.0475870639381854 -0.5189309090500001
7966 0.07633750885953271 0.1027955187518825 -0.5189309090500001
7967 0.02023957185177359 0.07220903826022347 -0.5189309090500001
7968 0.05988029896341109 0.01313484405663302 -0.5189309090500001
7969 0.1094213725954092 0.05416602070699912 -0.5189309090500001
7970 0.09292687878395536 0.02364093269684421 -0.5189309090500001
7971 0.02773022278408886 0.0288150753612184 -0.5189309090500001
7972 0.04440708112347692 0.09939623606512332 -0.5189309090500001
7973 0.1050431372040487 0.08096904697406219 -0.5189309090500001
7974 0.0923538987184134 0.09548948150494437 -0.5189309090500001
7975 0.01955674061572245 0.04576340335046351 -0.5189309090500001
7976 0.07706946305003533 0.01529862664409709 -0.5189309090500001
7977 0.04241891382615128 0.0187905485952992 -0.5189309090500001
7978 0.1042082868262193 0.03695891401062604 -0.5189309090500001
7979 0.02756597817168413 0.08859262077403009 -0.5189309090500001
7980 0.06005191879249448 0.1042687518581465 -0.5189309090500001
7981 0.08666558291276384 0.01723466990859684 -0.5189309090500001
7982 0.08225126189680562 0.02525720127097604 -0.5189309090500001
7983 0.07239451503970658 0.02487116404295288 -0.5189309090500001
7984 0.07673107023897355 0.0342282576475482 -0.5189309090500001
7985 0.06700010302650641 0.03322555442881317 -0.5189309090500001
7986 0.08698625596002114 0.03590370522959324 -0.5189309090500001
7987 0.08068972841250563 0.04369710198845692 -0.5189309090500001
7988 0.09050828376664691 0.04571248744910254 -0.5189309090500001
7989 0.08429322878996715 0.05310381719200592 -0.5189309090500001
7990 0.09379744561464495 0.05480335744064807 -0.5189309090500001
7991 0.08784569789159664 0.06240470164273579 -0.5189309090500001
7992 0.09712726128691447 0.0639846464975827 -0.5189309090500001
7993 0.09116066924738828 0.07151343533957696 -0.5189309090500001
7994 0.08156725455029366 0.07011910443587778 -0.5189309090500001
7995 0.08487413695842512 0.07919448490915328 -0.5189309090500001
7996 0.0752895521868655 0.07787562352085024 -0.5189309090500001
7997 0.07844493045019152 0.08687432454423649 -0.5189309090500001
7998 0.06904046319832856 0.08567422628908103 -0.5189309090500001
7999 0.06543959522999873 0.07651393536956963 -0.5189309090500001
8000 0.05919225538178575 0.08418451486669259 -0.5189309090500001
8001 0.05556957187532556 0.07501111777797458 -0.5189309090500001
8002 0.04933491854066126 0.0825554147315801 -0.5189309090500001
8003 0.04571737137969589 0.07331610820526742 -0.5189309090500001
8004 0.0516572905406021 0.06543993676451601 -0.5189309090500001
8005 0.04205881613369278 0.06396272901300334 -0.5189309090500001
8006 0.04801458937968375 0.05592210648720393 -0.5189309090500001
8007 0.03843835623581765 0.05459922949910408 -0.5189309090500001
8008 0.04471096030865346 0.04680715029353961 -0.5189309090500001
8009 0.05445871087109542 0.04815436852868014 -0.5189309090500001
8010 0.05112009836089618 0.03927748143732822 -0.5189309090500001
8011 0.03620988887067789 0.07161372805785637 -0.5189309090500001
8012 0.03514034533411333 0.04588793560295676 -0.5189309090500001
8013 0.05228521279707582 0.09138957502923074 -0.5189309090500001
8014 0.07508510026561126 0.05127895139539662 -0.5189309090500001
8015 0.02741163314134309 0.05265204793784576 -0.5189309090500001
8016 0.0628985239710045 0.02349340441656586 -0.5189309090500001
8017 0.1008104710130509 0.04774725247770658 -0.5189309090500001
8018 0.04113015926331361 0.03808802967794307 -0.5189309090500001
8019 0.04745551082401897 0.02974525343827338 -0.5189309090500001
8020 0.03240675567380513 0.06219311914812873 -0.5189309090500001
8021 0.02325969205920236 0.06236950278214838 -0.5189309090500001
8022 0.04019631082617532 0.08067534242494519 -0.5189309090500001
8023 0.06206434763094493 0.09405700757969855 -0.5189309090500001
8024 0.07103565679037384 0.06718272166695591 -0.5189309090500001
8025 0.07803339185798024 0.06081096666586915 -0.5189309090500001
8026 0.071010513744401 0.04222131760070514 -0.5189309090500001
8027 0.06107948471245561 0.04079289767778232 -0.5189309090500001
8028 0.09595916021192832 0.0326802372119264 -0.5189309090500001
8029 0.09494009068225379 0.08014622842549436 -0.5189309090500001
8030 0.0569894713734886 0.03122571954759343 -0.5189309090500001
8031 0.03803268400596494 0.02857272986854534 -0.5189309090500001
8032 0.05300653383715452 0.02130560600747855 -0.5189309090500001
8033 0.04314784500704658 0.08979668643187154 -0.5189309090500001
8034 0.07220498324492068 0.09399388639269884 -0.5189309090500001
8035 0.06489416804498138 0.05048932370471949 -0.5189309090500001
8036 0.06067676251377083 0.06655393961410151 -0.5189309090500001
8037 0.06821721541748922 0.01721251274867479 -0.5189309090500001
8038 0.02236180061683772 0.03693983988398167 -0.5189309090500001
8039 0.03456529259498341 0.09501262453850896 -0.5189309090500001
8040 0.0510403922319895 0.1051747672761684 -0.5189309090500001
8041 0.09881053629359321 0.08867862186733411 -0.5189309090500001
8042 0.0683898715228 0.1067821502744185 -0.5189309090500001
8043 0.0857980513273348 0.1017101554660313 -0.5189309090500001
8044 0.02185741887133548 0.08194413230657867 -0.5189309090500001
8045 0.03001196121373045 0.07887830978805734 -0.5189309090500001
8046 0.1008490368269415 0.07267549349033396 -0.5189309090500001
8047 0.1080235709645312 0.06433157738203658 -0.5189309090500001
8048 0.1095480772328255 0.04495972381378552 -0.5189309090500001
8049 0.01724218428921737 0.05527754727963663 -0.5189309090500001
8050 0.0874845307179915 0.08769320435518237 -0.5189309090500001
8051 0.03117407111579693 0.03772118725741146 -0.5189309090500001
8052 0.1094432001321141 0.07356970699225704 -0.5189309090500001
8053 0.02842557393383788 0.06945273960728286 -0.5189309090500001
8054 0.05014537054116554 0.01299279261289404 -0.5189309090500001
8055 0.08210398388639743 0.09475942850249598 -0.5189309090500001
8056 0.03322092948204794 0.02157312388694936 -0.5189309090500001
8057 0.05640874844632485 0.05622621390559299 -0.5189309090500001
8058 0.1018125545593192 0.05697915202829758 -0.5189309090500001
8059 0.09641397917482077 0.04030434582406586 -0.5189309090500001
8060 0.01538102114433738 0.06374289965647345 -0.5189309090500001
8061 0.1017642739029983 0.02788117107497418 -0.5189309090500001
8062 0.03509747756272398 0.08659111679148263 -0.5189309090500001
8063 0.0274034400953007 0.04459111552568542 -0.5189309090500001
8064 0.07122921029867629 0.05808203458010137 -0.5189309090500001
8065 0.05481652953366922 0.09890859278416229 -0.5189309090500001
8066 0.06711058498273881 0.09960603241278887 -0.5189309090500001
8067 0.06880715156844949 0.01004101230074301 -0.5189309090500001
8068 0.06394971219999999 0.0589497122 -0.5189309090500001
8069 0.1189432679101028 0.0698886105887173 -0.5189309090500001
8070 0.1157525089337444 0.08040713325103174 -0.5189309090500001
8071 0.1105709975213562 0.0901010592428427 -0.5189309090500001
8072 0.1035978562470202 0.09859785643432312 -0.5189309090500001
8073 0.09510105908634753 0.1055709976259236 -0.5189309090500001
8074 0.0854071331159334 0.1107525089897051 -0.5189309090500001
8075 0.07488861052265514 0.113943267923245 -0.5189309090500001
8076 0.119661875520921 0.07003155053217126 -0.5189309090500001
8077 0.1164294225017492 0.08068752003247964 -0.5189309090500001
8078 0.1111802036350071 0.09050811776056378 -0.5189309090500001
8079 0.1041159434629136 0.09911594364945783 -0.5189309090500001
8080 0.09550811760321114 0.1061802037401461 -0.5189309090500001
8081 0.08568751989567278 0.1114294225584153 -0.5189309090500001
8082 0.0750315504608282 0.1146618755351105 -0.5189309090500001
8083 0.05301081382230944 0.1139432679122982 -0.5189309090500001
8084 0.04249229116431672 0.1107525089401042 -0.5189309090500001
8085 0.03279836516655942 0.1055709975276413 -0.5189309090500001
8086 0.02430156796525994 0.09859785624660697 -0.5189309090500001
8087 0.01732842676311244 0.0901010590699439 -0.5189309090500001
8088 0.01214691541116103 0.08040713311803241 -0.5189309090500001
8089 0.008956156476969342 0.06988861052374942 -0.5189309090500001
8090 0.05286787388031146 0.1146618755234023 -0.5189309090500001
8091 0.04221190438263291 0.1114294225080073 -0.5189309090500001
8092 0.0323913066507801 0.1061802036425852 -0.5189309090500001
8093 0.02378348075319993 0.09911594346556958 -0.5189309090500001
8094 0.01671922065381171 0.09050811759416645 -0.5189309090500001
8095 0.01147000184650208 0.08068751990754194 -0.5189309090500001
8096 0.008237548867040118 0.07003155047163603 -0.5189309090500001
8097 0.00895615645647755 0.04801081380840778 -0.5189309090500001
8098 0.01214691543197619 0.03749229114460988 -0.5189309090500001
8099 0.017328426848683 0.02779836514199076 -0.5189309090500001
8100 0.02430156812724558 0.01930156794426515 -0.5189309090500001
8101 0.03279836530285093 0.0123284267412 -0.5189309090500001
8102 0.04249229126581772 0.007146915381770796 -0.5189309090500001
8103 0.05301081387370361 0.00395615644349011 -0.5189309090500001
8104 0.008237548812129585 0.04786787386269622 -0.5189309090500001
8105 0.01147000183369478 0.03721190434916968 -0.5189309090500001
8106 0.01671922070670889 0.027391306606671 -0.5189309090500001
8107 0.02378348089157795 0.01878348070177206 -0.5189309090500001
8108 0.03239130677470628 0.01171922059443134 -0.5189309090500001
8109 0.04221190447705869 0.006470001780721452 -0.5189309090500001
8110 0.05286787392754871 0.003237548799229667 -0.5189309090500001
8111 0.07488861059060722 0.003956156456282764 -0.5189309090500001
8112 0.08540713326154545 0.007146915434527452 -0.5189309090500001
8113 0.09510105926483545 0.01232842685324659 -0.5189309090500001
8114 0.1035978564579249 0.01930156812943923 -0.5189309090500001
8115 0.11057099766141 0.02779836530676274 -0.5189309090500001
8116 0.1157525090195934 0.03749229126912051 -0.5189309090500001
8117 0.1189432679563348 0.04801081387284391 -0.5189309090500001
8118 0.07503155054513265 0.00323754881368666 -0.5189309090500001
8119 0.08568752006528971 0.00647000183968352 -0.5189309090500001
8120 0.09550811780407586 0.01171922071388867 -0.5189309090500001
8121 0.1041159437039142 0.01878348089726242 -0.5189309090500001
8122 0.111180203811909 0.02739130678419222 -0.5189309090500001
8123 0.1164294226216674 0.03721190448282041 -0.5189309090500001
8124 0.1196618756007651 0.04786787392751014 -0.5189309090500001
8125 0.1210736026678549 0.07031236052030324 -0.5189309090500001
8126 0.1177592403966937 0.08123834863840877 -0.5189309090500001
8127 0.1123770081141731 0.09130779696216421 -0.5189309090500001
8128 0.1051337420108525 0.1001337422064608 -0.5189309090500001
8129 0.09630779678675211 0.1073770082313787 -0.5189309090500001
8130 0.08623834849877215 0.1127592404545313 -0.5189309090500001
8131 0.07531236044802714 0.1160736026822292 -0.5189309090500001
8132 0.05258706388672803 0.1160736026692508 -0.5189309090500001
8133 0.0416610757696188 0.1127592404000161 -0.5189309090500001
8134 0.03159162745663791 0.1073770081267334 -0.5189309090500001
8135 0.02276568220260163 0.1001337420199116 -0.5189309090500001
8136 0.01552241617338786 0.09130779679388193 -0.5189309090500001
8137 0.01014018395323224 0.08123834851750977 -0.5189309090500001
8138 0.00682582171952973 0.0703123604568601 -0.5189309090500001
8139 0.006825821681969747 0.04758706387567598 -0.5189309090500001
8140 0.01014018395573332 0.03666107574579676 -0.5189309090500001
8141 0.01552241623457931 0.0265916274245421 -0.5189309090500001
8142 0.02276568235025051 0.01776568216173012 -0.5189309090500001
8143 0.03159162758951344 0.01052241612434898 -0.5189309090500001
8144 0.04166107587535078 0.00514018390207026 -0.5189309090500001
8145 0.05258706394203828 0.001825821668769427 -0.5189309090500001
8146 0.07531236052682233 0.001825821682466262 -0.5189309090500001
8147 0.08623834866077597 0.005140183958454798 -0.5189309090500001
8148 0.09630779698053493 0.01052241623796975 -0.5189309090500001
8149 0.1051337422434914 0.01776568235546871 -0.5189309090500001
8150 0.1123770082823371 0.02659162759951449 -0.5189309090500001
8151 0.1177592404999671 0.03666107588025988 -0.5189309090500001
8152 0.1210736027307759 0.04758706393973122 -0.5189309090500001
$ENDNOD
$ELM
10225
1 4 1 41 4 189 1781 1763 5686
2 4 1 41 4 1751 5665 5655 5707
3 4 1 41 4 151 1684 1691 5645
4 4 1 41 4 5668 5679 5672 5694
5 4 1 41 4 2 5701 5648 5712
6 4 1 41 4 5646 5695 1778 5700
7 4 1 41 4 5668 5652 5679 5694
8 4 1 41 4 1688 5651 1689 5700
9 4 1 41 4 189 1763 5646 5686
10 4 1 41 4 5633 5672 5668 5679
11 4 1 41 4 5633 5668 5652 5679
12 4 1 41 4 151 5674 5645 5691
13 4 1 41 4 5631 5670 5646 5705
14 4 1 41 4 1583 5674 151 5691
15 4 1 41 4 5646 5670 5638 5705
16 4 1 41 4 151 5645 1691 5691
17 4 1 41 4 5651 5699 1689 5700
18 4 1 41 4 1669 5650 168 5713
19 4 1 41 4 5656 5673 5635 5698
20 4 1 41 4 1626 5669 5718 5726
21 4 1 41 4 1713 5709 5649 5710
22 4 1 41 4 152 1684 151 5645
23 4 1 41 4 5642 5656 5635 5698
24 4 1 41 4 1626 5654 5669 5726
25 4 1 41 4 5639 5687 5655 5707
26 4 1 41 4 5634 5672 5679 5694
27 4 1 41 4 5654 5682 5636 5697
28 4 1 41 4 1691 5645 5651 5691
29 4 1 41 4 179 1626 5718 5726
30 4 1 41 4 5633 5682 5654 5697
31 4 1 41 4 1691 5651 5645 5708
32 4 1 41 4 1713 5644 5709 5710
33 4 1 41 4 5635 5697 5642 5698
34 4 1 41 4 5639 5673 5656 5698
35 4 1 41 4 5649 5709 5644 5710
36 4 1 41 4 1751 5655 5687 5707
37 4 1 41 4 5655 5665 5639 5707
38 4 1 41 4 2 5650 5701 5712
39 4 1 41 4 5634 5645 5640 5679
40 4 1 41 4 5670 5679 5645 5702
41 4 1 41 4 5634 5645 5679 5702
42 4 1 41 4 5645 5670 5640 5679
43 4 1 41 4 5646 5660 189 5686
44 4 1 41 4 5646 5686 1763 5695
45 4 1 41 4 1778 190 1763 5646
46 4 1 41 4 1583 5640 5674 5691
47 4 1 41 4 1752 5655 1751 5665
48 4 1 41 4 5654 5658 5636 5682
49 4 1 41 4 5635 5673 5672 5698
50 4 1 41 4 5635 5672 5697 5698
51 4 1 41 4 1669 5690 5650 5713
52 4 1 41 4 2 1595 5648 5701
53 4 1 41 4 5655 5685 5660 5687
54 4 1 41 4 1763 1778 5646 5695
55 4 1 41 4 5642 5667 1637 5718
56 4 1 41 4 5642 5718 1637 5722
57 4 1 41 4 5640 5645 5634 5674
58 4 1 41 4 5643 5667 5635 5697
59 4 1 41 4 5642 5635 5667 5697
60 4 1 41 4 5639 5685 5655 5687
61 4 1 41 4 5633 5658 5654 5682
62 4 1 41 4 168 5650 5711 5713
63 4 1 41 4 5630 5660 5655 5685
64 4 1 41 4 151 152 5645 5674
65 4 1 41 4 2 1595 147 5648
66 4 1 41 4 1713 1717 5649 5709
67 4 1 41 4 1700 1691 1684 5645
68 4 1 41 4 1674 5658 201 5688
69 4 1 41 4 1626 1643 1648 5654
70 4 1 41 4 5634 5679 5652 5694
71 4 1 41 4 1691 5645 1700 5708
72 4 1 41 4 5646 5664 5631 5705
73 4 1 41 4 1637 5667 5642 5737
74 4 1 41 4 1735 5686 1756 5687
75 4 1 41 4 1691 1692 5651 5708
76 4 1 41 4 189 1763 190 5646
77 4 1 41 4 5656 5666 183 5684
78 4 1 41 4 5639 5655 5685 5736
79 4 1 41 4 1774 5700 5664 5712
80 4 1 41 4 5656 5666 5635 5673
81 4 1 41 4 1689 1688 1702 5651
82 4 1 41 4 1735 5655 5686 5687
83 4 1 41 4 5630 5664 5646 5705
84 4 1 41 4 5630 5685 5655 5736
85 4 1 41 4 2 170 1675 5650
86 4 1 41 4 189 5660 5646 5727
87 4 1 41 4 1583 5674 5640 5719
88 4 1 41 4 201 5688 5658 5720
89 4 1 41 4 1691 1700 1692 5708
90 4 1 41 4 5647 5690 5641 5704
91 4 1 41 4 1720 1725 5663 5677
92 4 1 41 4 5639 5666 5656 5673
93 4 1 41 4 5648 5651 5631 5730
94 4 1 41 4 183 5656 184 5666
95 4 1 41 4 5651 5648 5691 5730
96 4 1 41 4 207 5657 5689 5706
97 4 1 41 4 184 183 1746 5656
98 4 1 41 4 1760 1778 5695 5700
99 4 1 41 4 1781 189 5660 5686
100 4 1 41 4 5638 5644 5649 5702
101 4 1 41 4 5646 5651 5631 5700
102 4 1 41 4 5640 5691 1583 5721
103 4 1 41 4 5640 5674 5634 5679
104 4 1 41 4 1735 1756 1748 5687
105 4 1 41 4 5631 5664 5646 5700
106 4 1 41 4 1751 1750 5665 5707
107 4 1 41 4 5648 5701 5650 5712
108 4 1 41 4 5633 5654 5643 5697
109 4 1 41 4 1688 5692 5651 5700
110 4 1 41 4 5643 5718 5669 5726
111 4 1 41 4 1591 1580 5662 5715
112 4 1 41 4 5664 5695 5646 5700
113 4 1 41 4 5632 5690 5647 5704
114 4 1 41 4 1626 5654 1648 5669
115 4 1 41 4 5662 5715 1580 5719
116 4 1 41 4 5651 5670 5631 5730
117 4 1 41 4 1661 5661 5680 5713
118 4 1 41 4 1661 5680 5647 5713
119 4 1 41 4 168 1669 169 5650
120 4 1 41 4 5683 5698 5685 5736
121 4 1 41 4 5651 5691 5670 5730
122 4 1 41 4 191 5646 1778 5700
123 4 1 41 4 5647 5675 5632 5704
124 4 1 41 4 5638 5651 5646 5699
125 4 1 41 4 5644 5673 5649 5702
126 4 1 41 4 1583 5719 5640 5721
127 4 1 41 4 2 5650 1675 5701
128 4 1 41 4 215 5699 1685 5708
129 4 1 41 4 5662 5682 5632 5703
130 4 1 41 4 1735 1738 5655 5687
131 4 1 41 4 5635 5656 5642 5667
132 4 1 41 4 1690 5651 1694 5692
133 4 1 41 4 178 5654 1626 5726
134 4 1 41 4 179 178 1626 5726
135 4 1 41 4 5638 5649 5673 5702
136 4 1 41 4 207 5689 5657 5693
137 4 1 41 4 5646 1689 5699 5700
138 4 1 41 4 5646 5699 5651 5700
139 4 1 41 4 1689 5651 1702 5699
140 4 1 41 4 5635 5672 5643 5697
141 4 1 41 4 1694 5651 1690 5691
142 4 1 41 4 5657 5661 5641 5683
143 4 1 41 4 201 5654 5688 5720
144 4 1 41 4 5647 5680 5661 5713
145 4 1 41 4 5657 5661 5637 5689
146 4 1 41 4 215 5699 5708 5710
147 4 1 41 4 5661 5689 5657 5706
148 4 1 41 4 5637 5661 5657 5683
149 4 1 41 4 5641 5661 5657 5706
150 4 1 41 4 5639 5685 5698 5736
151 4 1 41 4 1637 5642 5725 5737
152 4 1 41 4 5642 5722 1637 5725
153 4 1 41 4 1693 1689 5646 5700
154 4 1 41 4 5662 5703 1591 5715
155 4 1 41 4 1709 5660 5649 5687
156 4 1 41 4 1573 1595 1587 5681
157 4 1 41 4 5636 5658 5647 5682
158 4 1 41 4 150 1583 151 5691
159 4 1 41 4 5650 5704 5648 5712
160 4 1 41 4 1690 5648 148 5691
161 4 1 41 4 5641 5675 5647 5704
162 4 1 41 4 1606 5653 1607 5668
163 4 1 41 4 1709 5649 5660 5710
164 4 1 41 4 5643 5669 5654 5726
165 4 1 41 4 1709 5710 5660 5727
166 4 1 41 4 5652 1580 5715 5719
167 4 1 41 4 1589 1591 5703 5715
168 4 1 41 4 184 5656 1746 5707
169 4 1 41 4 1715 5644 1713 5710
170 4 1 41 4 2 170 5650 5712
171 4 1 41 4 1646 1637 5718 5722
172 4 1 41 4 5633 5643 5672 5697
173 4 1 41 4 5655 5665 1752 5693
174 4 1 41 4 152 1704 1684 5645
175 4 1 41 4 5658 5678 5647 5682
176 4 1 41 4 5632 5647 5678 5682
177 4 1 41 4 1581 5652 1580 5715
178 4 1 41 4 5662 5682 5679 5730
179 4 1 41 4 1726 1713 1717 5649
180 4 1 41 4 1715 5676 5644 5710
181 4 1 41 4 5631 5651 5648 5692
182 4 1 41 4 5632 5682 5662 5730
183 4 1 41 4 5664 5683 5641 5705
184 4 1 41 4 5633 5682 5662 5703
185 4 1 41 4 5646 5638 5685 5705
186 4 1 41 4 1778 191 190 5646
187 4 1 41 4 184 5666 5656 5707
188 4 1 41 4 1713 5649 1726 5710
189 4 1 41 4 5653 5668 1606 5724
190 4 1 41 4 1717 5649 5709 5728
191 4 1 41 4 1690 5691 5651 5692
192 4 1 41 4 1643 1626 178 5654
193 4 1 41 4 5638 5660 5649 5710
194 4 1 41 4 5668 5672 5653 5694
195 4 1 41 4 5646 5664 5630 5695
196 4 1 41 4 1760 5695 5664 5700
197 4 1 41 4 1691 5651 1692 5691
198 4 1 41 4 5645 5640 5670 5691
199 4 1 41 4 5642 5665 5656 5698
200 4 1 41 4 5645 5670 5651 5691
201 4 1 41 4 5638 5649 5644 5710
202 4 1 41 4 1752 1751 1750 5665
203 4 1 41 4 5656 5665 1739 5707
204 4 1 41 4 1607 5668 5653 5694
205 4 1 41 4 5657 5689 5637 5693
206 4 1 41 4 5652 5715 5662 5719
207 4 1 41 4 5636 5647 5675 5682
208 4 1 41 4 1756 5686 5660 5687
209 4 1 41 4 148 5648 1690 5692
210 4 1 41 4 5645 5677 5644 5702
211 4 1 41 4 5631 5648 5704 5712
212 4 1 41 4 5655 5693 1733 5714
213 4 1 41 4 1674 1657 201 5658
214 4 1 41 4 5650 5701 5648 5704
215 4 1 41 4 1694 5651 1688 5692
216 4 1 41 4 1616 5688 5668 5715
217 4 1 41 4 1606 1607 5653 5724
218 4 1 41 4 1693 5646 1689 5699
219 4 1 41 4 1739 5665 5656 5725
220 4 1 41 4 1629 5671 5659 5732
221 4 1 41 4 5647 5632 5675 5682
222 4 1 41 4 1629 5659 5689 5732
223 4 1 41 4 5639 5685 5673 5698
224 4 1 41 4 1720 5644 1729 5677
225 4 1 41 4 1729 5644 1715 5676
226 4 1 41 4 2 171 1595 5701
227 4 1 41 4 5638 5660 5710 5727
228 4 1 41 4 1644 1628 1637 5667
229 4 1 41 4 5668 5688 1616 5726
230 4 1 41 4 1669 168 1654 5713
231 4 1 41 4 5641 5690 5650 5704
232 4 1 41 4 1580 5652 1581 5719
233 4 1 41 4 5630 5683 5664 5705
234 4 1 41 4 5638 5649 5660 5685
235 4 1 41 4 5630 5683 5685 5736
236 4 1 41 4 1694 1688 1698 5692
237 4 1 41 4 1722 1729 1715 5676
238 4 1 41 4 5638 5673 5649 5685
239 4 1 41 4 5633 5643 5668 5672
240 4 1 41 4 155 1725 154 5677
241 4 1 41 4 5655 5657 5630 5736
242 4 1 41 4 1751 5655 1738 5687
243 4 1 41 4 1587 5681 1595 5701
244 4 1 41 4 7 1781 189 5660
245 4 1 41 4 5630 5657 5695 5733
246 4 1 41 4 5630 5695 5664 5733
247 4 1 41 4 5658 5688 5654 5720
248 4 1 41 4 1700 1684 1696 5645
249 4 1 41 4 5643 5653 5635 5724
250 4 1 41 4 5645 5644 5677 5735
251 4 1 41 4 5645 5674 5640 5691
252 4 1 41 4 5634 5677 5645 5702
253 4 1 41 4 5661 5675 5659 5680
254 4 1 41 4 5659 5680 5675 5731
255 4 1 41 4 1707 5676 1715 5710
256 4 1 41 4 5639 5665 5655 5736
257 4 1 41 4 5636 5675 5680 5731
258 4 1 41 4 1599 5696 5663 5723
259 4 1 41 4 5636 5680 5659 5731
260 4 1 41 4 5633 5672 5682 5697
261 4 1 41 4 168 5650 169 5711
262 4 1 41 4 1608 5652 197 5715
263 4 1 41 4 5704 5711 5664 5712
264 4 1 41 4 5635 5653 5643 5672
265 4 1 41 4 1599 5653 5696 5723
266 4 1 41 4 209 5693 5657 5714
267 4 1 41 4 1591 1572 1580 5715
268 4 1 41 4 1617 5667 1624 5696
269 4 1 41 4 5657 5683 5630 5736
270 4 1 41 4 5643 5635 5667 5724
271 4 1 41 4 1720 5663 5644 5677
272 4 1 41 4 5659 5675 5661 5731
273 4 1 41 4 1720 1729 1711 5677
274 4 1 41 4 5632 5648 5701 5704
275 4 1 41 4 1640 1642 1639 5671
276 4 1 41 4 1720 1725 1706 5663
277 4 1 41 4 1774 193 5700 5712
278 4 1 41 4 1713 5644 1716 5709
279 4 1 41 4 1690 5648 5691 5692
280 4 1 41 4 1735 5655 1737 5686
281 4 1 41 4 1578 5662 5719 5721
282 4 1 41 4 1608 197 5652 5694
283 4 1 41 4 205 5661 5659 5680
284 4 1 41 4 5655 5660 5630 5686
285 4 1 41 4 1573 5648 1595 5681
286 4 1 41 4 1608 197 198 5715
287 4 1 41 4 1583 1574 151 5674
288 4 1 41 4 5633 5658 5682 5703
289 4 1 41 4 1589 5703 5688 5715
290 4 1 41 4 5656 5665 5642 5725
291 4 1 41 4 5634 5645 5677 5735
292 4 1 41 4 1597 5643 5718 5724
293 4 1 41 4 1623 1616 5688 5726
294 4 1 41 4 6 201 1650 5688
295 4 1 41 4 5642 5667 5643 5697
296 4 1 41 4 209 1733 5693 5714
297 4 1 41 4 1663 5678 5647 5734
298 4 1 41 4 1715 1716 1713 5644
299 4 1 41 4 5651 5691 5648 5692
300 4 1 41 4 1683 1693 1699 5646
301 4 1 41 4 5630 5686 5646 5695
302 4 1 41 4 201 5658 1657 5720
303 4 1 41 4 5645 5676 5644 5735
304 4 1 41 4 5640 5670 5691 5730
305 4 1 41 4 1720 1715 1729 5644
306 4 1 41 4 1717 5709 5666 5728
307 4 1 41 4 2 1780 170 5712
308 4 1 41 4 167 5711 5706 5713
309 4 1 41 4 1729 1723 1711 5677
310 4 1 41 4 5664 5641 5704 5705
311 4 1 41 4 1648 5669 5654 5720
312 4 1 41 4 5650 5711 5704 5712
313 4 1 41 4 1688 1689 1680 5700
314 4 1 41 4 189 190 1683 5646
315 4 1 41 4 5656 5665 5639 5698
316 4 1 41 4 1628 1637 5667 5718
317 4 1 41 4 5630 5657 5655 5714
318 4 1 41 4 156 1599 1611 5663
319 4 1 41 4 5635 5673 5709 5739
320 4 1 41 4 5666 5709 5649 5728
321 4 1 41 4 1772 1774 5664 5712
322 4 1 41 4 1608 5694 5652 5715
323 4 1 41 4 5644 5649 5673 5709
324 4 1 41 4 1735 1738 1737 5655
325 4 1 41 4 1754 1751 1752 5655
326 4 1 41 4 1578 5681 5662 5721
327 4 1 41 4 1599 5653 1612 5696
328 4 1 41 4 1580 1581 1592 5719
329 4 1 41 4 5635 5673 5666 5709
330 4 1 41 4 176 5658 1674 5688
331 4 1 41 4 1760 5664 1774 5700
332 4 1 41 4 5642 5671 5665 5698
333 4 1 41 4 5632 5675 5682 5704
334 4 1 41 4 1736 5656 1739 5707
335 4 1 41 4 1636 1637 1649 5725
336 4 1 41 4 1606 5724 5668 5726
337 4 1 41 4 155 5663 1725 5677
338 4 1 41 4 1618 1606 1607 5668
339 4 1 41 4 1751 5687 1732 5707
340 4 1 41 4 1720 5644 5663 5709
341 4 1 41 4 5643 5724 1597 5726
342 4 1 41 4 1763 1775 1782 5695
343 4 1 41 4 1714 5687 5649 5728
344 4 1 41 4 196 5652 197 5694
345 4 1 41 4 5661 5675 5641 5683
346 4 1 41 4 1664 5647 1661 5680
347 4 1 41 4 1664 5647 5680 5734
348 4 1 41 4 1595 5681 5648 5701
349 4 1 41 4 185 184 5707 5728
350 4 1 41 4 5632 5648 5704 5730
351 4 1 41 4 5680 5717 203 5720
352 4 1 41 4 5631 5704 5664 5712
353 4 1 41 4 5657 1765 5714 5733
354 4 1 41 4 1704 5645 152 5735
355 4 1 41 4 5673 5685 5638 5702
356 4 1 41 4 1640 1642 5671 5722
357 4 1 41 4 1570 196 1588 5652
358 4 1 41 4 1673 5690 5678 5701
359 4 1 41 4 168 5711 167 5713
360 4 1 41 4 5675 5704 5683 5705
361 4 1 41 4 5643 5654 5633 5726
362 4 1 41 4 5666 5707 184 5728
363 4 1 41 4 196 5674 5652 5716
364 4 1 41 4 5647 5658 5636 5734
365 4 1 41 4 5667 5684 1624 5696
366 4 1 41 4 5634 5653 5672 5694
367 4 1 41 4 5695 5714 1765 5733
368 4 1 41 4 1639 1629 163 5671
369 4 1 41 4 210 211 1737 5714
370 4 1 41 4 1644 5667 1637 5737
371 4 1 41 4 5639 5649 5685 5687
372 4 1 41 4 5659 5671 1642 5722
373 4 1 41 4 5641 5690 5647 5713
374 4 1 41 4 5637 5675 5661 5683
375 4 1 41 4 1735 1748 1738 5687
376 4 1 41 4 1608 5668 5694 5715
377 4 1 41 4 1693 1680 1689 5700
378 4 1 41 4 5637 5665 5671 5698
379 4 1 41 4 173 172 1673 5729
380 4 1 41 4 217 5676 1696 5735
381 4 1 41 4 211 5686 1737 5714
382 4 1 41 4 5659 5661 206 5689
383 4 1 41 4 1582 148 1573 5648
384 4 1 41 4 5645 5674 152 5735
385 4 1 41 4 5633 5679 5662 5682
386 4 1 41 4 5663 5696 5653 5723
387 4 1 41 4 1673 5701 5678 5729
388 4 1 41 4 5660 5686 5655 5687
389 4 1 41 4 5643 5633 5668 5726
390 4 1 41 4 1678 1694 1690 5691
391 4 1 41 4 1720 5663 1706 5709
392 4 1 41 4 201 5654 1650 5688
393 4 1 41 4 148 1682 147 5648
394 4 1 41 4 148 149 5691 5721
395 4 1 41 4 5644 5676 5645 5702
396 4 1 41 4 1774 193 192 5700
397 4 1 41 4 1693 190 191 5646
398 4 1 41 4 1702 5699 5651 5708
399 4 1 41 4 188 5660 1709 5687
400 4 1 41 4 1588 5652 196 5674
401 4 1 41 4 1696 1684 1704 5645
402 4 1 41 4 1683 5646 1699 5699
403 4 1 41 4 1648 5654 1643 5720
404 4 1 41 4 1621 1612 1599 5653
405 4 1 41 4 5664 5711 1772 5712
406 4 1 41 4 1736 1739 1740 5707
407 4 1 41 4 1682 148 1690 5692
408 4 1 41 4 1637 5722 1649 5725
409 4 1 41 4 191 1778 1760 5700
410 4 1 41 4 5640 5662 5652 5679
411 4 1 41 4 1746 183 1755 5656
412 4 1 41 4 1661 5647 1660 5713
413 4 1 41 4 156 5663 1611 5696
414 4 1 41 4 1651 1629 1645 5689
415 4 1 41 4 1686 5699 1702 5708
416 4 1 41 4 217 1696 218 5735
417 4 1 41 4 1669 1654 5690 5713
418 4 1 41 4 5638 5651 5645 5670
419 4 1 41 4 5643 5667 5642 5718
420 4 1 41 4 1696 1700 5645 5708
421 4 1 41 4 1599 1611 5663 5696
422 4 1 41 4 148 5691 5648 5721
423 4 1 41 4 1589 1591 1575 5703
424 4 1 41 4 1696 217 1681 5676
425 4 1 41 4 1729 1722 1723 5676
426 4 1 41 4 1687 5692 1688 5700
427 4 1 41 4 1683 5699 1699 5727
428 4 1 41 4 183 5666 1710 5684
429 4 1 41 4 1739 5656 1736 5725
430 4 1 41 4 149 1690 148 5691
431 4 1 41 4 1776 170 1780 5712
432 4 1 41 4 5638 5708 5699 5710
433 4 1 41 4 5664 5704 5641 5711
434 4 1 41 4 1633 5717 1642 5722
435 4 1 41 4 5657 5655 5693 5736
436 4 1 41 4 5650 5641 5711 5713
437 4 1 41 4 5666 5673 5649 5709
438 4 1 41 4 1709 5649 187 5687
439 4 1 41 4 1648 1643 1630 5720
440 4 1 41 4 5652 5662 5640 5719
441 4 1 41 4 1738 1751 1754 5655
442 4 1 41 4 1705 194 2 5712
443 4 1 41 4 217 218 1723 5735
444 4 1 41 4 1586 5719 1583 5721
445 4 1 41 4 5653 5668 5643 5672
446 4 1 41 4 154 155 5677 5723
447 4 1 41 4 1696 5676 5645 5735
448 4 1 41 4 1701 1686 1702 5708
449 4 1 41 4 1579 1578 5719 5721
450 4 1 41 4 1694 1678 1692 5651
451 4 1 41 4 5643 5642 5669 5718
452 4 1 41 4 1737 5686 5655 5714
453 4 1 41 4 163 5671 1629 5732
454 4 1 41 4 1579 1578 5662 5719
455 4 1 41 4 5657 5693 5655 5714
456 4 1 41 4 1765 1764 5657 5714
457 4 1 41 4 5630 5660 5646 5686
458 4 1 41 4 1693 1699 5646 5699
459 4 1 41 4 1720 1711 1725 5677
460 4 1 41 4 5643 5669 5642 5697
461 4 1 41 4 7 212 1781 5686
462 4 1 41 4 1663 1665 5678 5734
463 4 1 41 4 5633 5703 5662 5715
464 4 1 41 4 1666 5678 5658 5703
465 4 1 41 4 196 197 1598 5694
466 4 1 41 4 1717 5666 1721 5728
467 4 1 41 4 1696 5645 5676 5708
468 4 1 41 4 1648 5717 5669 5720
469 4 1 41 4 5638 5676 5708 5710
470 4 1 41 4 189 5646 1683 5727
471 4 1 41 4 1571 1583 5691 5721
472 4 1 41 4 5678 5632 5703 5729
473 4 1 41 4 1717 1721 5666 5709
474 4 1 41 4 5637 5698 5671 5731
475 4 1 41 4 1702 1688 1694 5651
476 4 1 41 4 2 1675 171 5701
477 4 1 41 4 1744 185 184 5707
478 4 1 41 4 1658 1671 1676 5690
479 4 1 41 4 5662 5679 5640 5730
480 4 1 41 4 1678 5651 1694 5691
481 4 1 41 4 5652 5662 5633 5679
482 4 1 41 4 1765 5695 1767 5714
483 4 1 41 4 204 5680 1632 5717
484 4 1 41 4 5653 5696 5635 5724
485 4 1 41 4 1715 1713 1707 5710
486 4 1 41 4 1570 5652 1588 5674
487 4 1 41 4 1766 5657 5706 5733
488 4 1 41 4 207 5689 165 5706
489 4 1 41 4 1599 1621 5653 5723
490 4 1 41 4 196 5652 5694 5716
491 4 1 41 4 172 5701 1673 5729
492 4 1 41 4 5635 5696 5667 5724
493 4 1 41 4 1664 1663 5647 5734
494 4 1 41 4 161 162 1731 5671
495 4 1 41 4 1642 5717 5659 5722
496 4 1 41 4 189 7 5660 5727
497 4 1 41 4 1579 1590 1578 5721
498 4 1 41 4 1671 169 1669 5650
499 4 1 41 4 7 1781 5660 5686
500 4 1 41 4 5632 5650 5690 5704
501 4 1 41 4 5650 5690 5641 5713
502 4 1 41 4 5631 5664 5704 5705
503 4 1 41 4 1626 1648 1647 5669
504 4 1 41 4 1693 1689 1699 5699
505 4 1 41 4 1571 1583 150 5691
506 4 1 41 4 1759 5706 167 5711
507 4 1 41 4 201 6 1674 5688
508 4 1 41 4 5706 5711 5641 5713
509 4 1 41 4 1753 1752 5665 5693
510 4 1 41 4 1626 1647 1638 5669
511 4 1 41 4 1692 5651 1678 5691
512 4 1 41 4 5680 5720 203 5734
513 4 1 41 4 5645 5651 5638 5708
514 4 1 41 4 1667 5678 1673 5690
515 4 1 41 4 5658 5688 176 5703
516 4 1 41 4 1665 5658 1666 5678
517 4 1 41 4 1691 1692 1678 5691
518 4 1 41 4 1634 5669 1648 5717
519 4 1 41 4 5630 5646 5685 5705
520 4 1 41 4 200 199 1589 5715
521 4 1 41 4 5639 5649 5673 5685
522 4 1 41 4 1707 1722 1715 5676
523 4 1 41 4 1671 5650 1669 5690
524 4 1 41 4 5692 5700 193 5712
525 4 1 41 4 1710 183 184 5666
526 4 1 41 4 5636 5658 5654 5720
527 4 1 41 4 205 206 5659 5661
528 4 1 41 4 5662 5703 5632 5729
529 4 1 41 4 1715 1720 1716 5644
530 4 1 41 4 1638 1626 5669 5718
531 4 1 41 4 1693 5646 191 5700
532 4 1 41 4 5634 5674 5652 5679
533 4 1 41 4 1617 5667 5696 5724
534 4 1 41 4 176 1670 1674 5658
535 4 1 41 4 1671 1669 1676 5690
536 4 1 41 4 5635 5666 5656 5684
537 4 1 41 4 5644 5709 5673 5739
538 4 1 41 4 1606 1605 1607 5724
539 4 1 41 4 1606 1597 5724 5726
540 4 1 41 4 5636 5669 5654 5697
541 4 1 41 4 5671 5698 5642 5731
542 4 1 41 4 5641 5661 5647 5675
543 4 1 41 4 5647 5661 5641 5713
544 4 1 41 4 1720 1706 1730 5709
545 4 1 41 4 1600 199 1616 5715
546 4 1 41 4 1718 5666 5709 5738
547 4 1 41 4 5649 5666 5639 5673
548 4 1 41 4 1627 204 1632 5717
549 4 1 41 4 151 1691 150 5691
550 4 1 41 4 1731 5671 5665 5725
551 4 1 41 4 5656 5667 5635 5684
552 4 1 41 4 1624 158 1601 5684
553 4 1 41 4 217 1723 5676 5735
554 4 1 41 4 5646 5699 1683 5727
555 4 1 41 4 1682 5648 148 5692
556 4 1 41 4 1646 5718 5669 5722
557 4 1 41 4 193 5692 1687 5700
558 4 1 41 4 5672 5679 5633 5682
559 4 1 41 4 5652 5674 1570 5719
560 4 1 41 4 1765 1758 1764 5714
561 4 1 41 4 180 181 1604 5718
562 4 1 41 4 1714 187 5649 5687
563 4 1 41 4 1664 1660 1661 5647
564 4 1 41 4 1735 1737 211 5686
565 4 1 41 4 5635 5709 5663 5739
566 4 1 41 4 161 5671 1731 5725
567 4 1 41 4 5657 5630 5695 5714
568 4 1 41 4 177 1623 5654 5726
569 4 1 41 4 1631 1637 1636 5725
570 4 1 41 4 5665 5671 5642 5725
571 4 1 41 4 1717 1714 5649 5728
572 4 1 41 4 1714 1726 1717 5649
573 4 1 41 4 1696 5676 1681 5708
574 4 1 41 4 1600 5668 1608 5715
575 4 1 41 4 162 1731 5671 5732
576 4 1 41 4 1686 1689 1702 5699
577 4 1 41 4 207 1757 5689 5693
578 4 1 41 4 1600 1616 5668 5715
579 4 1 41 4 1709 1726 5649 5710
580 4 1 41 4 1656 5661 1661 5713
581 4 1 41 4 1634 5717 1648 5720
582 4 1 41 4 1581 198 197 5715
583 4 1 41 4 1713 1716 1717 5709
584 4 1 41 4 1581 1580 1572 5715
585 4 1 41 4 5640 5652 5674 5679
586 4 1 41 4 5654 5658 5633 5688
587 4 1 41 4 1758 1765 1767 5714
588 4 1 41 4 5672 5702 5673 5739
589 4 1 41 4 1591 5662 1576 5703
590 4 1 41 4 1660 5647 5690 5713
591 4 1 41 4 181 1604 5718 5724
592 4 1 41 4 5670 5685 5638 5705
593 4 1 41 4 207 1762 5657 5706
594 4 1 41 4 1617 182 1624 5667
595 4 1 41 4 1776 5650 170 5712
596 4 1 41 4 5639 5666 5649 5728
597 4 1 41 4 1582 5648 1573 5721
598 4 1 41 4 5651 5692 5631 5700
599 4 1 41 4 1601 1624 5684 5696
600 4 1 41 4 177 5654 1623 5688
601 4 1 41 4 1764 1765 5657 5733
602 4 1 41 4 1742 209 1733 5693
603 4 1 41 4 5640 5681 5662 5730
604 4 1 41 4 147 5648 1682 5692
605 4 1 41 4 163 1629 164 5732
606 4 1 41 4 5670 5638 5685 5702
607 4 1 41 4 5637 5661 5675 5731
608 4 1 41 4 148 5648 1582 5721
609 4 1 41 4 1720 1716 5644 5709
610 4 1 41 4 5669 5718 5642 5722
611 4 1 41 4 181 5718 5667 5724
612 4 1 41 4 1772 1761 1774 5712
613 4 1 41 4 5663 5677 155 5723
614 4 1 41 4 1653 173 1673 5729
615 4 1 41 4 196 1570 197 5652
616 4 1 41 4 1632 5680 5659 5717
617 4 1 41 4 1629 5659 1645 5689
618 4 1 41 4 5637 5659 5661 5731
619 4 1 41 4 148 1582 149 5721
620 4 1 41 4 5665 5693 5655 5736
621 4 1 41 4 5688 5703 5633 5715
622 4 1 41 4 1640 1633 1642 5722
623 4 1 41 4 1752 1733 5655 5693
624 4 1 41 4 190 1693 1683 5646
625 4 1 41 4 1646 1637 1628 5718
626 4 1 41 4 5648 5681 1573 5721
627 4 1 41 4 1601 1617 1624 5696
628 4 1 41 4 1698 1690 1694 5692
629 4 1 41 4 1751 1741 1732 5687
630 4 1 41 4 1597 179 180 5718
631 4 1 41 4 1732 5707 5687 5728
632 4 1 41 4 5645 5676 5638 5702
633 4 1 41 4 1573 5681 1593 5721
634 4 1 41 4 5650 5690 1671 5701
635 4 1 41 4 1666 5658 1670 5703
636 4 1 41 4 151 1574 152 5674
637 4 1 41 4 5633 5662 5652 5715
638 4 1 41 4 165 5689 5661 5706
639 4 1 41 4 1761 1772 5711 5712
640 4 1 41 4 1665 5658 5678 5734
641 4 1 41 4 1618 1608 5668 5694
642 4 1 41 4 1661 5661 1656 5680
643 4 1 41 4 5654 5669 5643 5697
644 4 1 41 4 1657 5720 5658 5734
645 4 1 41 4 5647 5636 5675 5680
646 4 1 41 4 1764 5657 1766 5733
647 4 1 41 4 1637 5725 1631 5737
648 4 1 41 4 5706 5711 1759 5733
649 4 1 41 4 176 1670 5658 5703
650 4 1 41 4 1606 1613 1597 5726
651 4 1 41 4 5657 5714 5695 5733
652 4 1 41 4 215 1679 1685 5699
653 4 1 41 4 5636 5682 5675 5697
654 4 1 41 4 1650 5654 201 5720
655 4 1 41 4 1600 1608 198 5715
656 4 1 41 4 5646 5660 5630 5685
657 4 1 41 4 1750 1739 5665 5707
658 4 1 41 4 1688 1687 1698 5692
659 4 1 41 4 5641 5683 5675 5704
660 4 1 41 4 5640 5691 5648 5730
661 4 1 41 4 1679 215 214 5699
662 4 1 41 4 5666 5635 5709 5738
663 4 1 41 4 1582 1573 1593 5721
664 4 1 41 4 1638 179 1626 5718
665 4 1 41 4 5664 5700 5631 5712
666 4 1 41 4 1583 1584 5674 5719
667 4 1 41 4 1653 1673 5678 5729
668 4 1 41 4 1709 214 5710 5727
669 4 1 41 4 1573 147 1595 5648
670 4 1 41 4 207 5657 208 5693
671 4 1 41 4 1675 5650 1671 5701
672 4 1 41 4 1763 5686 1775 5695
673 4 1 41 4 1618 1619 1608 5694
674 4 1 41 4 1599 1612 1611 5696
675 4 1 41 4 1751 1738 1741 5687
676 4 1 41 4 1643 1650 1630 5654
677 4 1 41 4 1591 1580 1577 5662
678 4 1 41 4 5633 5688 5668 5726
679 4 1 41 4 5663 5709 5635 5738
680 4 1 41 4 1746 5656 1736 5707
681 4 1 41 4 1705 147 1682 5692
682 4 1 41 4 1581 197 5652 5715
683 4 1 41 4 5665 5671 1731 5732
684 4 1 41 4 1755 5656 183 5684
685 4 1 41 4 187 1709 1714 5649
686 4 1 41 4 5638 5670 5645 5702
687 4 1 41 4 147 1573 148 5648
688 4 1 41 4 5660 5685 5649 5687
689 4 1 41 4 1753 1743 5693 5732
690 4 1 41 4 5675 5698 5683 5731
691 4 1 41 4 1753 1752 1750 5665
692 4 1 41 4 1629 5689 164 5732
693 4 1 41 4 1665 1670 1666 5658
694 4 1 41 4 1643 5654 1630 5720
695 4 1 41 4 5634 5674 5645 5735
696 4 1 41 4 1757 5689 5693 5732
697 4 1 41 4 1585 5681 172 5729
698 4 1 41 4 208 5657 209 5693
699 4 1 41 4 1624 5667 182 5684
700 4 1 41 4 5631 5704 5648 5730
701 4 1 41 4 1658 5690 1673 5701
702 4 1 41 4 1583 1584 1574 5674
703 4 1 41 4 1601 5684 158 5738
704 4 1 41 4 156 5696 1611 5738
705 4 1 41 4 1753 1743 1752 5693
706 4 1 41 4 5668 5724 5643 5726
707 4 1 41 4 156 5663 5696 5738
708 4 1 41 4 200 1589 5688 5715
709 4 1 41 4 5632 5701 5650 5704
710 4 1 41 4 1658 1671 5690 5701
711 4 1 41 4 1751 1749 1750 5707
712 4 1 41 4 5643 5668 5653 5724
713 4 1 41 4 1708 1717 1721 5728
714 4 1 41 4 170 1671 1675 5650
715 4 1 41 4 1579 5662 1580 5719
716 4 1 41 4 165 207 5 5689
717 4 1 41 4 175 1666 1670 5703
718 4 1 41 4 1597 5718 180 5724
719 4 1 41 4 1576 1591 1577 5662
720 4 1 41 4 1634 1647 1648 5669
721 4 1 41 4 1704 1696 5645 5735
722 4 1 41 4 1660 5647 1663 5690
723 4 1 41 4 1642 1633 1632 5717
724 4 1 41 4 5652 5668 5633 5715
725 4 1 41 4 177 1643 178 5654
726 4 1 41 4 168 169 1779 5711
727 4 1 41 4 5675 5683 5637 5731
728 4 1 41 4 1623 5688 5654 5726
729 4 1 41 4 5683 5698 5637 5731
730 4 1 41 4 1588 5674 196 5716
731 4 1 41 4 5647 5675 5661 5680
732 4 1 41 4 5637 5657 5693 5736
733 4 1 41 4 200 1623 1616 5688
734 4 1 41 4 1664 5680 1655 5734
735 4 1 41 4 1589 1572 1591 5715
736 4 1 41 4 180 5718 1604 5724
737 4 1 41 4 1663 5647 5678 5690
738 4 1 41 4 3 1594 195 5716
739 4 1 41 4 1753 5693 5665 5732
740 4 1 41 4 1621 5694 5653 5723
741 4 1 41 4 1710 5684 5666 5738
742 4 1 41 4 1647 1634 1635 5669
743 4 1 41 4 1731 5665 1739 5725
744 4 1 41 4 1664 1665 1663 5734
745 4 1 41 4 166 5706 5661 5713
746 4 1 41 4 174 5678 1666 5703
747 4 1 41 4 1667 1673 1658 5690
748 4 1 41 4 1576 5703 5662 5729
749 4 1 41 4 1586 1583 1571 5721
750 4 1 41 4 1645 5659 206 5689
751 4 1 41 4 5634 5644 5677 5702
752 4 1 41 4 5656 5666 5639 5707
753 4 1 41 4 203 5717 1627 5720
754 4 1 41 4 5653 5663 5635 5696
755 4 1 41 4 1584 1570 5674 5719
756 4 1 41 4 5632 5662 5681 5730
757 4 1 41 4 1655 1664 1661 5680
758 4 1 41 4 1687 193 1695 5692
759 4 1 41 4 5635 5663 5653 5739
760 4 1 41 4 5717 5722 5669 5731
761 4 1 41 4 5644 5638 5676 5702
762 4 1 41 4 169 170 1776 5650
763 4 1 41 4 1776 5711 5650 5712
764 4 1 41 4 152 5674 1594 5735
765 4 1 41 4 1714 187 5687 5728
766 4 1 41 4 5662 5681 1578 5729
767 4 1 41 4 1647 1646 1638 5669
768 4 1 41 4 1760 1778 1771 5695
769 4 1 41 4 1597 1613 179 5726
770 4 1 41 4 209 5657 1764 5714
771 4 1 41 4 5683 5704 5641 5705
772 4 1 41 4 1663 1665 1677 5678
773 4 1 41 4 1642 1632 5659 5717
774 4 1 41 4 159 1755 4 5737
775 4 1 41 4 5633 5654 5688 5726
776 4 1 41 4 207 1734 1757 5693
777 4 1 41 4 182 4 5684 5737
778 4 1 41 4 1623 1603 1616 5726
779 4 1 41 4 215 214 5699 5710
780 4 1 41 4 5681 5701 172 5729
781 4 1 41 4 188 1709 187 5687
782 4 1 41 4 5638 5644 5676 5710
783 4 1 41 4 1610 1602 1615 5716
784 4 1 41 4 1577 1576 5662 5729
785 4 1 41 4 170 169 1671 5650
786 4 1 41 4 1752 1733 1754 5655
787 4 1 41 4 1763 1781 1775 5686
788 4 1 41 4 3 1594 5716 5735
789 4 1 41 4 1755 5684 4 5737
790 4 1 41 4 1756 5660 188 5687
791 4 1 41 4 1660 5690 1662 5713
792 4 1 41 4 5640 5662 5681 5721
793 4 1 41 4 5639 5665 5656 5707
794 4 1 41 4 169 5650 1776 5711
795 4 1 41 4 5668 5688 5633 5715
796 4 1 41 4 1665 1670 5658 5734
797 4 1 41 4 1657 5658 1670 5734
798 4 1 41 4 5635 5672 5673 5739
799 4 1 41 4 5650 5641 5704 5711
800 4 1 41 4 203 1627 1641 5720
801 4 1 41 4 5699 5710 214 5727
802 4 1 41 4 168 1759 167 5711
803 4 1 41 4 1727 5677 1723 5735
804 4 1 41 4 182 1652 4 5737
805 4 1 41 4 5647 5632 5678 5690
806 4 1 41 4 1577 1569 1576 5729
807 4 1 41 4 1769 5711 5664 5733
808 4 1 41 4 5648 5631 5692 5712
809 4 1 41 4 5637 5683 5657 5736
810 4 1 41 4 1577 1580 1579 5662
811 4 1 41 4 1664 1663 1660 5647
812 4 1 41 4 5634 5679 5672 5702
813 4 1 41 4 1599 5663 155 5723
814 4 1 41 4 5687 5707 5639 5728
815 4 1 41 4 1740 1746 1736 5707
816 4 1 41 4 5636 5717 5680 5720
817 4 1 41 4 1645 205 206 5659
818 4 1 41 4 1726 1714 1709 5649
819 4 1 41 4 174 5678 5703 5729
820 4 1 41 4 1645 1629 1642 5659
821 4 1 41 4 1616 1620 5668 5726
822 4 1 41 4 1756 188 1748 5687
823 4 1 41 4 5636 5717 5669 5731
824 4 1 41 4 193 1695 5692 5712
825 4 1 41 4 1752 1742 1733 5693
826 4 1 41 4 3 152 1594 5735
827 4 1 41 4 1585 1587 172 5681
828 4 1 41 4 1656 1661 1659 5713
829 4 1 41 4 1601 5696 5684 5738
830 4 1 41 4 1656 5661 205 5680
831 4 1 41 4 1692 1702 1694 5651
832 4 1 41 4 1661 1656 1672 5680
833 4 1 41 4 1634 1635 5669 5717
834 4 1 41 4 1610 1602 5716 5723
835 4 1 41 4 1736 1746 1755 5656
836 4 1 41 4 5634 5644 5702 5739
837 4 1 41 4 1649 1637 1646 5722
838 4 1 41 4 5644 5634 5677 5739
839 4 1 41 4 1654 1662 1669 5690
840 4 1 41 4 1751 1732 1749 5707
841 4 1 41 4 5639 5649 5687 5728
842 4 1 41 4 1760 1774 192 5700
843 4 1 41 4 5666 5639 5707 5728
844 4 1 41 4 1736 5725 5656 5737
845 4 1 41 4 5647 5636 5680 5734
846 4 1 41 4 1709 5660 213 5727
847 4 1 41 4 1706 1725 155 5663
848 4 1 41 4 5640 5721 5681 5730
849 4 1 41 4 1662 5690 1654 5713
850 4 1 41 4 1646 1647 1635 5669
851 4 1 41 4 1776 1761 5711 5712
852 4 1 41 4 1755 159 1736 5737
853 4 1 41 4 1577 1579 1578 5662
854 4 1 41 4 1575 176 1596 5703
855 4 1 41 4 1612 5696 5653 5724
856 4 1 41 4 189 1703 7 5727
857 4 1 41 4 1653 1673 1667 5678
858 4 1 41 4 5632 5704 5682 5730
859 4 1 41 4 196 1598 1615 5716
860 4 1 41 4 5652 5694 5668 5715
861 4 1 41 4 5638 5710 5699 5727
862 4 1 41 4 5674 5716 1594 5735
863 4 1 41 4 1644 1637 1631 5737
864 4 1 41 4 196 5694 1598 5716
865 4 1 41 4 1644 181 1628 5667
866 4 1 41 4 1641 1634 1648 5720
867 4 1 41 4 5656 5684 1755 5737
868 4 1 41 4 216 5676 1707 5710
869 4 1 41 4 1638 5669 1646 5718
870 4 1 41 4 1584 1570 1588 5674
871 4 1 41 4 182 5684 5667 5737
872 4 1 41 4 5634 5716 5674 5735
873 4 1 41 4 1621 1607 1612 5653
874 4 1 41 4 173 1585 172 5729
875 4 1 41 4 1600 1616 1620 5668
876 4 1 41 4 154 1609 155 5723
877 4 1 41 4 1737 1738 1754 5655
878 4 1 41 4 172 5681 1587 5701
879 4 1 41 4 1632 205 5659 5680
880 4 1 41 4 1627 5717 1641 5720
881 4 1 41 4 184 1746 1744 5707
882 4 1 41 4 5642 5669 5722 5731
883 4 1 41 4 1608 1598 197 5694
884 4 1 41 4 5630 5685 5683 5705
885 4 1 41 4 215 216 1707 5710
886 4 1 41 4 1736 160 5725 5737
887 4 1 41 4 5642 5667 5656 5737
888 4 1 41 4 5631 5670 5705 5730
889 4 1 41 4 5631 5705 5704 5730
890 4 1 41 4 1723 1727 1711 5677
891 4 1 41 4 5665 5698 5637 5736
892 4 1 41 4 1610 5694 1621 5723
893 4 1 41 4 1750 1740 1739 5707
894 4 1 41 4 5639 5698 5665 5736
895 4 1 41 4 176 175 1670 5703
896 4 1 41 4 1610 1619 1621 5694
897 4 1 41 4 5636 5697 5675 5731
898 4 1 41 4 1739 1736 160 5725
899 4 1 41 4 197 1570 1581 5652
900 4 1 41 4 1762 1766 5657 5706
901 4 1 41 4 177 5654 178 5726
902 4 1 41 4 1593 1573 1587 5681
903 4 1 41 4 5654 5669 5636 5720
904 4 1 41 4 5681 5721 5648 5730
905 4 1 41 4 1635 1646 5669 5722
906 4 1 41 4 1606 5668 1620 5726
907 4 1 41 4 1728 183 1710 5684
908 4 1 41 4 5632 5648 5681 5701
909 4 1 41 4 1624 182 4 5684
910 4 1 41 4 5636 5720 5680 5734
911 4 1 41 4 1680 1687 1688 5700
912 4 1 41 4 1717 1708 1714 5728
913 4 1 41 4 5637 5661 5659 5689
914 4 1 41 4 1610 1615 5694 5716
915 4 1 41 4 1757 5693 1747 5732
916 4 1 41 4 1772 5664 1769 5711
917 4 1 41 4 156 155 1599 5663
918 4 1 41 4 1777 5706 1759 5733
919 4 1 41 4 1772 1774 1760 5664
920 4 1 41 4 1650 1630 5654 5720
921 4 1 41 4 5636 5658 5720 5734
922 4 1 41 4 175 174 1666 5703
923 4 1 41 4 5659 5722 5717 5731
924 4 1 41 4 1706 1719 1730 5709
925 4 1 41 4 1759 1777 167 5706
926 4 1 41 4 1600 1618 1608 5668
927 4 1 41 4 1745 1731 162 5732
928 4 1 41 4 1706 5663 1719 5709
929 4 1 41 4 177 1603 1623 5726
930 4 1 41 4 5640 5719 5662 5721
931 4 1 41 4 1617 5696 1614 5724
932 4 1 41 4 1660 1662 1654 5713
933 4 1 41 4 1757 1734 1747 5693
934 4 1 41 4 156 1611 157 5738
935 4 1 41 4 206 5661 165 5689
936 4 1 41 4 1616 1603 1620 5726
937 4 1 41 4 1753 5665 1745 5732
938 4 1 41 4 1732 185 1744 5707
939 4 1 41 4 5642 5697 5669 5731
940 4 1 41 4 1609 1599 155 5723
941 4 1 41 4 1639 1625 1640 5671
942 4 1 41 4 1645 1632 205 5659
943 4 1 41 4 1665 1657 1670 5734
944 4 1 41 4 1625 5722 5671 5725
945 4 1 41 4 5640 5674 5652 5719
946 4 1 41 4 176 5688 1596 5703
947 4 1 41 4 1695 194 1705 5692
948 4 1 41 4 1610 5716 5694 5723
949 4 1 41 4 171 1587 1595 5701
950 4 1 41 4 185 5707 1732 5728
951 4 1 41 4 1675 1671 1658 5701
952 4 1 41 4 1709 1712 1726 5710
953 4 1 41 4 1612 1614 5696 5724
954 4 1 41 4 5632 5690 5650 5701
955 4 1 41 4 5658 5633 5688 5703
956 4 1 41 4 161 1731 1739 5725
957 4 1 41 4 1617 1614 1604 5724
958 4 1 41 4 1692 1700 1701 5708
959 4 1 41 4 5635 5653 5672 5739
960 4 1 41 4 1693 191 1680 5700
961 4 1 41 4 5645 5638 5676 5708
962 4 1 41 4 5636 5669 5697 5731
963 4 1 41 4 1760 1768 5664 5695
964 4 1 41 4 5669 5717 1635 5722
965 4 1 41 4 1755 1736 5656 5737
966 4 1 41 4 1696 1681 1700 5708
967 4 1 41 4 1681 216 1685 5708
968 4 1 41 4 5641 5711 5706 5733
969 4 1 41 4 1705 5692 194 5712
970 4 1 41 4 1780 2 194 5712
971 4 1 41 4 1628 5667 181 5718
972 4 1 41 4 169 1776 1779 5711
973 4 1 41 4 1761 1772 1770 5711
974 4 1 41 4 1762 1766 1764 5657
975 4 1 41 4 1753 1745 1743 5732
976 4 1 41 4 1612 1605 1614 5724
977 4 1 41 4 1670 1657 1674 5658
978 4 1 41 4 1717 1718 1721 5709
979 4 1 41 4 1765 1768 5695 5733
980 4 1 41 4 1602 5677 5716 5723
981 4 1 41 4 5638 5651 5699 5708
982 4 1 41 4 5652 5674 5634 5716
983 4 1 41 4 1745 1753 1731 5665
984 4 1 41 4 5634 5672 5653 5739
985 4 1 41 4 6 177 1623 5688
986 4 1 41 4 192 193 1687 5700
987 4 1 41 4 1645 1642 1632 5659
988 4 1 41 4 5644 5663 5709 5739
989 4 1 41 4 157 1601 158 5738
990 4 1 41 4 166 165 5661 5706
991 4 1 41 4 1602 154 5677 5723
992 4 1 41 4 1663 1677 1667 5678
993 4 1 41 4 1650 201 1630 5720
994 4 1 41 4 1662 1660 1663 5690
995 4 1 41 4 1735 212 1756 5686
996 4 1 41 4 1655 5680 203 5734
997 4 1 41 4 5646 5638 5699 5727
998 4 1 41 4 1755 183 4 5684
999 4 1 41 4 1641 5717 1634 5720
1000 4 1 41 4 5634 5702 5672 5739
1001 4 1 41 4 1620 1606 1618 5668
1002 4 1 41 4 1632 204 205 5680
1003 4 1 41 4 5635 5684 5667 5696
1004 4 1 41 4 1643 177 1650 5654
1005 4 1 41 4 182 1617 181 5667
1006 4 1 41 4 1598 5694 1615 5716
1007 4 1 41 4 1737 1754 1733 5655
1008 4 1 41 4 176 1674 6 5688
1009 4 1 41 4 202 203 5720 5734
1010 4 1 41 4 1610 1615 1598 5694
1011 4 1 41 4 1718 5666 1721 5709
1012 4 1 41 4 194 5692 1695 5712
1013 4 1 41 4 5632 5681 5648 5730
1014 4 1 41 4 1763 1771 1778 5695
1015 4 1 41 4 1745 5665 1731 5732
1016 4 1 41 4 207 165 1762 5706
1017 4 1 41 4 5664 5695 1768 5733
1018 4 1 41 4 5 206 165 5689
1019 4 1 41 4 1640 5671 1625 5722
1020 4 1 41 4 1681 5676 216 5708
1021 4 1 41 4 1760 1771 1768 5695
1022 4 1 41 4 1672 1656 205 5680
1023 4 1 41 4 163 162 1639 5671
1024 4 1 41 4 1663 5678 1667 5690
1025 4 1 41 4 5631 5700 5692 5712
1026 4 1 41 4 1709 213 214 5727
1027 4 1 41 4 5659 5671 5722 5731
1028 4 1 41 4 5663 5723 5653 5739
1029 4 1 41 4 5640 5648 5721 5730
1030 4 1 41 4 164 5689 1757 5732
1031 4 1 41 4 1657 202 5720 5734
1032 4 1 41 4 5632 5678 5701 5729
1033 4 1 41 4 1770 1776 1761 5711
1034 4 1 41 4 186 1732 5687 5728
1035 4 1 41 4 205 1656 206 5661
1036 4 1 41 4 5647 5678 5658 5734
1037 4 1 41 4 209 1764 1758 5714
1038 4 1 41 4 1679 1697 5699 5727
1039 4 1 41 4 5678 5690 5632 5701
1040 4 1 41 4 1706 156 1719 5663
1041 4 1 41 4 1767 1765 1768 5695
1042 4 1 41 4 208 1764 209 5657
1043 4 1 41 4 1731 1750 1739 5665
1044 4 1 41 4 201 1657 202 5720
1045 4 1 41 4 1718 5709 1719 5738
1046 4 1 41 4 1773 5695 5686 5714
1047 4 1 41 4 5634 5653 5723 5739
1048 4 1 41 4 1658 1676 1667 5690
1049 4 1 41 4 1733 209 210 5714
1050 4 1 41 4 1679 5699 214 5727
1051 4 1 41 4 193 194 1695 5712
1052 4 1 41 4 207 1762 208 5657
1053 4 1 41 4 1659 1661 1660 5713
1054 4 1 41 4 164 1757 1747 5732
1055 4 1 41 4 1651 1645 206 5689
1056 4 1 41 4 5637 5671 5659 5731
1057 4 1 41 4 5677 5723 5663 5739
1058 4 1 41 4 188 7 213 5660
1059 4 1 41 4 1629 1651 164 5689
1060 4 1 41 4 1770 1772 1769 5711
1061 4 1 41 4 1723 1722 217 5676
1062 4 1 41 4 5648 5691 5640 5721
1063 4 1 41 4 1697 1683 1699 5727
1064 4 1 41 4 162 161 1625 5671
1065 4 1 41 4 5634 5723 5677 5739
1066 4 1 41 4 1756 7 188 5660
1067 4 1 41 4 1767 5695 1773 5714
1068 4 1 41 4 1709 214 1712 5710
1069 4 1 41 4 5644 5677 5663 5739
1070 4 1 41 4 5652 5634 5694 5716
1071 4 1 41 4 5657 5641 5706 5733
1072 4 1 41 4 1719 5709 5663 5738
1073 4 1 41 4 203 1655 204 5680
1074 4 1 41 4 167 1654 168 5713
1075 4 1 41 4 5637 5671 5665 5732
1076 4 1 41 4 189 1683 1703 5727
1077 4 1 41 4 1574 1594 152 5674
1078 4 1 41 4 5673 5702 5644 5739
1079 4 1 41 4 1764 208 1762 5657
1080 4 1 41 4 1704 218 1696 5735
1081 4 1 41 4 5667 5718 5643 5724
1082 4 1 41 4 5640 5679 5670 5730
1083 4 1 41 4 1773 5686 211 5714
1084 4 1 41 4 5642 5722 5671 5731
1085 4 1 41 4 5666 5684 5635 5738
1086 4 1 41 4 1685 5699 1686 5708
1087 4 1 41 4 153 1602 154 5677
1088 4 1 41 4 1672 1655 1661 5680
1089 4 1 41 4 1586 1584 1583 5719
1090 4 1 41 4 3 1622 153 5735
1091 4 1 41 4 1768 1769 5664 5733
1092 4 1 41 4 210 1773 211 5714
1093 4 1 41 4 177 178 1603 5726
1094 4 1 41 4 1597 180 1604 5724
1095 4 1 41 4 1720 1730 1716 5709
1096 4 1 41 4 1622 5716 153 5735
1097 4 1 41 4 1685 1686 1701 5708
1098 4 1 41 4 5667 5684 5656 5737
1099 4 1 41 4 216 1681 217 5676
1100 4 1 41 4 1665 1666 1677 5678
1101 4 1 41 4 3 5716 1622 5735
1102 4 1 41 4 156 1706 155 5663
1103 4 1 41 4 5634 5677 5716 5735
1104 4 1 41 4 5630 5655 5686 5714
1105 4 1 41 4 213 5660 7 5727
1106 4 1 41 4 5636 5659 5717 5731
1107 4 1 41 4 1625 5671 161 5725
1108 4 1 41 4 5669 5717 5636 5720
1109 4 1 41 4 1719 5663 156 5738
1110 4 1 41 4 5664 5711 5641 5733
1111 4 1 41 4 1602 1609 154 5723
1112 4 1 41 4 5659 5680 5636 5717
1113 4 1 41 4 1611 5696 157 5738
1114 4 1 41 4 1732 1741 186 5687
1115 4 1 41 4 1710 1721 1718 5666
1116 4 1 41 4 5662 5632 5681 5729
1117 4 1 41 4 1748 1741 1738 5687
1118 4 1 41 4 1758 1767 1773 5714
1119 4 1 41 4 1679 214 1697 5727
1120 4 1 41 4 1734 207 208 5693
1121 4 1 41 4 202 1668 203 5734
1122 4 1 41 4 1718 1719 1724 5738
1123 4 1 41 4 158 5684 1728 5738
1124 4 1 41 4 188 213 1709 5660
1125 4 1 41 4 1782 1771 1763 5695
1126 4 1 41 4 162 5671 163 5732
1127 4 1 41 4 1613 1606 1620 5726
1128 4 1 41 4 5637 5693 5689 5732
1129 4 1 41 4 1753 1750 1731 5665
1130 4 1 41 4 153 5716 5677 5735
1131 4 1 41 4 166 165 1656 5661
1132 4 1 41 4 1722 1707 216 5676
1133 4 1 41 4 5634 5653 5694 5723
1134 4 1 41 4 1742 208 209 5693
1135 4 1 41 4 154 1725 1711 5677
1136 4 1 41 4 200 1589 1596 5688
1137 4 1 41 4 149 1571 150 5691
1138 4 1 41 4 1584 1588 1574 5674
1139 4 1 41 4 5661 5706 5641 5713
1140 4 1 41 4 1697 1699 5699 5727
1141 4 1 41 4 206 1656 165 5661
1142 4 1 41 4 174 1653 5678 5729
1143 4 1 41 4 195 1622 3 5716
1144 4 1 41 4 160 1736 159 5737
1145 4 1 41 4 157 5696 1601 5738
1146 4 1 41 4 1571 5691 149 5721
1147 4 1 41 4 1721 1710 184 5666
1148 4 1 41 4 174 1653 1666 5678
1149 4 1 41 4 182 181 1644 5667
1150 4 1 41 4 1690 149 1678 5691
1151 4 1 41 4 1699 1679 1697 5699
1152 4 1 41 4 1600 1620 1618 5668
1153 4 1 41 4 1773 1767 1782 5695
1154 4 1 41 4 1677 1653 1667 5678
1155 4 1 41 4 1774 1761 193 5712
1156 4 1 41 4 1613 178 179 5726
1157 4 1 41 4 1768 1769 1772 5664
1158 4 1 41 4 1691 1678 150 5691
1159 4 1 41 4 1635 5717 1633 5722
1160 4 1 41 4 1713 1726 1712 5710
1161 4 1 41 4 1606 1597 1605 5724
1162 4 1 41 4 1601 157 1611 5696
1163 4 1 41 4 1727 1723 218 5735
1164 4 1 41 4 1614 1617 1601 5696
1165 4 1 41 4 1772 1760 1768 5664
1166 4 1 41 4 1575 1591 1576 5703
1167 4 1 41 4 1599 1609 1621 5723
1168 4 1 41 4 5637 5665 5693 5732
1169 4 1 41 4 175 176 1575 5703
1170 4 1 41 4 1742 1752 1743 5693
1171 4 1 41 4 5632 5701 5681 5729
1172 4 1 41 4 1682 1690 1698 5692
1173 4 1 41 4 5637 5698 5683 5736
1174 4 1 41 4 5637 5693 5665 5736
1175 4 1 41 4 1641 1648 1630 5720
1176 4 1 41 4 5663 5635 5696 5738
1177 4 1 41 4 1669 1662 1676 5690
1178 4 1 41 4 1764 1766 1765 5733
1179 4 1 41 4 1699 1689 1686 5699
1180 4 1 41 4 158 1728 1724 5738
1181 4 1 41 4 1570 1584 1592 5719
1182 4 1 41 4 1747 1734 1743 5693
1183 4 1 41 4 211 1773 1775 5686
1184 4 1 41 4 198 199 1600 5715
1185 4 1 41 4 174 5703 1576 5729
1186 4 1 41 4 1695 1698 1687 5692
1187 4 1 41 4 195 1588 196 5716
1188 4 1 41 4 1743 1747 5693 5732
1189 4 1 41 4 192 191 1760 5700
1190 4 1 41 4 171 172 1587 5701
1191 4 1 41 4 4 1652 159 5737
1192 4 1 41 4 162 1625 1639 5671
1193 4 1 41 4 1587 1585 1593 5681
1194 4 1 41 4 1735 211 212 5686
1195 4 1 41 4 1766 5706 1777 5733
1196 4 1 41 4 1611 1612 1614 5696
1197 4 1 41 4 1668 1655 203 5734
1198 4 1 41 4 1634 1633 1635 5717
1199 4 1 41 4 1608 1619 1598 5694
1200 4 1 41 4 1657 1668 202 5734
1201 4 1 41 4 5642 5698 5697 5731
1202 4 1 41 4 5642 5656 5725 5737
1203 4 1 41 4 1635 1649 1646 5722
1204 4 1 41 4 1766 1777 1759 5733
1205 4 1 41 4 1759 168 1779 5711
1206 4 1 41 4 1598 1619 1610 5694
1207 4 1 41 4 3 1704 152 5735
1208 4 1 41 4 1776 1780 1761 5712
1209 4 1 41 4 5671 5722 5642 5725
1210 4 1 41 4 1571 149 1582 5721
1211 4 1 41 4 1640 1635 1633 5722
1212 4 1 41 4 1679 1686 1685 5699
1213 4 1 41 4 1581 1572 198 5715
1214 4 1 41 4 1740 1744 1746 5707
1215 4 1 41 4 1640 1625 1649 5722
1216 4 1 41 4 1658 1673 172 5701
1217 4 1 41 4 1713 1712 1707 5710
1218 4 1 41 4 1633 1627 1632 5717
1219 4 1 41 4 5677 5634 5716 5723
1220 4 1 41 4 1628 181 180 5718
1221 4 1 41 4 186 5687 187 5728
1222 4 1 41 4 1610 1609 1602 5723
1223 4 1 41 4 1634 1641 1627 5717
1224 4 1 41 4 207 1757 5 5689
1225 4 1 41 4 200 6 1623 5688
1226 4 1 41 4 167 5706 166 5713
1227 4 1 41 4 158 1624 4 5684
1228 4 1 41 4 1582 1593 1590 5721
1229 4 1 41 4 174 175 1576 5703
1230 4 1 41 4 160 161 1739 5725
1231 4 1 41 4 1663 1667 1662 5690
1232 4 1 41 4 1759 5711 1769 5733
1233 4 1 41 4 1740 1750 1749 5707
1234 4 1 41 4 174 1576 1569 5729
1235 4 1 41 4 192 1680 191 5700
1236 4 1 41 4 5686 5695 5630 5714
1237 4 1 41 4 1714 186 187 5728
1238 4 1 41 4 1615 1602 1622 5716
1239 4 1 41 4 1728 4 183 5684
1240 4 1 41 4 213 7 1703 5727
1241 4 1 41 4 176 6 1596 5688
1242 4 1 41 4 1638 180 179 5718
1243 4 1 41 4 5684 5696 5635 5738
1244 4 1 41 4 164 5 1757 5689
1245 4 1 41 4 216 217 1722 5676
1246 4 1 41 4 1687 1680 192 5700
1247 4 1 41 4 174 173 1653 5729
1248 4 1 41 4 1666 1653 1677 5678
1249 4 1 41 4 1707 1712 215 5710
1250 4 1 41 4 188 187 1748 5687
1251 4 1 41 4 5694 5716 5634 5723
1252 4 1 41 4 164 1747 163 5732
1253 4 1 41 4 1630 201 202 5720
1254 4 1 41 4 1592 1579 1580 5719
1255 4 1 41 4 154 1711 153 5677
1256 4 1 41 4 153 5677 1727 5735
1257 4 1 41 4 1610 1621 1609 5723
1258 4 1 41 4 153 1711 1727 5677
1259 4 1 41 4 1636 160 1631 5725
1260 4 1 41 4 1743 1745 1747 5732
1261 4 1 41 4 199 1572 1589 5715
1262 4 1 41 4 157 1719 156 5738
1263 4 1 41 4 1781 212 1775 5686
1264 4 1 41 4 1665 1668 1657 5734
1265 4 1 41 4 1625 161 1636 5725
1266 4 1 41 4 1638 1646 1628 5718
1267 4 1 41 4 1721 185 1708 5728
1268 4 1 41 4 1662 1667 1676 5690
1269 4 1 41 4 1700 1681 1701 5708
1270 4 1 41 4 1716 1718 1717 5709
1271 4 1 41 4 1682 1695 1705 5692
1272 4 1 41 4 1685 1701 1681 5708
1273 4 1 41 4 208 1742 1734 5693
1274 4 1 41 4 1719 1718 1730 5709
1275 4 1 41 4 1732 1744 1749 5707
1276 4 1 41 4 1615 195 196 5716
1277 4 1 41 4 1588 1594 1574 5674
1278 4 1 41 4 1712 214 215 5710
1279 4 1 41 4 186 185 1732 5728
1280 4 1 41 4 1641 202 203 5720
1281 4 1 41 4 1631 5725 160 5737
1282 4 1 41 4 1659 1660 1654 5713
1283 4 1 41 4 162 163 1745 5732
1284 4 1 41 4 1776 1770 1779 5711
1285 4 1 41 4 1605 1604 1614 5724
1286 4 1 41 4 1578 1593 1585 5681
1287 4 1 41 4 210 1758 1773 5714
1288 4 1 41 4 150 1678 149 5691
1289 4 1 41 4 211 1775 212 5686
1290 4 1 41 4 1664 1655 1668 5734
1291 4 1 41 4 1665 1664 1668 5734
1292 4 1 41 4 1603 1613 1620 5726
1293 4 1 41 4 1585 173 1569 5729
1294 4 1 41 4 200 1596 6 5688
1295 4 1 41 4 4 1728 158 5684
1296 4 1 41 4 1672 204 1655 5680
1297 4 1 41 4 204 1672 205 5680
1298 4 1 41 4 1741 187 186 5687
1299 4 1 41 4 1686 1679 1699 5699
1300 4 1 41 4 167 1659 1654 5713
1301 4 1 41 4 1614 1601 1611 5696
1302 4 1 41 4 1734 1742 1743 5693
1303 4 1 41 4 5 164 1651 5689
1304 4 1 41 4 1758 210 209 5714
1305 4 1 41 4 1658 171 1675 5701
1306 4 1 41 4 1698 1695 1682 5692
1307 4 1 41 4 175 1575 1576 5703
1308 4 1 41 4 1590 1586 1571 5721
1309 4 1 41 4 158 1724 157 5738
1310 4 1 41 4 1769 1759 1770 5711
1311 4 1 41 4 171 1658 172 5701
1312 4 1 41 4 1768 1765 1769 5733
1313 4 1 41 4 153 1727 3 5735
1314 4 1 41 4 167 166 1659 5713
1315 4 1 41 4 1597 1604 1605 5724
1316 4 1 41 4 1652 1644 1631 5737
1317 4 1 41 4 1627 1633 1634 5717
1318 4 1 41 4 1613 1603 178 5726
1319 4 1 41 4 1761 194 193 5712
1320 4 1 41 4 1771 1782 1767 5695
1321 4 1 41 4 1703 1683 1697 5727
1322 4 1 41 4 1708 186 1714 5728
1323 4 1 41 4 1766 1759 1769 5733
1324 4 1 41 4 1730 1718 1716 5709
1325 4 1 41 4 167 1777 166 5706
1326 4 1 41 4 1768 1771 1767 5695
1327 4 1 41 4 199 198 1572 5715
1328 4 1 41 4 1649 1635 1640 5722
1329 4 1 41 4 1740 1749 1744 5707
1330 4 1 41 4 180 1638 1628 5718
1331 4 1 41 4 1762 1777 1766 5706
1332 4 1 41 4 5 1651 206 5689
1333 4 1 41 4 1741 1748 187 5687
1334 4 1 41 4 3 218 1704 5735
1335 4 1 41 4 1586 1579 1584 5719
1336 4 1 41 4 1759 1779 1770 5711
1337 4 1 41 4 174 1569 173 5729
1338 4 1 41 4 1571 1582 1590 5721
1339 4 1 41 4 1780 194 1761 5712
1340 4 1 41 4 159 1631 160 5737
1341 4 1 41 4 186 1708 185 5728
1342 4 1 41 4 1592 1584 1579 5719
1343 4 1 41 4 1641 1630 202 5720
1344 4 1 41 4 3 1727 218 5735
1345 4 1 41 4 1622 195 1615 5716
1346 4 1 41 4 160 1636 161 5725
1347 4 1 41 4 1766 1769 1765 5733
1348 4 1 41 4 1719 157 1724 5738
1349 4 1 41 4 1745 163 1747 5732
1350 4 1 41 4 213 1697 214 5727
1351 4 1 41 4 1762 166 1777 5706
1352 4 1 41 4 166 1762 165 5706
1353 4 1 41 4 1631 159 1652 5737
1354 4 1 41 4 213 1703 1697 5727
1355 4 1 41 4 5672 5673 1 5698
1356 4 1 41 4 1 5685 5683 5698
1357 4 1 41 4 5673 5685 1 5698
1358 4 1 41 4 5672 1 5697 5698
1359 4 1 41 4 1 5670 5685 5702
1360 4 1 41 4 1 5682 5704 5730
1361 4 1 41 4 5675 1 5704 5705
1362 4 1 41 4 5675 5683 1 5705
1363 4 1 41 4 1 5675 5697 5731
1364 4 1 41 4 1 5697 5698 5731
1365 4 1 41 4 1 5698 5675 5731
1366 4 1 41 4 1 5685 5670 5705
1367 4 1 41 4 1 5704 5705 5730
1368 4 1 41 4 1 5682 5675 5704
1369 4 1 41 4 1 5705 5670 5730
1370 4 1 41 4 1 5673 5672 5702
1371 4 1 41 4 1 5679 5682 5730
1372 4 1 41 4 5683 5685 1 5705
1373 4 1 41 4 5675 5682 1 5697
1374 4 1 41 4 1 5670 5679 5730
1375 4 1 41 4 1 5682 5672 5697
1376 4 1 41 4 1 5672 5679 5702
1377 4 1 41 4 1 5685 5673 5702
1378 4 1 41 4 1 5683 5675 5698
1379 4 1 41 4 1 5679 5672 5682
1380 4 1 41 4 1 5679 5670 5702
1381 4 1 41 4 5646 5670 5651 5638
1382 4 1 41 4 5651 5670 5646 5631
1383 4 1 41 4 5678 5682 5703 5632
1384 4 1 41 4 5703 5682 5678 5658
1385 4 1 41 4 5641 5733 5683 5664
1386 4 1 41 4 5641 5683 5733 5657
1387 4 1 41 4 5630 5683 5733 5664
1388 4 1 41 4 5630 5733 5683 5657
1389 4 1 41 4 5694 1607 1621 5653
1390 4 1 41 4 5694 1621 1607 1619
1391 4 1 41 4 5671 1642 1629 5659
1392 4 1 41 4 5671 1629 1642 1639
1393 4 1 41 4 5692 147 5712 1705
1394 4 1 41 4 5692 5712 147 5648
1395 4 1 41 4 2 5712 147 1705
1396 4 1 41 4 2 147 5712 5648
1397 4 1 41 4 5708 215 216 1685
1398 4 1 41 4 5718 5726 1597 179
1399 4 1 41 4 1597 5726 5718 5643
1400 4 1 41 4 5732 5659 5637 5671
1401 4 1 41 4 5732 5637 5659 5689
1402 4 1 41 4 5694 1618 1607 5668
1403 4 1 41 4 5694 1607 1618 1619
1404 4 1 41 4 5638 5660 5646 5685
1405 4 1 41 4 5646 5660 5638 5727
1406 4 1 41 4 5735 5644 1723 5676
1407 4 1 41 4 5735 1723 5644 5677
1408 4 1 41 4 1729 1723 5644 5676
1409 4 1 41 4 1729 5644 1723 5677
1410 4 1 41 4 5724 181 1617 5667
1411 4 1 41 4 5724 1617 181 1604
1412 4 1 41 4 1737 5714 1733 210
1413 4 1 41 4 1733 5714 1737 5655
1414 4 1 41 4 5717 204 203 1627
1415 4 1 41 4 5717 203 204 5680
1416 4 1 41 4 1649 5725 1625 1636
1417 4 1 41 4 1625 5725 1649 5722
1418 4 1 41 4 5728 184 1721 185
1419 4 1 41 4 5728 1721 184 5666
1420 4 1 41 4 1702 5708 1692 1701
1421 4 1 41 4 1692 5708 1702 5651
1422 4 1 41 4 5715 200 1616 5688
1423 4 1 41 4 5715 1616 200 199
1424 4 1 41 4 5719 1581 1570 5652
1425 4 1 41 4 5719 1570 1581 1592
1426 4 1 41 4 1650 5688 177 6
1427 4 1 41 4 177 5688 1650 5654
1428 4 1 41 4 5686 7 1756 5660
1429 4 1 41 4 5686 1756 7 212
1430 4 1 41 4 5695 1775 1773 5686
1431 4 1 41 4 5695 1773 1775 1782
1432 4 1 41 4 5724 1607 1612 1605
1433 4 1 41 4 5724 1612 1607 5653
1434 4 1 41 4 5710 216 5708 215
1435 4 1 41 4 5710 5708 216 5676
1436 4 1 41 4 5729 1577 1578 5662
1437 4 1 41 4 5729 1578 1577 1569
1438 4 1 41 4 1710 5738 1718 1724
1439 4 1 41 4 1718 5738 1710 5666
1440 4 1 41 4 1596 5703 1589 1575
1441 4 1 41 4 1589 5703 1596 5688
1442 4 1 41 4 1578 5729 1585 1569
1443 4 1 41 4 1585 5729 1578 5681
1444 4 1 41 4 5713 1656 166 1659
1445 4 1 41 4 5713 166 1656 5661
1446 4 1 41 4 5716 153 1602 1622
1447 4 1 41 4 5716 1602 153 5677
1448 4 1 41 4 5721 1579 1586 5719
1449 4 1 41 4 5721 1586 1579 1590
1450 4 1 41 4 5721 1578 1593 1590
1451 4 1 41 4 5721 1593 1578 5681
1452 4 1 41 4 5716 1594 1588 5674
1453 4 1 41 4 5716 1588 1594 195
1454 4 1 41 4 5737 182 1644 5667
1455 4 1 41 4 5737 1644 182 1652
1456 4 1 41 4 5738 1728 1710 5684
1457 4 1 41 4 5738 1710 1728 1724
1458 5 12 51 8 15 497 2711 321 957 4094 7165 3695
1459 5 12 51 8 957 4094 7165 3695 83 961 4115 913
1460 5 12 51 8 321 2711 2712 322 3695 7165 7166 3696
1461 5 12 51 8 3695 7165 7166 3696 913 4115 4116 914
1462 5 12 51 8 322 2712 2713 323 3696 7166 7167 3697
1463 5 12 51 8 3696 7166 7167 3697 914 4116 4117 915
1464 5 12 51 8 323 2713 2714 324 3697 7167 7168 3698
1465 5 12 51 8 3697 7167 7168 3698 915 4117 4118 916
1466 5 12 51 8 324 2714 2715 325 3698 7168 7169 3699
1467 5 12 51 8 3698 7168 7169 3699 916 4118 4119 917
1468 5 12 51 8 325 2715 2716 326 3699 7169 7170 3700
1469 5 12 51 8 3699 7169 7170 3700 917 4119 4120 918
1470 5 12 51 8 326 2716 2717 327 3700 7170 7171 3701
1471 5 12 51 8 3700 7170 7171 3701 918 4120 4121 919
1472 5 12 51 8 327 2717 2718 328 3701 7171 7172 3702
1473 5 12 51 8 3701 7171 7172 3702 919 4121 4122 920
1474 5 12 51 8 328 2718 2719 329 3702 7172 7173 3703
1475 5 12 51 8 3702 7172 7173 3703 920 4122 4123 921
1476 5 12 51 8 329 2719 2720 330 3703 7173 7174 3704
1477 5 12 51 8 3703 7173 7174 3704 921 4123 4124 922
1478 5 12 51 8 330 2720 2721 331 3704 7174 7175 3705
1479 5 12 51 8 3704 7174 7175 3705 922 4124 4125 923
1480 5 12 51 8 331 2721 502 16 3705 7175 4110 958
1481 5 12 51 8 3705 7175 4110 958 923 4125 981 84
1482 5 12 51 8 497 498 2722 2711 4094 4095 7176 7165
1483 5 12 51 8 4094 4095 7176 7165 961 962 4126 4115
1484 5 12 51 8 2711 2722 2723 2712 7165 7176 7177 7166
1485 5 12 51 8 7165 7176 7177 7166 4115 4126 4127 4116
1486 5 12 51 8 2712 2723 2724 2713 7166 7177 7178 7167
1487 5 12 51 8 7166 7177 7178 7167 4116 4127 4128 4117
1488 5 12 51 8 2713 2724 2725 2714 7167 7178 7179 7168
1489 5 12 51 8 7167 7178 7179 7168 4117 4128 4129 4118
1490 5 12 51 8 2714 2725 2726 2715 7168 7179 7180 7169
1491 5 12 51 8 7168 7179 7180 7169 4118 4129 4130 4119
1492 5 12 51 8 2715 2726 2727 2716 7169 7180 7181 7170
1493 5 12 51 8 7169 7180 7181 7170 4119 4130 4131 4120
1494 5 12 51 8 2716 2727 2728 2717 7170 7181 7182 7171
1495 5 12 51 8 7170 7181 7182 7171 4120 4131 4132 4121
1496 5 12 51 8 2717 2728 2729 2718 7171 7182 7183 7172
1497 5 12 51 8 7171 7182 7183 7172 4121 4132 4133 4122
1498 5 12 51 8 2718 2729 2730 2719 7172 7183 7184 7173
1499 5 12 51 8 7172 7183 7184 7173 4122 4133 4134 4123
1500 5 12 51 8 2719 2730 2731 2720 7173 7184 7185 7174
1501 5 12 51 8 7173 7184 7185 7174 4123 4134 4135 4124
1502 5 12 51 8 2720 2731 2732 2721 7174 7185 7186 7175
1503 5 12 51 8 7174 7185 7186 7175 4124 4135 4136 4125
1504 5 12 51 8 2721 2732 503 502 7175 7186 4111 4110
1505 5 12 51 8 7175 7186 4111 4110 4125 4136 980 981
1506 5 12 51 8 498 499 2733 2722 4095 4096 7187 7176
1507 5 12 51 8 4095 4096 7187 7176 962 963 4137 4126
1508 5 12 51 8 2722 2733 2734 2723 7176 7187 7188 7177
1509 5 12 51 8 7176 7187 7188 7177 4126 4137 4138 4127
1510 5 12 51 8 2723 2734 2735 2724 7177 7188 7189 7178
1511 5 12 51 8 7177 7188 7189 7178 4127 4138 4139 4128
1512 5 12 51 8 2724 2735 2736 2725 7178 7189 7190 7179
1513 5 12 51 8 7178 7189 7190 7179 4128 4139 4140 4129
1514 5 12 51 8 2725 2736 2737 2726 7179 7190 7191 7180
1515 5 12 51 8 7179 7190 7191 7180 4129 4140 4141 4130
1516 5 12 51 8 2726 2737 2738 2727 7180 7191 7192 7181
1517 5 12 51 8 7180 7191 7192 7181 4130 4141 4142 4131
1518 5 12 51 8 2727 2738 2739 2728 7181 7192 7193 7182
1519 5 12 51 8 7181 7192 7193 7182 4131 4142 4143 4132
1520 5 12 51 8 2728 2739 2740 2729 7182 7193 7194 7183
1521 5 12 51 8 7182 7193 7194 7183 4132 4143 4144 4133
1522 5 12 51 8 2729 2740 2741 2730 7183 7194 7195 7184
1523 5 12 51 8 7183 7194 7195 7184 4133 4144 4145 4134
1524 5 12 51 8 2730 2741 2742 2731 7184 7195 7196 7185
1525 5 12 51 8 7184 7195 7196 7185 4134 4145 4146 4135
1526 5 12 51 8 2731 2742 2743 2732 7185 7196 7197 7186
1527 5 12 51 8 7185 7196 7197 7186 4135 4146 4147 4136
1528 5 12 51 8 2732 2743 504 503 7186 7197 4112 4111
1529 5 12 51 8 7186 7197 4112 4111 4136 4147 979 980
1530 5 12 51 8 499 500 2744 2733 4096 4097 7198 7187
1531 5 12 51 8 4096 4097 7198 7187 963 964 4148 4137
1532 5 12 51 8 2733 2744 2745 2734 7187 7198 7199 7188
1533 5 12 51 8 7187 7198 7199 7188 4137 4148 4149 4138
1534 5 12 51 8 2734 2745 2746 2735 7188 7199 7200 7189
1535 5 12 51 8 7188 7199 7200 7189 4138 4149 4150 4139
1536 5 12 51 8 2735 2746 2747 2736 7189 7200 7201 7190
1537 5 12 51 8 7189 7200 7201 7190 4139 4150 4151 4140
1538 5 12 51 8 2736 2747 2748 2737 7190 7201 7202 7191
1539 5 12 51 8 7190 7201 7202 7191 4140 4151 4152 4141
1540 5 12 51 8 2737 2748 2749 2738 7191 7202 7203 7192
1541 5 12 51 8 7191 7202 7203 7192 4141 4152 4153 4142
1542 5 12 51 8 2738 2749 2750 2739 7192 7203 7204 7193
1543 5 12 51 8 7192 7203 7204 7193 4142 4153 4154 4143
1544 5 12 51 8 2739 2750 2751 2740 7193 7204 7205 7194
1545 5 12 51 8 7193 7204 7205 7194 4143 4154 4155 4144
1546 5 12 51 8 2740 2751 2752 2741 7194 7205 7206 7195
1547 5 12 51 8 7194 7205 7206 7195 4144 4155 4156 4145
1548 5 12 51 8 2741 2752 2753 2742 7195 7206 7207 7196
1549 5 12 51 8 7195 7206 7207 7196 4145 4156 4157 4146
1550 5 12 51 8 2742 2753 2754 2743 7196 7207 7208 7197
1551 5 12 51 8 7196 7207 7208 7197 4146 4157 4158 4147
1552 5 12 51 8 2743 2754 505 504 7197 7208 4113 4112
1553 5 12 51 8 7197 7208 4113 4112 4147 4158 978 979
1554 5 12 51 8 500 501 2755 2744 4097 4098 7209 7198
1555 5 12 51 8 4097 4098 7209 7198 964 965 4159 4148
1556 5 12 51 8 2744 2755 2756 2745 7198 7209 7210 7199
1557 5 12 51 8 7198 7209 7210 7199 4148 4159 4160 4149
1558 5 12 51 8 2745 2756 2757 2746 7199 7210 7211 7200
1559 5 12 51 8 7199 7210 7211 7200 4149 4160 4161 4150
1560 5 12 51 8 2746 2757 2758 2747 7200 7211 7212 7201
1561 5 12 51 8 7200 7211 7212 7201 4150 4161 4162 4151
1562 5 12 51 8 2747 2758 2759 2748 7201 7212 7213 7202
1563 5 12 51 8 7201 7212 7213 7202 4151 4162 4163 4152
1564 5 12 51 8 2748 2759 2760 2749 7202 7213 7214 7203
1565 5 12 51 8 7202 7213 7214 7203 4152 4163 4164 4153
1566 5 12 51 8 2749 2760 2761 2750 7203 7214 7215 7204
1567 5 12 51 8 7203 7214 7215 7204 4153 4164 4165 4154
1568 5 12 51 8 2750 2761 2762 2751 7204 7215 7216 7205
1569 5 12 51 8 7204 7215 7216 7205 4154 4165 4166 4155
1570 5 12 51 8 2751 2762 2763 2752 7205 7216 7217 7206
1571 5 12 51 8 7205 7216 7217 7206 4155 4166 4167 4156
1572 5 12 51 8 2752 2763 2764 2753 7206 7217 7218 7207
1573 5 12 51 8 7206 7217 7218 7207 4156 4167 4168 4157
1574 5 12 51 8 2753 2764 2765 2754 7207 7218 7219 7208
1575 5 12 51 8 7207 7218 7219 7208 4157 4168 4169 4158
1576 5 12 51 8 2754 2765 506 505 7208 7219 4114 4113
1577 5 12 51 8 7208 7219 4114 4113 4158 4169 977 978
1578 5 12 51 8 501 19 365 2755 4098 982 4099 7209
1579 5 12 51 8 4098 982 4099 7209 965 87 966 4159
1580 5 12 51 8 2755 365 366 2756 7209 4099 4100 7210
1581 5 12 51 8 7209 4099 4100 7210 4159 966 967 4160
1582 5 12 51 8 2756 366 367 2757 7210 4100 4101 7211
1583 5 12 51 8 7210 4100 4101 7211 4160 967 968 4161
1584 5 12 51 8 2757 367 368 2758 7211 4101 4102 7212
1585 5 12 51 8 7211 4101 4102 7212 4161 968 969 4162
1586 5 12 51 8 2758 368 369 2759 7212 4102 4103 7213
1587 5 12 51 8 7212 4102 4103 7213 4162 969 970 4163
1588 5 12 51 8 2759 369 370 2760 7213 4103 4104 7214
1589 5 12 51 8 7213 4103 4104 7214 4163 970 971 4164
1590 5 12 51 8 2760 370 371 2761 7214 4104 4105 7215
1591 5 12 51 8 7214 4104 4105 7215 4164 971 972 4165
1592 5 12 51 8 2761 371 372 2762 7215 4105 4106 7216
1593 5 12 51 8 7215 4105 4106 7216 4165 972 973 4166
1594 5 12 51 8 2762 372 373 2763 7216 4106 4107 7217
1595 5 12 51 8 7216 4106 4107 7217 4166 973 974 4167
1596 5 12 51 8 2763 373 374 2764 7217 4107 4108 7218
1597 5 12 51 8 7217 4107 4108 7218 4167 974 975 4168
1598 5 12 51 8 2764 374 375 2765 7218 4108 4109 7219
1599 5 12 51 8 7218 4108 4109 7219 4168 975 976 4169
1600 5 12 51 8 2765 375 20 506 7219 4109 983 4114
1601 5 12 51 8 7219 4109 983 4114 4169 976 88 977
1602 5 12 52 8 16 502 2766 332 958 4110 7220 3706
1603 5 12 52 8 958 4110 7220 3706 84 981 4186 924
1604 5 12 52 8 332 2766 2767 333 3706 7220 7221 3707
1605 5 12 52 8 3706 7220 7221 3707 924 4186 4187 925
1606 5 12 52 8 333 2767 2768 334 3707 7221 7222 3708
1607 5 12 52 8 3707 7221 7222 3708 925 4187 4188 926
1608 5 12 52 8 334 2768 2769 335 3708 7222 7223 3709
1609 5 12 52 8 3708 7222 7223 3709 926 4188 4189 927
1610 5 12 52 8 335 2769 2770 336 3709 7223 7224 3710
1611 5 12 52 8 3709 7223 7224 3710 927 4189 4190 928
1612 5 12 52 8 336 2770 2771 337 3710 7224 7225 3711
1613 5 12 52 8 3710 7224 7225 3711 928 4190 4191 929
1614 5 12 52 8 337 2771 2772 338 3711 7225 7226 3712
1615 5 12 52 8 3711 7225 7226 3712 929 4191 4192 930
1616 5 12 52 8 338 2772 2773 339 3712 7226 7227 3713
1617 5 12 52 8 3712 7226 7227 3713 930 4192 4193 931
1618 5 12 52 8 339 2773 2774 340 3713 7227 7228 3714
1619 5 12 52 8 3713 7227 7228 3714 931 4193 4194 932
1620 5 12 52 8 340 2774 2775 341 3714 7228 7229 3715
1621 5 12 52 8 3714 7228 7229 3715 932 4194 4195 933
1622 5 12 52 8 341 2775 2776 342 3715 7229 7230 3716
1623 5 12 52 8 3715 7229 7230 3716 933 4195 4196 934
1624 5 12 52 8 342 2776 507 17 3716 7230 4181 959
1625 5 12 52 8 3716 7230 4181 959 934 4196 999 85
1626 5 12 52 8 502 503 2777 2766 4110 4111 7231 7220
1627 5 12 52 8 4110 4111 7231 7220 981 980 4197 4186
1628 5 12 52 8 2766 2777 2778 2767 7220 7231 7232 7221
1629 5 12 52 8 7220 7231 7232 7221 4186 4197 4198 4187
1630 5 12 52 8 2767 2778 2779 2768 7221 7232 7233 7222
1631 5 12 52 8 7221 7232 7233 7222 4187 4198 4199 4188
1632 5 12 52 8 2768 2779 2780 2769 7222 7233 7234 7223
1633 5 12 52 8 7222 7233 7234 7223 4188 4199 4200 4189
1634 5 12 52 8 2769 2780 2781 2770 7223 7234 7235 7224
1635 5 12 52 8 7223 7234 7235 7224 4189 4200 4201 4190
1636 5 12 52 8 2770 2781 2782 2771 7224 7235 7236 7225
1637 5 12 52 8 7224 7235 7236 7225 4190 4201 4202 4191
1638 5 12 52 8 2771 2782 2783 2772 7225 7236 7237 7226
1639 5 12 52 8 7225 7236 7237 7226 4191 4202 4203 4192
1640 5 12 52 8 2772 2783 2784 2773 7226 7237 7238 7227
1641 5 12 52 8 7226 7237 7238 7227 4192 4203 4204 4193
1642 5 12 52 8 2773 2784 2785 2774 7227 7238 7239 7228
1643 5 12 52 8 7227 7238 7239 7228 4193 4204 4205 4194
1644 5 12 52 8 2774 2785 2786 2775 7228 7239 7240 7229
1645 5 12 52 8 7228 7239 7240 7229 4194 4205 4206 4195
1646 5 12 52 8 2775 2786 2787 2776 7229 7240 7241 7230
1647 5 12 52 8 7229 7240 7241 7230 4195 4206 4207 4196
1648 5 12 52 8 2776 2787 508 507 7230 7241 4182 4181
1649 5 12 52 8 7230 7241 4182 4181 4196 4207 998 999
1650 5 12 52 8 503 504 2788 2777 4111 4112 7242 7231
1651 5 12 52 8 4111 4112 7242 7231 980 979 4208 4197
1652 5 12 52 8 2777 2788 2789 2778 7231 7242 7243 7232
1653 5 12 52 8 7231 7242 7243 7232 4197 4208 4209 4198
1654 5 12 52 8 2778 2789 2790 2779 7232 7243 7244 7233
1655 5 12 52 8 7232 7243 7244 7233 4198 4209 4210 4199
1656 5 12 52 8 2779 2790 2791 2780 7233 7244 7245 7234
1657 5 12 52 8 7233 7244 7245 7234 4199 4210 4211 4200
1658 5 12 52 8 2780 2791 2792 2781 7234 7245 7246 7235
1659 5 12 52 8 7234 7245 7246 7235 4200 4211 4212 4201
1660 5 12 52 8 2781 2792 2793 2782 7235 7246 7247 7236
1661 5 12 52 8 7235 7246 7247 7236 4201 4212 4213 4202
1662 5 12 52 8 2782 2793 2794 2783 7236 7247 7248 7237
1663 5 12 52 8 7236 7247 7248 7237 4202 4213 4214 4203
1664 5 12 52 8 2783 2794 2795 2784 7237 7248 7249 7238
1665 5 12 52 8 7237 7248 7249 7238 4203 4214 4215 4204
1666 5 12 52 8 2784 2795 2796 2785 7238 7249 7250 7239
1667 5 12 52 8 7238 7249 7250 7239 4204 4215 4216 4205
1668 5 12 52 8 2785 2796 2797 2786 7239 7250 7251 7240
1669 5 12 52 8 7239 7250 7251 7240 4205 4216 4217 4206
1670 5 12 52 8 2786 2797 2798 2787 7240 7251 7252 7241
1671 5 12 52 8 7240 7251 7252 7241 4206 4217 4218 4207
1672 5 12 52 8 2787 2798 509 508 7241 7252 4183 4182
1673 5 12 52 8 7241 7252 4183 4182 4207 4218 997 998
1674 5 12 52 8 504 505 2799 2788 4112 4113 7253 7242
1675 5 12 52 8 4112 4113 7253 7242 979 978 4219 4208
1676 5 12 52 8 2788 2799 2800 2789 7242 7253 7254 7243
1677 5 12 52 8 7242 7253 7254 7243 4208 4219 4220 4209
1678 5 12 52 8 2789 2800 2801 2790 7243 7254 7255 7244
1679 5 12 52 8 7243 7254 7255 7244 4209 4220 4221 4210
1680 5 12 52 8 2790 2801 2802 2791 7244 7255 7256 7245
1681 5 12 52 8 7244 7255 7256 7245 4210 4221 4222 4211
1682 5 12 52 8 2791 2802 2803 2792 7245 7256 7257 7246
1683 5 12 52 8 7245 7256 7257 7246 4211 4222 4223 4212
1684 5 12 52 8 2792 2803 2804 2793 7246 7257 7258 7247
1685 5 12 52 8 7246 7257 7258 7247 4212 4223 4224 4213
1686 5 12 52 8 2793 2804 2805 2794 7247 7258 7259 7248
1687 5 12 52 8 7247 7258 7259 7248 4213 4224 4225 4214
1688 5 12 52 8 2794 2805 2806 2795 7248 7259 7260 7249
1689 5 12 52 8 7248 7259 7260 7249 4214 4225 4226 4215
1690 5 12 52 8 2795 2806 2807 2796 7249 7260 7261 7250
1691 5 12 52 8 7249 7260 7261 7250 4215 4226 4227 4216
1692 5 12 52 8 2796 2807 2808 2797 7250 7261 7262 7251
1693 5 12 52 8 7250 7261 7262 7251 4216 4227 4228 4217
1694 5 12 52 8 2797 2808 2809 2798 7251 7262 7263 7252
1695 5 12 52 8 7251 7262 7263 7252 4217 4228 4229 4218
1696 5 12 52 8 2798 2809 510 509 7252 7263 4184 4183
1697 5 12 52 8 7252 7263 4184 4183 4218 4229 996 997
1698 5 12 52 8 505 506 2810 2799 4113 4114 7264 7253
1699 5 12 52 8 4113 4114 7264 7253 978 977 4230 4219
1700 5 12 52 8 2799 2810 2811 2800 7253 7264 7265 7254
1701 5 12 52 8 7253 7264 7265 7254 4219 4230 4231 4220
1702 5 12 52 8 2800 2811 2812 2801 7254 7265 7266 7255
1703 5 12 52 8 7254 7265 7266 7255 4220 4231 4232 4221
1704 5 12 52 8 2801 2812 2813 2802 7255 7266 7267 7256
1705 5 12 52 8 7255 7266 7267 7256 4221 4232 4233 4222
1706 5 12 52 8 2802 2813 2814 2803 7256 7267 7268 7257
1707 5 12 52 8 7256 7267 7268 7257 4222 4233 4234 4223
1708 5 12 52 8 2803 2814 2815 2804 7257 7268 7269 7258
1709 5 12 52 8 7257 7268 7269 7258 4223 4234 4235 4224
1710 5 12 52 8 2804 2815 2816 2805 7258 7269 7270 7259
1711 5 12 52 8 7258 7269 7270 7259 4224 4235 4236 4225
1712 5 12 52 8 2805 2816 2817 2806 7259 7270 7271 7260
1713 5 12 52 8 7259 7270 7271 7260 4225 4236 4237 4226
1714 5 12 52 8 2806 2817 2818 2807 7260 7271 7272 7261
1715 5 12 52 8 7260 7271 7272 7261 4226 4237 4238 4227
1716 5 12 52 8 2807 2818 2819 2808 7261 7272 7273 7262
1717 5 12 52 8 7261 7272 7273 7262 4227 4238 4239 4228
1718 5 12 52 8 2808 2819 2820 2809 7262 7273 7274 7263
1719 5 12 52 8 7262 7273 7274 7263 4228 4239 4240 4229
1720 5 12 52 8 2809 2820 511 510 7263 7274 4185 4184
1721 5 12 52 8 7263 7274 4185 4184 4229 4240 995 996
1722 5 12 52 8 506 20 376 2810 4114 983 4170 7264
1723 5 12 52 8 4114 983 4170 7264 977 88 984 4230
1724 5 12 52 8 2810 376 377 2811 7264 4170 4171 7265
1725 5 12 52 8 7264 4170 4171 7265 4230 984 985 4231
1726 5 12 52 8 2811 377 378 2812 7265 4171 4172 7266
1727 5 12 52 8 7265 4171 4172 7266 4231 985 986 4232
1728 5 12 52 8 2812 378 379 2813 7266 4172 4173 7267
1729 5 12 52 8 7266 4172 4173 7267 4232 986 987 4233
1730 5 12 52 8 2813 379 380 2814 7267 4173 4174 7268
1731 5 12 52 8 7267 4173 4174 7268 4233 987 988 4234
1732 5 12 52 8 2814 380 381 2815 7268 4174 4175 7269
1733 5 12 52 8 7268 4174 4175 7269 4234 988 989 4235
1734 5 12 52 8 2815 381 382 2816 7269 4175 4176 7270
1735 5 12 52 8 7269 4175 4176 7270 4235 989 990 4236
1736 5 12 52 8 2816 382 383 2817 7270 4176 4177 7271
1737 5 12 52 8 7270 4176 4177 7271 4236 990 991 4237
1738 5 12 52 8 2817 383 384 2818 7271 4177 4178 7272
1739 5 12 52 8 7271 4177 4178 7272 4237 991 992 4238
1740 5 12 52 8 2818 384 385 2819 7272 4178 4179 7273
1741 5 12 52 8 7272 4178 4179 7273 4238 992 993 4239
1742 5 12 52 8 2819 385 386 2820 7273 4179 4180 7274
1743 5 12 52 8 7273 4179 4180 7274 4239 993 994 4240
1744 5 12 52 8 2820 386 21 511 7274 4180 1000 4185
1745 5 12 52 8 7274 4180 1000 4185 4240 994 89 995
1746 5 12 53 8 17 507 2821 343 959 4181 7275 3717
1747 5 12 53 8 959 4181 7275 3717 85 999 4257 935
1748 5 12 53 8 343 2821 2822 344 3717 7275 7276 3718
1749 5 12 53 8 3717 7275 7276 3718 935 4257 4258 936
1750 5 12 53 8 344 2822 2823 345 3718 7276 7277 3719
1751 5 12 53 8 3718 7276 7277 3719 936 4258 4259 937
1752 5 12 53 8 345 2823 2824 346 3719 7277 7278 3720
1753 5 12 53 8 3719 7277 7278 3720 937 4259 4260 938
1754 5 12 53 8 346 2824 2825 347 3720 7278 7279 3721
1755 5 12 53 8 3720 7278 7279 3721 938 4260 4261 939
1756 5 12 53 8 347 2825 2826 348 3721 7279 7280 3722
1757 5 12 53 8 3721 7279 7280 3722 939 4261 4262 940
1758 5 12 53 8 348 2826 2827 349 3722 7280 7281 3723
1759 5 12 53 8 3722 7280 7281 3723 940 4262 4263 941
1760 5 12 53 8 349 2827 2828 350 3723 7281 7282 3724
1761 5 12 53 8 3723 7281 7282 3724 941 4263 4264 942
1762 5 12 53 8 350 2828 2829 351 3724 7282 7283 3725
1763 5 12 53 8 3724 7282 7283 3725 942 4264 4265 943
1764 5 12 53 8 351 2829 2830 352 3725 7283 7284 3726
1765 5 12 53 8 3725 7283 7284 3726 943 4265 4266 944
1766 5 12 53 8 352 2830 2831 353 3726 7284 7285 3727
1767 5 12 53 8 3726 7284 7285 3727 944 4266 4267 945
1768 5 12 53 8 353 2831 512 18 3727 7285 4252 960
1769 5 12 53 8 3727 7285 4252 960 945 4267 1016 86
1770 5 12 53 8 507 508 2832 2821 4181 4182 7286 7275
1771 5 12 53 8 4181 4182 7286 7275 999 998 4268 4257
1772 5 12 53 8 2821 2832 2833 2822 7275 7286 7287 7276
1773 5 12 53 8 7275 7286 7287 7276 4257 4268 4269 4258
1774 5 12 53 8 2822 2833 2834 2823 7276 7287 7288 7277
1775 5 12 53 8 7276 7287 7288 7277 4258 4269 4270 4259
1776 5 12 53 8 2823 2834 2835 2824 7277 7288 7289 7278
1777 5 12 53 8 7277 7288 7289 7278 4259 4270 4271 4260
1778 5 12 53 8 2824 2835 2836 2825 7278 7289 7290 7279
1779 5 12 53 8 7278 7289 7290 7279 4260 4271 4272 4261
1780 5 12 53 8 2825 2836 2837 2826 7279 7290 7291 7280
1781 5 12 53 8 7279 7290 7291 7280 4261 4272 4273 4262
1782 5 12 53 8 2826 2837 2838 2827 7280 7291 7292 7281
1783 5 12 53 8 7280 7291 7292 7281 4262 4273 4274 4263
1784 5 12 53 8 2827 2838 2839 2828 7281 7292 7293 7282
1785 5 12 53 8 7281 7292 7293 7282 4263 4274 4275 4264
1786 5 12 53 8 2828 2839 2840 2829 7282 7293 7294 7283
1787 5 12 53 8 7282 7293 7294 7283 4264 4275 4276 4265
1788 5 12 53 8 2829 2840 2841 2830 7283 7294 7295 7284
1789 5 12 53 8 7283 7294 7295 7284 4265 4276 4277 4266
1790 5 12 53 8 2830 2841 2842 2831 7284 7295 7296 7285
1791 5 12 53 8 7284 7295 7296 7285 4266 4277 4278 4267
1792 5 12 53 8 2831 2842 513 512 7285 7296 4253 4252
1793 5 12 53 8 7285 7296 4253 4252 4267 4278 1015 1016
1794 5 12 53 8 508 509 2843 2832 4182 4183 7297 7286
1795 5 12 53 8 4182 4183 7297 7286 998 997 4279 4268
1796 5 12 53 8 2832 2843 2844 2833 7286 7297 7298 7287
1797 5 12 53 8 7286 7297 7298 7287 4268 4279 4280 4269
1798 5 12 53 8 2833 2844 2845 2834 7287 7298 7299 7288
1799 5 12 53 8 7287 7298 7299 7288 4269 4280 4281 4270
1800 5 12 53 8 2834 2845 2846 2835 7288 7299 7300 7289
1801 5 12 53 8 7288 7299 7300 7289 4270 4281 4282 4271
1802 5 12 53 8 2835 2846 2847 2836 7289 7300 7301 7290
1803 5 12 53 8 7289 7300 7301 7290 4271 4282 4283 4272
1804 5 12 53 8 2836 2847 2848 2837 7290 7301 7302 7291
1805 5 12 53 8 7290 7301 7302 7291 4272 4283 4284 4273
1806 5 12 53 8 2837 2848 2849 2838 7291 7302 7303 7292
1807 5 12 53 8 7291 7302 7303 7292 4273 4284 4285 4274
1808 5 12 53 8 2838 2849 2850 2839 7292 7303 7304 7293
1809 5 12 53 8 7292 7303 7304 7293 4274 4285 4286 4275
1810 5 12 53 8 2839 2850 2851 2840 7293 7304 7305 7294
1811 5 12 53 8 7293 7304 7305 7294 4275 4286 4287 4276
1812 5 12 53 8 2840 2851 2852 2841 7294 7305 7306 7295
1813 5 12 53 8 7294 7305 7306 7295 4276 4287 4288 4277
1814 5 12 53 8 2841 2852 2853 2842 7295 7306 7307 7296
1815 5 12 53 8 7295 7306 7307 7296 4277 4288 4289 4278
1816 5 12 53 8 2842 2853 514 513 7296 7307 4254 4253
1817 5 12 53 8 7296 7307 4254 4253 4278 4289 1014 1015
1818 5 12 53 8 509 510 2854 2843 4183 4184 7308 7297
1819 5 12 53 8 4183 4184 7308 7297 997 996 4290 4279
1820 5 12 53 8 2843 2854 2855 2844 7297 7308 7309 7298
1821 5 12 53 8 7297 7308 7309 7298 4279 4290 4291 4280
1822 5 12 53 8 2844 2855 2856 2845 7298 7309 7310 7299
1823 5 12 53 8 7298 7309 7310 7299 4280 4291 4292 4281
1824 5 12 53 8 2845 2856 2857 2846 7299 7310 7311 7300
1825 5 12 53 8 7299 7310 7311 7300 4281 4292 4293 4282
1826 5 12 53 8 2846 2857 2858 2847 7300 7311 7312 7301
1827 5 12 53 8 7300 7311 7312 7301 4282 4293 4294 4283
1828 5 12 53 8 2847 2858 2859 2848 7301 7312 7313 7302
1829 5 12 53 8 7301 7312 7313 7302 4283 4294 4295 4284
1830 5 12 53 8 2848 2859 2860 2849 7302 7313 7314 7303
1831 5 12 53 8 7302 7313 7314 7303 4284 4295 4296 4285
1832 5 12 53 8 2849 2860 2861 2850 7303 7314 7315 7304
1833 5 12 53 8 7303 7314 7315 7304 4285 4296 4297 4286
1834 5 12 53 8 2850 2861 2862 2851 7304 7315 7316 7305
1835 5 12 53 8 7304 7315 7316 7305 4286 4297 4298 4287
1836 5 12 53 8 2851 2862 2863 2852 7305 7316 7317 7306
1837 5 12 53 8 7305 7316 7317 7306 4287 4298 4299 4288
1838 5 12 53 8 2852 2863 2864 2853 7306 7317 7318 7307
1839 5 12 53 8 7306 7317 7318 7307 4288 4299 4300 4289
1840 5 12 53 8 2853 2864 515 514 7307 7318 4255 4254
1841 5 12 53 8 7307 7318 4255 4254 4289 4300 1013 1014
1842 5 12 53 8 510 511 2865 2854 4184 4185 7319 7308
1843 5 12 53 8 4184 4185 7319 7308 996 995 4301 4290
1844 5 12 53 8 2854 2865 2866 2855 7308 7319 7320 7309
1845 5 12 53 8 7308 7319 7320 7309 4290 4301 4302 4291
1846 5 12 53 8 2855 2866 2867 2856 7309 7320 7321 7310
1847 5 12 53 8 7309 7320 7321 7310 4291 4302 4303 4292
1848 5 12 53 8 2856 2867 2868 2857 7310 7321 7322 7311
1849 5 12 53 8 7310 7321 7322 7311 4292 4303 4304 4293
1850 5 12 53 8 2857 2868 2869 2858 7311 7322 7323 7312
1851 5 12 53 8 7311 7322 7323 7312 4293 4304 4305 4294
1852 5 12 53 8 2858 2869 2870 2859 7312 7323 7324 7313
1853 5 12 53 8 7312 7323 7324 7313 4294 4305 4306 4295
1854 5 12 53 8 2859 2870 2871 2860 7313 7324 7325 7314
1855 5 12 53 8 7313 7324 7325 7314 4295 4306 4307 4296
1856 5 12 53 8 2860 2871 2872 2861 7314 7325 7326 7315
1857 5 12 53 8 7314 7325 7326 7315 4296 4307 4308 4297
1858 5 12 53 8 2861 2872 2873 2862 7315 7326 7327 7316
1859 5 12 53 8 7315 7326 7327 7316 4297 4308 4309 4298
1860 5 12 53 8 2862 2873 2874 2863 7316 7327 7328 7317
1861 5 12 53 8 7316 7327 7328 7317 4298 4309 4310 4299
1862 5 12 53 8 2863 2874 2875 2864 7317 7328 7329 7318
1863 5 12 53 8 7317 7328 7329 7318 4299 4310 4311 4300
1864 5 12 53 8 2864 2875 516 515 7318 7329 4256 4255
1865 5 12 53 8 7318 7329 4256 4255 4300 4311 1012 1013
1866 5 12 53 8 511 21 387 2865 4185 1000 4241 7319
1867 5 12 53 8 4185 1000 4241 7319 995 89 1001 4301
1868 5 12 53 8 2865 387 388 2866 7319 4241 4242 7320
1869 5 12 53 8 7319 4241 4242 7320 4301 1001 1002 4302
1870 5 12 53 8 2866 388 389 2867 7320 4242 4243 7321
1871 5 12 53 8 7320 4242 4243 7321 4302 1002 1003 4303
1872 5 12 53 8 2867 389 390 2868 7321 4243 4244 7322
1873 5 12 53 8 7321 4243 4244 7322 4303 1003 1004 4304
1874 5 12 53 8 2868 390 391 2869 7322 4244 4245 7323
1875 5 12 53 8 7322 4244 4245 7323 4304 1004 1005 4305
1876 5 12 53 8 2869 391 392 2870 7323 4245 4246 7324
1877 5 12 53 8 7323 4245 4246 7324 4305 1005 1006 4306
1878 5 12 53 8 2870 392 393 2871 7324 4246 4247 7325
1879 5 12 53 8 7324 4246 4247 7325 4306 1006 1007 4307
1880 5 12 53 8 2871 393 394 2872 7325 4247 4248 7326
1881 5 12 53 8 7325 4247 4248 7326 4307 1007 1008 4308
1882 5 12 53 8 2872 394 395 2873 7326 4248 4249 7327
1883 5 12 53 8 7326 4248 4249 7327 4308 1008 1009 4309
1884 5 12 53 8 2873 395 396 2874 7327 4249 4250 7328
1885 5 12 53 8 7327 4249 4250 7328 4309 1009 1010 4310
1886 5 12 53 8 2874 396 397 2875 7328 4250 4251 7329
1887 5 12 53 8 7328 4250 4251 7329 4310 1010 1011 4311
1888 5 12 53 8 2875 397 22 516 7329 4251 1017 4256
1889 5 12 53 8 7329 4251 1017 4256 4311 1011 90 1012
1890 5 12 54 8 18 512 2876 354 960 4252 7330 3728
1891 5 12 54 8 960 4252 7330 3728 86 1016 4323 946
1892 5 12 54 8 354 2876 2877 355 3728 7330 7331 3729
1893 5 12 54 8 3728 7330 7331 3729 946 4323 4324 947
1894 5 12 54 8 355 2877 2878 356 3729 7331 7332 3730
1895 5 12 54 8 3729 7331 7332 3730 947 4324 4325 948
1896 5 12 54 8 356 2878 2879 357 3730 7332 7333 3731
1897 5 12 54 8 3730 7332 7333 3731 948 4325 4326 949
1898 5 12 54 8 357 2879 2880 358 3731 7333 7334 3732
1899 5 12 54 8 3731 7333 7334 3732 949 4326 4327 950
1900 5 12 54 8 358 2880 2881 359 3732 7334 7335 3733
1901 5 12 54 8 3732 7334 7335 3733 950 4327 4328 951
1902 5 12 54 8 359 2881 2882 360 3733 7335 7336 3734
1903 5 12 54 8 3733 7335 7336 3734 951 4328 4329 952
1904 5 12 54 8 360 2882 2883 361 3734 7336 7337 3735
1905 5 12 54 8 3734 7336 7337 3735 952 4329 4330 953
1906 5 12 54 8 361 2883 2884 362 3735 7337 7338 3736
1907 5 12 54 8 3735 7337 7338 3736 953 4330 4331 954
1908 5 12 54 8 362 2884 2885 363 3736 7338 7339 3737
1909 5 12 54 8 3736 7338 7339 3737 954 4331 4332 955
1910 5 12 54 8 363 2885 2886 364 3737 7339 7340 3738
1911 5 12 54 8 3737 7339 7340 3738 955 4332 4333 956
1912 5 12 54 8 364 2886 497 15 3738 7340 4094 957
1913 5 12 54 8 3738 7340 4094 957 956 4333 961 83
1914 5 12 54 8 512 513 2887 2876 4252 4253 7341 7330
1915 5 12 54 8 4252 4253 7341 7330 1016 1015 4334 4323
1916 5 12 54 8 2876 2887 2888 2877 7330 7341 7342 7331
1917 5 12 54 8 7330 7341 7342 7331 4323 4334 4335 4324
1918 5 12 54 8 2877 2888 2889 2878 7331 7342 7343 7332
1919 5 12 54 8 7331 7342 7343 7332 4324 4335 4336 4325
1920 5 12 54 8 2878 2889 2890 2879 7332 7343 7344 7333
1921 5 12 54 8 7332 7343 7344 7333 4325 4336 4337 4326
1922 5 12 54 8 2879 2890 2891 2880 7333 7344 7345 7334
1923 5 12 54 8 7333 7344 7345 7334 4326 4337 4338 4327
1924 5 12 54 8 2880 2891 2892 2881 7334 7345 7346 7335
1925 5 12 54 8 7334 7345 7346 7335 4327 4338 4339 4328
1926 5 12 54 8 2881 2892 2893 2882 7335 7346 7347 7336
1927 5 12 54 8 7335 7346 7347 7336 4328 4339 4340 4329
1928 5 12 54 8 2882 2893 2894 2883 7336 7347 7348 7337
1929 5 12 54 8 7336 7347 7348 7337 4329 4340 4341 4330
1930 5 12 54 8 2883 2894 2895 2884 7337 7348 7349 7338
1931 5 12 54 8 7337 7348 7349 7338 4330 4341 4342 4331
1932 5 12 54 8 2884 2895 2896 2885 7338 7349 7350 7339
1933 5 12 54 8 7338 7349 7350 7339 4331 4342 4343 4332
1934 5 12 54 8 2885 2896 2897 2886 7339 7350 7351 7340
1935 5 12 54 8 7339 7350 7351 7340 4332 4343 4344 4333
1936 5 12 54 8 2886 2897 498 497 7340 7351 4095 4094
1937 5 12 54 8 7340 7351 4095 4094 4333 4344 962 961
1938 5 12 54 8 513 514 2898 2887 4253 4254 7352 7341
1939 5 12 54 8 4253 4254 7352 7341 1015 1014 4345 4334
1940 5 12 54 8 2887 2898 2899 2888 7341 7352 7353 7342
1941 5 12 54 8 7341 7352 7353 7342 4334 4345 4346 4335
1942 5 12 54 8 2888 2899 2900 2889 7342 7353 7354 7343
1943 5 12 54 8 7342 7353 7354 7343 4335 4346 4347 4336
1944 5 12 54 8 2889 2900 2901 2890 7343 7354 7355 7344
1945 5 12 54 8 7343 7354 7355 7344 4336 4347 4348 4337
1946 5 12 54 8 2890 2901 2902 2891 7344 7355 7356 7345
1947 5 12 54 8 7344 7355 7356 7345 4337 4348 4349 4338
1948 5 12 54 8 2891 2902 2903 2892 7345 7356 7357 7346
1949 5 12 54 8 7345 7356 7357 7346 4338 4349 4350 4339
1950 5 12 54 8 2892 2903 2904 2893 7346 7357 7358 7347
1951 5 12 54 8 7346 7357 7358 7347 4339 4350 4351 4340
1952 5 12 54 8 2893 2904 2905 2894 7347 7358 7359 7348
1953 5 12 54 8 7347 7358 7359 7348 4340 4351 4352 4341
1954 5 12 54 8 2894 2905 2906 2895 7348 7359 7360 7349
1955 5 12 54 8 7348 7359 7360 7349 4341 4352 4353 4342
1956 5 12 54 8 2895 2906 2907 2896 7349 7360 7361 7350
1957 5 12 54 8 7349 7360 7361 7350 4342 4353 4354 4343
1958 5 12 54 8 2896 2907 2908 2897 7350 7361 7362 7351
1959 5 12 54 8 7350 7361 7362 7351 4343 4354 4355 4344
1960 5 12 54 8 2897 2908 499 498 7351 7362 4096 4095
1961 5 12 54 8 7351 7362 4096 4095 4344 4355 963 962
1962 5 12 54 8 514 515 2909 2898 4254 4255 7363 7352
1963 5 12 54 8 4254 4255 7363 7352 1014 1013 4356 4345
1964 5 12 54 8 2898 2909 2910 2899 7352 7363 7364 7353
1965 5 12 54 8 7352 7363 7364 7353 4345 4356 4357 4346
1966 5 12 54 8 2899 2910 2911 2900 7353 7364 7365 7354
1967 5 12 54 8 7353 7364 7365 7354 4346 4357 4358 4347
1968 5 12 54 8 2900 2911 2912 2901 7354 7365 7366 7355
1969 5 12 54 8 7354 7365 7366 7355 4347 4358 4359 4348
1970 5 12 54 8 2901 2912 2913 2902 7355 7366 7367 7356
1971 5 12 54 8 7355 7366 7367 7356 4348 4359 4360 4349
1972 5 12 54 8 2902 2913 2914 2903 7356 7367 7368 7357
1973 5 12 54 8 7356 7367 7368 7357 4349 4360 4361 4350
1974 5 12 54 8 2903 2914 2915 2904 7357 7368 7369 7358
1975 5 12 54 8 7357 7368 7369 7358 4350 4361 4362 4351
1976 5 12 54 8 2904 2915 2916 2905 7358 7369 7370 7359
1977 5 12 54 8 7358 7369 7370 7359 4351 4362 4363 4352
1978 5 12 54 8 2905 2916 2917 2906 7359 7370 7371 7360
1979 5 12 54 8 7359 7370 7371 7360 4352 4363 4364 4353
1980 5 12 54 8 2906 2917 2918 2907 7360 7371 7372 7361
1981 5 12 54 8 7360 7371 7372 7361 4353 4364 4365 4354
1982 5 12 54 8 2907 2918 2919 2908 7361 7372 7373 7362
1983 5 12 54 8 7361 7372 7373 7362 4354 4365 4366 4355
1984 5 12 54 8 2908 2919 500 499 7362 7373 4097 4096
1985 5 12 54 8 7362 7373 4097 4096 4355 4366 964 963
1986 5 12 54 8 515 516 2920 2909 4255 4256 7374 7363
1987 5 12 54 8 4255 4256 7374 7363 1013 1012 4367 4356
1988 5 12 54 8 2909 2920 2921 2910 7363 7374 7375 7364
1989 5 12 54 8 7363 7374 7375 7364 4356 4367 4368 4357
1990 5 12 54 8 2910 2921 2922 2911 7364 7375 7376 7365
1991 5 12 54 8 7364 7375 7376 7365 4357 4368 4369 4358
1992 5 12 54 8 2911 2922 2923 2912 7365 7376 7377 7366
1993 5 12 54 8 7365 7376 7377 7366 4358 4369 4370 4359
1994 5 12 54 8 2912 2923 2924 2913 7366 7377 7378 7367
1995 5 12 54 8 7366 7377 7378 7367 4359 4370 4371 4360
1996 5 12 54 8 2913 2924 2925 2914 7367 7378 7379 7368
1997 5 12 54 8 7367 7378 7379 7368 4360 4371 4372 4361
1998 5 12 54 8 2914 2925 2926 2915 7368 7379 7380 7369
1999 5 12 54 8 7368 7379 7380 7369 4361 4372 4373 4362
2000 5 12 54 8 2915 2926 2927 2916 7369 7380 7381 7370
2001 5 12 54 8 7369 7380 7381 7370 4362 4373 4374 4363
2002 5 12 54 8 2916 2927 2928 2917 7370 7381 7382 7371
2003 5 12 54 8 7370 7381 7382 7371 4363 4374 4375 4364
2004 5 12 54 8 2917 2928 2929 2918 7371 7382 7383 7372
2005 5 12 54 8 7371 7382 7383 7372 4364 4375 4376 4365
2006 5 12 54 8 2918 2929 2930 2919 7372 7383 7384 7373
2007 5 12 54 8 7372 7383 7384 7373 4365 4376 4377 4366
2008 5 12 54 8 2919 2930 501 500 7373 7384 4098 4097
2009 5 12 54 8 7373 7384 4098 4097 4366 4377 965 964
2010 5 12 54 8 516 22 398 2920 4256 1017 4312 7374
2011 5 12 54 8 4256 1017 4312 7374 1012 90 1018 4367
2012 5 12 54 8 2920 398 399 2921 7374 4312 4313 7375
2013 5 12 54 8 7374 4312 4313 7375 4367 1018 1019 4368
2014 5 12 54 8 2921 399 400 2922 7375 4313 4314 7376
2015 5 12 54 8 7375 4313 4314 7376 4368 1019 1020 4369
2016 5 12 54 8 2922 400 401 2923 7376 4314 4315 7377
2017 5 12 54 8 7376 4314 4315 7377 4369 1020 1021 4370
2018 5 12 54 8 2923 401 402 2924 7377 4315 4316 7378
2019 5 12 54 8 7377 4315 4316 7378 4370 1021 1022 4371
2020 5 12 54 8 2924 402 403 2925 7378 4316 4317 7379
2021 5 12 54 8 7378 4316 4317 7379 4371 1022 1023 4372
2022 5 12 54 8 2925 403 404 2926 7379 4317 4318 7380
2023 5 12 54 8 7379 4317 4318 7380 4372 1023 1024 4373
2024 5 12 54 8 2926 404 405 2927 7380 4318 4319 7381
2025 5 12 54 8 7380 4318 4319 7381 4373 1024 1025 4374
2026 5 12 54 8 2927 405 406 2928 7381 4319 4320 7382
2027 5 12 54 8 7381 4319 4320 7382 4374 1025 1026 4375
2028 5 12 54 8 2928 406 407 2929 7382 4320 4321 7383
2029 5 12 54 8 7382 4320 4321 7383 4375 1026 1027 4376
2030 5 12 54 8 2929 407 408 2930 7383 4321 4322 7384
2031 5 12 54 8 7383 4321 4322 7384 4376 1027 1028 4377
2032 5 12 54 8 2930 408 19 501 7384 4322 982 4098
2033 5 12 54 8 7384 4322 982 4098 4377 1028 87 965
2034 5 13 55 8 19 517 2931 365 982 4378 7385 4099
2035 5 13 55 8 982 4378 7385 4099 87 1029 4393 966
2036 5 13 55 8 365 2931 2932 366 4099 7385 7386 4100
2037 5 13 55 8 4099 7385 7386 4100 966 4393 4394 967
2038 5 13 55 8 366 2932 2933 367 4100 7386 7387 4101
2039 5 13 55 8 4100 7386 7387 4101 967 4394 4395 968
2040 5 13 55 8 367 2933 2934 368 4101 7387 7388 4102
2041 5 13 55 8 4101 7387 7388 4102 968 4395 4396 969
2042 5 13 55 8 368 2934 2935 369 4102 7388 7389 4103
2043 5 13 55 8 4102 7388 7389 4103 969 4396 4397 970
2044 5 13 55 8 369 2935 2936 370 4103 7389 7390 4104
2045 5 13 55 8 4103 7389 7390 4104 970 4397 4398 971
2046 5 13 55 8 370 2936 2937 371 4104 7390 7391 4105
2047 5 13 55 8 4104 7390 7391 4105 971 4398 4399 972
2048 5 13 55 8 371 2937 2938 372 4105 7391 7392 4106
2049 5 13 55 8 4105 7391 7392 4106 972 4399 4400 973
2050 5 13 55 8 372 2938 2939 373 4106 7392 7393 4107
2051 5 13 55 8 4106 7392 7393 4107 973 4400 4401 974
2052 5 13 55 8 373 2939 2940 374 4107 7393 7394 4108
2053 5 13 55 8 4107 7393 7394 4108 974 4401 4402 975
2054 5 13 55 8 374 2940 2941 375 4108 7394 7395 4109
2055 5 13 55 8 4108 7394 7395 4109 975 4402 4403 976
2056 5 13 55 8 375 2941 519 20 4109 7395 4391 983
2057 5 13 55 8 4109 7395 4391 983 976 4403 1043 88
2058 5 13 55 8 517 518 2942 2931 4378 4379 7396 7385
2059 5 13 55 8 4378 4379 7396 7385 1029 1030 4404 4393
2060 5 13 55 8 2931 2942 2943 2932 7385 7396 7397 7386
2061 5 13 55 8 7385 7396 7397 7386 4393 4404 4405 4394
2062 5 13 55 8 2932 2943 2944 2933 7386 7397 7398 7387
2063 5 13 55 8 7386 7397 7398 7387 4394 4405 4406 4395
2064 5 13 55 8 2933 2944 2945 2934 7387 7398 7399 7388
2065 5 13 55 8 7387 7398 7399 7388 4395 4406 4407 4396
2066 5 13 55 8 2934 2945 2946 2935 7388 7399 7400 7389
2067 5 13 55 8 7388 7399 7400 7389 4396 4407 4408 4397
2068 5 13 55 8 2935 2946 2947 2936 7389 7400 7401 7390
2069 5 13 55 8 7389 7400 7401 7390 4397 4408 4409 4398
2070 5 13 55 8 2936 2947 2948 2937 7390 7401 7402 7391
2071 5 13 55 8 7390 7401 7402 7391 4398 4409 4410 4399
2072 5 13 55 8 2937 2948 2949 2938 7391 7402 7403 7392
2073 5 13 55 8 7391 7402 7403 7392 4399 4410 4411 4400
2074 5 13 55 8 2938 2949 2950 2939 7392 7403 7404 7393
2075 5 13 55 8 7392 7403 7404 7393 4400 4411 4412 4401
2076 5 13 55 8 2939 2950 2951 2940 7393 7404 7405 7394
2077 5 13 55 8 7393 7404 7405 7394 4401 4412 4413 4402
2078 5 13 55 8 2940 2951 2952 2941 7394 7405 7406 7395
2079 5 13 55 8 7394 7405 7406 7395 4402 4413 4414 4403
2080 5 13 55 8 2941 2952 520 519 7395 7406 4392 4391
2081 5 13 55 8 7395 7406 4392 4391 4403 4414 1042 1043
2082 5 13 55 8 518 23 409 2942 4379 1044 4380 7396
2083 5 13 55 8 4379 1044 4380 7396 1030 91 1031 4404
2084 5 13 55 8 2942 409 410 2943 7396 4380 4381 7397
2085 5 13 55 8 7396 4380 4381 7397 4404 1031 1032 4405
2086 5 13 55 8 2943 410 411 2944 7397 4381 4382 7398
2087 5 13 55 8 7397 4381 4382 7398 4405 1032 1033 4406
2088 5 13 55 8 2944 411 412 2945 7398 4382 4383 7399
2089 5 13 55 8 7398 4382 4383 7399 4406 1033 1034 4407
2090 5 13 55 8 2945 412 413 2946 7399 4383 4384 7400
2091 5 13 55 8 7399 4383 4384 7400 4407 1034 1035 4408
2092 5 13 55 8 2946 413 414 2947 7400 4384 4385 7401
2093 5 13 55 8 7400 4384 4385 7401 4408 1035 1036 4409
2094 5 13 55 8 2947 414 415 2948 7401 4385 4386 7402
2095 5 13 55 8 7401 4385 4386 7402 4409 1036 1037 4410
2096 5 13 55 8 2948 415 416 2949 7402 4386 4387 7403
2097 5 13 55 8 7402 4386 4387 7403 4410 1037 1038 4411
2098 5 13 55 8 2949 416 417 2950 7403 4387 4388 7404
2099 5 13 55 8 7403 4387 4388 7404 4411 1038 1039 4412
2100 5 13 55 8 2950 417 418 2951 7404 4388 4389 7405
2101 5 13 55 8 7404 4388 4389 7405 4412 1039 1040 4413
2102 5 13 55 8 2951 418 419 2952 7405 4389 4390 7406
2103 5 13 55 8 7405 4389 4390 7406 4413 1040 1041 4414
2104 5 13 55 8 2952 419 24 520 7406 4390 1045 4392
2105 5 13 55 8 7406 4390 1045 4392 4414 1041 92 1042
2106 5 13 56 8 20 519 2953 376 983 4391 7407 4170
2107 5 13 56 8 983 4391 7407 4170 88 1043 4428 984
2108 5 13 56 8 376 2953 2954 377 4170 7407 7408 4171
2109 5 13 56 8 4170 7407 7408 4171 984 4428 4429 985
2110 5 13 56 8 377 2954 2955 378 4171 7408 7409 4172
2111 5 13 56 8 4171 7408 7409 4172 985 4429 4430 986
2112 5 13 56 8 378 2955 2956 379 4172 7409 7410 4173
2113 5 13 56 8 4172 7409 7410 4173 986 4430 4431 987
2114 5 13 56 8 379 2956 2957 380 4173 7410 7411 4174
2115 5 13 56 8 4173 7410 7411 4174 987 4431 4432 988
2116 5 13 56 8 380 2957 2958 381 4174 7411 7412 4175
2117 5 13 56 8 4174 7411 7412 4175 988 4432 4433 989
2118 5 13 56 8 381 2958 2959 382 4175 7412 7413 4176
2119 5 13 56 8 4175 7412 7413 4176 989 4433 4434 990
2120 5 13 56 8 382 2959 2960 383 4176 7413 7414 4177
2121 5 13 56 8 4176 7413 7414 4177 990 4434 4435 991
2122 5 13 56 8 383 2960 2961 384 4177 7414 7415 4178
2123 5 13 56 8 4177 7414 7415 4178 991 4435 4436 992
2124 5 13 56 8 384 2961 2962 385 4178 7415 7416 4179
2125 5 13 56 8 4178 7415 7416 4179 992 4436 4437 993
2126 5 13 56 8 385 2962 2963 386 4179 7416 7417 4180
2127 5 13 56 8 4179 7416 7417 4180 993 4437 4438 994
2128 5 13 56 8 386 2963 521 21 4180 7417 4426 1000
2129 5 13 56 8 4180 7417 4426 1000 994 4438 1058 89
2130 5 13 56 8 519 520 2964 2953 4391 4392 7418 7407
2131 5 13 56 8 4391 4392 7418 7407 1043 1042 4439 4428
2132 5 13 56 8 2953 2964 2965 2954 7407 7418 7419 7408
2133 5 13 56 8 7407 7418 7419 7408 4428 4439 4440 4429
2134 5 13 56 8 2954 2965 2966 2955 7408 7419 7420 7409
2135 5 13 56 8 7408 7419 7420 7409 4429 4440 4441 4430
2136 5 13 56 8 2955 2966 2967 2956 7409 7420 7421 7410
2137 5 13 56 8 7409 7420 7421 7410 4430 4441 4442 4431
2138 5 13 56 8 2956 2967 2968 2957 7410 7421 7422 7411
2139 5 13 56 8 7410 7421 7422 7411 4431 4442 4443 4432
2140 5 13 56 8 2957 2968 2969 2958 7411 7422 7423 7412
2141 5 13 56 8 7411 7422 7423 7412 4432 4443 4444 4433
2142 5 13 56 8 2958 2969 2970 2959 7412 7423 7424 7413
2143 5 13 56 8 7412 7423 7424 7413 4433 4444 4445 4434
2144 5 13 56 8 2959 2970 2971 2960 7413 7424 7425 7414
2145 5 13 56 8 7413 7424 7425 7414 4434 4445 4446 4435
2146 5 13 56 8 2960 2971 2972 2961 7414 7425 7426 7415
2147 5 13 56 8 7414 7425 7426 7415 4435 4446 4447 4436
2148 5 13 56 8 2961 2972 2973 2962 7415 7426 7427 7416
2149 5 13 56 8 7415 7426 7427 7416 4436 4447 4448 4437
2150 5 13 56 8 2962 2973 2974 2963 7416 7427 7428 7417
2151 5 13 56 8 7416 7427 7428 7417 4437 4448 4449 4438
2152 5 13 56 8 2963 2974 522 521 7417 7428 4427 4426
2153 5 13 56 8 7417 7428 4427 4426 4438 4449 1057 1058
2154 5 13 56 8 520 24 420 2964 4392 1045 4415 7418
2155 5 13 56 8 4392 1045 4415 7418 1042 92 1046 4439
2156 5 13 56 8 2964 420 421 2965 7418 4415 4416 7419
2157 5 13 56 8 7418 4415 4416 7419 4439 1046 1047 4440
2158 5 13 56 8 2965 421 422 2966 7419 4416 4417 7420
2159 5 13 56 8 7419 4416 4417 7420 4440 1047 1048 4441
2160 5 13 56 8 2966 422 423 2967 7420 4417 4418 7421
2161 5 13 56 8 7420 4417 4418 7421 4441 1048 1049 4442
2162 5 13 56 8 2967 423 424 2968 7421 4418 4419 7422
2163 5 13 56 8 7421 4418 4419 7422 4442 1049 1050 4443
2164 5 13 56 8 2968 424 425 2969 7422 4419 4420 7423
2165 5 13 56 8 7422 4419 4420 7423 4443 1050 1051 4444
2166 5 13 56 8 2969 425 426 2970 7423 4420 4421 7424
2167 5 13 56 8 7423 4420 4421 7424 4444 1051 1052 4445
2168 5 13 56 8 2970 426 427 2971 7424 4421 4422 7425
2169 5 13 56 8 7424 4421 4422 7425 4445 1052 1053 4446
2170 5 13 56 8 2971 427 428 2972 7425 4422 4423 7426
2171 5 13 56 8 7425 4422 4423 7426 4446 1053 1054 4447
2172 5 13 56 8 2972 428 429 2973 7426 4423 4424 7427
2173 5 13 56 8 7426 4423 4424 7427 4447 1054 1055 4448
2174 5 13 56 8 2973 429 430 2974 7427 4424 4425 7428
2175 5 13 56 8 7427 4424 4425 7428 4448 1055 1056 4449
2176 5 13 56 8 2974 430 25 522 7428 4425 1059 4427
2177 5 13 56 8 7428 4425 1059 4427 4449 1056 93 1057
2178 5 13 57 8 21 521 2975 387 1000 4426 7429 4241
2179 5 13 57 8 1000 4426 7429 4241 89 1058 4463 1001
2180 5 13 57 8 387 2975 2976 388 4241 7429 7430 4242
2181 5 13 57 8 4241 7429 7430 4242 1001 4463 4464 1002
2182 5 13 57 8 388 2976 2977 389 4242 7430 7431 4243
2183 5 13 57 8 4242 7430 7431 4243 1002 4464 4465 1003
2184 5 13 57 8 389 2977 2978 390 4243 7431 7432 4244
2185 5 13 57 8 4243 7431 7432 4244 1003 4465 4466 1004
2186 5 13 57 8 390 2978 2979 391 4244 7432 7433 4245
2187 5 13 57 8 4244 7432 7433 4245 1004 4466 4467 1005
2188 5 13 57 8 391 2979 2980 392 4245 7433 7434 4246
2189 5 13 57 8 4245 7433 7434 4246 1005 4467 4468 1006
2190 5 13 57 8 392 2980 2981 393 4246 7434 7435 4247
2191 5 13 57 8 4246 7434 7435 4247 1006 4468 4469 1007
2192 5 13 57 8 393 2981 2982 394 4247 7435 7436 4248
2193 5 13 57 8 4247 7435 7436 4248 1007 4469 4470 1008
2194 5 13 57 8 394 2982 2983 395 4248 7436 7437 4249
2195 5 13 57 8 4248 7436 7437 4249 1008 4470 4471 1009
2196 5 13 57 8 395 2983 2984 396 4249 7437 7438 4250
2197 5 13 57 8 4249 7437 7438 4250 1009 4471 4472 1010
2198 5 13 57 8 396 2984 2985 397 4250 7438 7439 4251
2199 5 13 57 8 4250 7438 7439 4251 1010 4472 4473 1011
2200 5 13 57 8 397 2985 523 22 4251 7439 4461 1017
2201 5 13 57 8 4251 7439 4461 1017 1011 4473 1072 90
2202 5 13 57 8 521 522 2986 2975 4426 4427 7440 7429
2203 5 13 57 8 4426 4427 7440 7429 1058 1057 4474 4463
2204 5 13 57 8 2975 2986 2987 2976 7429 7440 7441 7430
2205 5 13 57 8 7429 7440 7441 7430 4463 4474 4475 4464
2206 5 13 57 8 2976 2987 2988 2977 7430 7441 7442 7431
2207 5 13 57 8 7430 7441 7442 7431 4464 4475 4476 4465
2208 5 13 57 8 2977 2988 2989 2978 7431 7442 7443 7432
2209 5 13 57 8 7431 7442 7443 7432 4465 4476 4477 4466
2210 5 13 57 8 2978 2989 2990 2979 7432 7443 7444 7433
2211 5 13 57 8 7432 7443 7444 7433 4466 4477 4478 4467
2212 5 13 57 8 2979 2990 2991 2980 7433 7444 7445 7434
2213 5 13 57 8 7433 7444 7445 7434 4467 4478 4479 4468
2214 5 13 57 8 2980 2991 2992 2981 7434 7445 7446 7435
2215 5 13 57 8 7434 7445 7446 7435 4468 4479 4480 4469
2216 5 13 57 8 2981 2992 2993 2982 7435 7446 7447 7436
2217 5 13 57 8 7435 7446 7447 7436 4469 4480 4481 4470
2218 5 13 57 8 2982 2993 2994 2983 7436 7447 7448 7437
2219 5 13 57 8 7436 7447 7448 7437 4470 4481 4482 4471
2220 5 13 57 8 2983 2994 2995 2984 7437 7448 7449 7438
2221 5 13 57 8 7437 7448 7449 7438 4471 4482 4483 4472
2222 5 13 57 8 2984 2995 2996 2985 7438 7449 7450 7439
2223 5 13 57 8 7438 7449 7450 7439 4472 4483 4484 4473
2224 5 13 57 8 2985 2996 524 523 7439 7450 4462 4461
2225 5 13 57 8 7439 7450 4462 4461 4473 4484 1071 1072
2226 5 13 57 8 522 25 431 2986 4427 1059 4450 7440
2227 5 13 57 8 4427 1059 4450 7440 1057 93 1060 4474
2228 5 13 57 8 2986 431 432 2987 7440 4450 4451 7441
2229 5 13 57 8 7440 4450 4451 7441 4474 1060 1061 4475
2230 5 13 57 8 2987 432 433 2988 7441 4451 4452 7442
2231 5 13 57 8 7441 4451 4452 7442 4475 1061 1062 4476
2232 5 13 57 8 2988 433 434 2989 7442 4452 4453 7443
2233 5 13 57 8 7442 4452 4453 7443 4476 1062 1063 4477
2234 5 13 57 8 2989 434 435 2990 7443 4453 4454 7444
2235 5 13 57 8 7443 4453 4454 7444 4477 1063 1064 4478
2236 5 13 57 8 2990 435 436 2991 7444 4454 4455 7445
2237 5 13 57 8 7444 4454 4455 7445 4478 1064 1065 4479
2238 5 13 57 8 2991 436 437 2992 7445 4455 4456 7446
2239 5 13 57 8 7445 4455 4456 7446 4479 1065 1066 4480
2240 5 13 57 8 2992 437 438 2993 7446 4456 4457 7447
2241 5 13 57 8 7446 4456 4457 7447 4480 1066 1067 4481
2242 5 13 57 8 2993 438 439 2994 7447 4457 4458 7448
2243 5 13 57 8 7447 4457 4458 7448 4481 1067 1068 4482
2244 5 13 57 8 2994 439 440 2995 7448 4458 4459 7449
2245 5 13 57 8 7448 4458 4459 7449 4482 1068 1069 4483
2246 5 13 57 8 2995 440 441 2996 7449 4459 4460 7450
2247 5 13 57 8 7449 4459 4460 7450 4483 1069 1070 4484
2248 5 13 57 8 2996 441 26 524 7450 4460 1073 4462
2249 5 13 57 8 7450 4460 1073 4462 4484 1070 94 1071
2250 5 13 58 8 22 523 2997 398 1017 4461 7451 4312
2251 5 13 58 8 1017 4461 7451 4312 90 1072 4496 1018
2252 5 13 58 8 398 2997 2998 399 4312 7451 7452 4313
2253 5 13 58 8 4312 7451 7452 4313 1018 4496 4497 1019
2254 5 13 58 8 399 2998 2999 400 4313 7452 7453 4314
2255 5 13 58 8 4313 7452 7453 4314 1019 4497 4498 1020
2256 5 13 58 8 400 2999 3000 401 4314 7453 7454 4315
2257 5 13 58 8 4314 7453 7454 4315 1020 4498 4499 1021
2258 5 13 58 8 401 3000 3001 402 4315 7454 7455 4316
2259 5 13 58 8 4315 7454 7455 4316 1021 4499 4500 1022
2260 5 13 58 8 402 3001 3002 403 4316 7455 7456 4317
2261 5 13 58 8 4316 7455 7456 4317 1022 4500 4501 1023
2262 5 13 58 8 403 3002 3003 404 4317 7456 7457 4318
2263 5 13 58 8 4317 7456 7457 4318 1023 4501 4502 1024
2264 5 13 58 8 404 3003 3004 405 4318 7457 7458 4319
2265 5 13 58 8 4318 7457 7458 4319 1024 4502 4503 1025
2266 5 13 58 8 405 3004 3005 406 4319 7458 7459 4320
2267 5 13 58 8 4319 7458 7459 4320 1025 4503 4504 1026
2268 5 13 58 8 406 3005 3006 407 4320 7459 7460 4321
2269 5 13 58 8 4320 7459 7460 4321 1026 4504 4505 1027
2270 5 13 58 8 407 3006 3007 408 4321 7460 7461 4322
2271 5 13 58 8 4321 7460 7461 4322 1027 4505 4506 1028
2272 5 13 58 8 408 3007 517 19 4322 7461 4378 982
2273 5 13 58 8 4322 7461 4378 982 1028 4506 1029 87
2274 5 13 58 8 523 524 3008 2997 4461 4462 7462 7451
2275 5 13 58 8 4461 4462 7462 7451 1072 1071 4507 4496
2276 5 13 58 8 2997 3008 3009 2998 7451 7462 7463 7452
2277 5 13 58 8 7451 7462 7463 7452 4496 4507 4508 4497
2278 5 13 58 8 2998 3009 3010 2999 7452 7463 7464 7453
2279 5 13 58 8 7452 7463 7464 7453 4497 4508 4509 4498
2280 5 13 58 8 2999 3010 3011 3000 7453 7464 7465 7454
2281 5 13 58 8 7453 7464 7465 7454 4498 4509 4510 4499
2282 5 13 58 8 3000 3011 3012 3001 7454 7465 7466 7455
2283 5 13 58 8 7454 7465 7466 7455 4499 4510 4511 4500
2284 5 13 58 8 3001 3012 3013 3002 7455 7466 7467 7456
2285 5 13 58 8 7455 7466 7467 7456 4500 4511 4512 4501
2286 5 13 58 8 3002 3013 3014 3003 7456 7467 7468 7457
2287 5 13 58 8 7456 7467 7468 7457 4501 4512 4513 4502
2288 5 13 58 8 3003 3014 3015 3004 7457 7468 7469 7458
2289 5 13 58 8 7457 7468 7469 7458 4502 4513 4514 4503
2290 5 13 58 8 3004 3015 3016 3005 7458 7469 7470 7459
2291 5 13 58 8 7458 7469 7470 7459 4503 4514 4515 4504
2292 5 13 58 8 3005 3016 3017 3006 7459 7470 7471 7460
2293 5 13 58 8 7459 7470 7471 7460 4504 4515 4516 4505
2294 5 13 58 8 3006 3017 3018 3007 7460 7471 7472 7461
2295 5 13 58 8 7460 7471 7472 7461 4505 4516 4517 4506
2296 5 13 58 8 3007 3018 518 517 7461 7472 4379 4378
2297 5 13 58 8 7461 7472 4379 4378 4506 4517 1030 1029
2298 5 13 58 8 524 26 442 3008 4462 1073 4485 7462
2299 5 13 58 8 4462 1073 4485 7462 1071 94 1074 4507
2300 5 13 58 8 3008 442 443 3009 7462 4485 4486 7463
2301 5 13 58 8 7462 4485 4486 7463 4507 1074 1075 4508
2302 5 13 58 8 3009 443 444 3010 7463 4486 4487 7464
2303 5 13 58 8 7463 4486 4487 7464 4508 1075 1076 4509
2304 5 13 58 8 3010 444 445 3011 7464 4487 4488 7465
2305 5 13 58 8 7464 4487 4488 7465 4509 1076 1077 4510
2306 5 13 58 8 3011 445 446 3012 7465 4488 4489 7466
2307 5 13 58 8 7465 4488 4489 7466 4510 1077 1078 4511
2308 5 13 58 8 3012 446 447 3013 7466 4489 4490 7467
2309 5 13 58 8 7466 4489 4490 7467 4511 1078 1079 4512
2310 5 13 58 8 3013 447 448 3014 7467 4490 4491 7468
2311 5 13 58 8 7467 4490 4491 7468 4512 1079 1080 4513
2312 5 13 58 8 3014 448 449 3015 7468 4491 4492 7469
2313 5 13 58 8 7468 4491 4492 7469 4513 1080 1081 4514
2314 5 13 58 8 3015 449 450 3016 7469 4492 4493 7470
2315 5 13 58 8 7469 4492 4493 7470 4514 1081 1082 4515
2316 5 13 58 8 3016 450 451 3017 7470 4493 4494 7471
2317 5 13 58 8 7470 4493 4494 7471 4515 1082 1083 4516
2318 5 13 58 8 3017 451 452 3018 7471 4494 4495 7472
2319 5 13 58 8 7471 4494 4495 7472 4516 1083 1084 4517
2320 5 13 58 8 3018 452 23 518 7472 4495 1044 4379
2321 5 13 58 8 7472 4495 1044 4379 4517 1084 91 1030
2322 5 14 59 8 23 525 3019 409 1044 4518 7473 4380
2323 5 14 59 8 1044 4518 7473 4380 91 1085 4531 1031
2324 5 14 59 8 409 3019 3020 410 4380 7473 7474 4381
2325 5 14 59 8 4380 7473 7474 4381 1031 4531 4532 1032
2326 5 14 59 8 410 3020 3021 411 4381 7474 7475 4382
2327 5 14 59 8 4381 7474 7475 4382 1032 4532 4533 1033
2328 5 14 59 8 411 3021 3022 412 4382 7475 7476 4383
2329 5 14 59 8 4382 7475 7476 4383 1033 4533 4534 1034
2330 5 14 59 8 412 3022 3023 413 4383 7476 7477 4384
2331 5 14 59 8 4383 7476 7477 4384 1034 4534 4535 1035
2332 5 14 59 8 413 3023 3024 414 4384 7477 7478 4385
2333 5 14 59 8 4384 7477 7478 4385 1035 4535 4536 1036
2334 5 14 59 8 414 3024 3025 415 4385 7478 7479 4386
2335 5 14 59 8 4385 7478 7479 4386 1036 4536 4537 1037
2336 5 14 59 8 415 3025 3026 416 4386 7479 7480 4387
2337 5 14 59 8 4386 7479 7480 4387 1037 4537 4538 1038
2338 5 14 59 8 416 3026 3027 417 4387 7480 7481 4388
2339 5 14 59 8 4387 7480 7481 4388 1038 4538 4539 1039
2340 5 14 59 8 417 3027 3028 418 4388 7481 7482 4389
2341 5 14 59 8 4388 7481 7482 4389 1039 4539 4540 1040
2342 5 14 59 8 418 3028 3029 419 4389 7482 7483 4390
2343 5 14 59 8 4389 7482 7483 4390 1040 4540 4541 1041
2344 5 14 59 8 419 3029 526 24 4390 7483 4530 1045
2345 5 14 59 8 4390 7483 4530 1045 1041 4541 1097 92
2346 5 14 59 8 525 27 453 3019 4518 1098 4519 7473
2347 5 14 59 8 4518 1098 4519 7473 1085 95 1086 4531
2348 5 14 59 8 3019 453 454 3020 7473 4519 4520 7474
2349 5 14 59 8 7473 4519 4520 7474 4531 1086 1087 4532
2350 5 14 59 8 3020 454 455 3021 7474 4520 4521 7475
2351 5 14 59 8 7474 4520 4521 7475 4532 1087 1088 4533
2352 5 14 59 8 3021 455 456 3022 7475 4521 4522 7476
2353 5 14 59 8 7475 4521 4522 7476 4533 1088 1089 4534
2354 5 14 59 8 3022 456 457 3023 7476 4522 4523 7477
2355 5 14 59 8 7476 4522 4523 7477 4534 1089 1090 4535
2356 5 14 59 8 3023 457 458 3024 7477 4523 4524 7478
2357 5 14 59 8 7477 4523 4524 7478 4535 1090 1091 4536
2358 5 14 59 8 3024 458 459 3025 7478 4524 4525 7479
2359 5 14 59 8 7478 4524 4525 7479 4536 1091 1092 4537
2360 5 14 59 8 3025 459 460 3026 7479 4525 4526 7480
2361 5 14 59 8 7479 4525 4526 7480 4537 1092 1093 4538
2362 5 14 59 8 3026 460 461 3027 7480 4526 4527 7481
2363 5 14 59 8 7480 4526 4527 7481 4538 1093 1094 4539
2364 5 14 59 8 3027 461 462 3028 7481 4527 4528 7482
2365 5 14 59 8 7481 4527 4528 7482 4539 1094 1095 4540
2366 5 14 59 8 3028 462 463 3029 7482 4528 4529 7483
2367 5 14 59 8 7482 4528 4529 7483 4540 1095 1096 4541
2368 5 14 59 8 3029 463 28 526 7483 4529 1099 4530
2369 5 14 59 8 7483 4529 1099 4530 4541 1096 96 1097
2370 5 14 60 8 24 526 3030 420 1045 4530 7484 4415
2371 5 14 60 8 1045 4530 7484 4415 92 1097 4554 1046
2372 5 14 60 8 420 3030 3031 421 4415 7484 7485 4416
2373 5 14 60 8 4415 7484 7485 4416 1046 4554 4555 1047
2374 5 14 60 8 421 3031 3032 422 4416 7485 7486 4417
2375 5 14 60 8 4416 7485 7486 4417 1047 4555 4556 1048
2376 5 14 60 8 422 3032 3033 423 4417 7486 7487 4418
2377 5 14 60 8 4417 7486 7487 4418 1048 4556 4557 1049
2378 5 14 60 8 423 3033 3034 424 4418 7487 7488 4419
2379 5 14 60 8 4418 7487 7488 4419 1049 4557 4558 1050
2380 5 14 60 8 424 3034 3035 425 4419 7488 7489 4420
2381 5 14 60 8 4419 7488 7489 4420 1050 4558 4559 1051
2382 5 14 60 8 425 3035 3036 426 4420 7489 7490 4421
2383 5 14 60 8 4420 7489 7490 4421 1051 4559 4560 1052
2384 5 14 60 8 426 3036 3037 427 4421 7490 7491 4422
2385 5 14 60 8 4421 7490 7491 4422 1052 4560 4561 1053
2386 5 14 60 8 427 3037 3038 428 4422 7491 7492 4423
2387 5 14 60 8 4422 7491 7492 4423 1053 4561 4562 1054
2388 5 14 60 8 428 3038 3039 429 4423 7492 7493 4424
2389 5 14 60 8 4423 7492 7493 4424 1054 4562 4563 1055
2390 5 14 60 8 429 3039 3040 430 4424 7493 7494 4425
2391 5 14 60 8 4424 7493 7494 4425 1055 4563 4564 1056
2392 5 14 60 8 430 3040 527 25 4425 7494 4553 1059
2393 5 14 60 8 4425 7494 4553 1059 1056 4564 1111 93
2394 5 14 60 8 526 28 464 3030 4530 1099 4542 7484
2395 5 14 60 8 4530 1099 4542 7484 1097 96 1100 4554
2396 5 14 60 8 3030 464 465 3031 7484 4542 4543 7485
2397 5 14 60 8 7484 4542 4543 7485 4554 1100 1101 4555
2398 5 14 60 8 3031 465 466 3032 7485 4543 4544 7486
2399 5 14 60 8 7485 4543 4544 7486 4555 1101 1102 4556
2400 5 14 60 8 3032 466 467 3033 7486 4544 4545 7487
2401 5 14 60 8 7486 4544 4545 7487 4556 1102 1103 4557
2402 5 14 60 8 3033 467 468 3034 7487 4545 4546 7488
2403 5 14 60 8 7487 4545 4546 7488 4557 1103 1104 4558
2404 5 14 60 8 3034 468 469 3035 7488 4546 4547 7489
2405 5 14 60 8 7488 4546 4547 7489 4558 1104 1105 4559
2406 5 14 60 8 3035 469 470 3036 7489 4547 4548 7490
2407 5 14 60 8 7489 4547 4548 7490 4559 1105 1106 4560
2408 5 14 60 8 3036 470 471 3037 7490 4548 4549 7491
2409 5 14 60 8 7490 4548 4549 7491 4560 1106 1107 4561
2410 5 14 60 8 3037 471 472 3038 7491 4549 4550 7492
2411 5 14 60 8 7491 4549 4550 7492 4561 1107 1108 4562
2412 5 14 60 8 3038 472 473 3039 7492 4550 4551 7493
2413 5 14 60 8 7492 4550 4551 7493 4562 1108 1109 4563
2414 5 14 60 8 3039 473 474 3040 7493 4551 4552 7494
2415 5 14 60 8 7493 4551 4552 7494 4563 1109 1110 4564
2416 5 14 60 8 3040 474 29 527 7494 4552 1112 4553
2417 5 14 60 8 7494 4552 1112 4553 4564 1110 97 1111
2418 5 14 61 8 25 527 3041 431 1059 4553 7495 4450
2419 5 14 61 8 1059 4553 7495 4450 93 1111 4577 1060
2420 5 14 61 8 431 3041 3042 432 4450 7495 7496 4451
2421 5 14 61 8 4450 7495 7496 4451 1060 4577 4578 1061
2422 5 14 61 8 432 3042 3043 433 4451 7496 7497 4452
2423 5 14 61 8 4451 7496 7497 4452 1061 4578 4579 1062
2424 5 14 61 8 433 3043 3044 434 4452 7497 7498 4453
2425 5 14 61 8 4452 7497 7498 4453 1062 4579 4580 1063
2426 5 14 61 8 434 3044 3045 435 4453 7498 7499 4454
2427 5 14 61 8 4453 7498 7499 4454 1063 4580 4581 1064
2428 5 14 61 8 435 3045 3046 436 4454 7499 7500 4455
2429 5 14 61 8 4454 7499 7500 4455 1064 4581 4582 1065
2430 5 14 61 8 436 3046 3047 437 4455 7500 7501 4456
2431 5 14 61 8 4455 7500 7501 4456 1065 4582 4583 1066
2432 5 14 61 8 437 3047 3048 438 4456 7501 7502 4457
2433 5 14 61 8 4456 7501 7502 4457 1066 4583 4584 1067
2434 5 14 61 8 438 3048 3049 439 4457 7502 7503 4458
2435 5 14 61 8 4457 7502 7503 4458 1067 4584 4585 1068
2436 5 14 61 8 439 3049 3050 440 4458 7503 7504 4459
2437 5 14 61 8 4458 7503 7504 4459 1068 4585 4586 1069
2438 5 14 61 8 440 3050 3051 441 4459 7504 7505 4460
2439 5 14 61 8 4459 7504 7505 4460 1069 4586 4587 1070
2440 5 14 61 8 441 3051 528 26 4460 7505 4576 1073
2441 5 14 61 8 4460 7505 4576 1073 1070 4587 1124 94
2442 5 14 61 8 527 29 475 3041 4553 1112 4565 7495
2443 5 14 61 8 4553 1112 4565 7495 1111 97 1113 4577
2444 5 14 61 8 3041 475 476 3042 7495 4565 4566 7496
2445 5 14 61 8 7495 4565 4566 7496 4577 1113 1114 4578
2446 5 14 61 8 3042 476 477 3043 7496 4566 4567 7497
2447 5 14 61 8 7496 4566 4567 7497 4578 1114 1115 4579
2448 5 14 61 8 3043 477 478 3044 7497 4567 4568 7498
2449 5 14 61 8 7497 4567 4568 7498 4579 1115 1116 4580
2450 5 14 61 8 3044 478 479 3045 7498 4568 4569 7499
2451 5 14 61 8 7498 4568 4569 7499 4580 1116 1117 4581
2452 5 14 61 8 3045 479 480 3046 7499 4569 4570 7500
2453 5 14 61 8 7499 4569 4570 7500 4581 1117 1118 4582
2454 5 14 61 8 3046 480 481 3047 7500 4570 4571 7501
2455 5 14 61 8 7500 4570 4571 7501 4582 1118 1119 4583
2456 5 14 61 8 3047 481 482 3048 7501 4571 4572 7502
2457 5 14 61 8 7501 4571 4572 7502 4583 1119 1120 4584
2458 5 14 61 8 3048 482 483 3049 7502 4572 4573 7503
2459 5 14 61 8 7502 4572 4573 7503 4584 1120 1121 4585
2460 5 14 61 8 3049 483 484 3050 7503 4573 4574 7504
2461 5 14 61 8 7503 4573 4574 7504 4585 1121 1122 4586
2462 5 14 61 8 3050 484 485 3051 7504 4574 4575 7505
2463 5 14 61 8 7504 4574 4575 7505 4586 1122 1123 4587
2464 5 14 61 8 3051 485 30 528 7505 4575 1125 4576
2465 5 14 61 8 7505 4575 1125 4576 4587 1123 98 1124
2466 5 14 62 8 26 528 3052 442 1073 4576 7506 4485
2467 5 14 62 8 1073 4576 7506 4485 94 1124 4599 1074
2468 5 14 62 8 442 3052 3053 443 4485 7506 7507 4486
2469 5 14 62 8 4485 7506 7507 4486 1074 4599 4600 1075
2470 5 14 62 8 443 3053 3054 444 4486 7507 7508 4487
2471 5 14 62 8 4486 7507 7508 4487 1075 4600 4601 1076
2472 5 14 62 8 444 3054 3055 445 4487 7508 7509 4488
2473 5 14 62 8 4487 7508 7509 4488 1076 4601 4602 1077
2474 5 14 62 8 445 3055 3056 446 4488 7509 7510 4489
2475 5 14 62 8 4488 7509 7510 4489 1077 4602 4603 1078
2476 5 14 62 8 446 3056 3057 447 4489 7510 7511 4490
2477 5 14 62 8 4489 7510 7511 4490 1078 4603 4604 1079
2478 5 14 62 8 447 3057 3058 448 4490 7511 7512 4491
2479 5 14 62 8 4490 7511 7512 4491 1079 4604 4605 1080
2480 5 14 62 8 448 3058 3059 449 4491 7512 7513 4492
2481 5 14 62 8 4491 7512 7513 4492 1080 4605 4606 1081
2482 5 14 62 8 449 3059 3060 450 4492 7513 7514 4493
2483 5 14 62 8 4492 7513 7514 4493 1081 4606 4607 1082
2484 5 14 62 8 450 3060 3061 451 4493 7514 7515 4494
2485 5 14 62 8 4493 7514 7515 4494 1082 4607 4608 1083
2486 5 14 62 8 451 3061 3062 452 4494 7515 7516 4495
2487 5 14 62 8 4494 7515 7516 4495 1083 4608 4609 1084
2488 5 14 62 8 452 3062 525 23 4495 7516 4518 1044
2489 5 14 62 8 4495 7516 4518 1044 1084 4609 1085 91
2490 5 14 62 8 528 30 486 3052 4576 1125 4588 7506
2491 5 14 62 8 4576 1125 4588 7506 1124 98 1126 4599
2492 5 14 62 8 3052 486 487 3053 7506 4588 4589 7507
2493 5 14 62 8 7506 4588 4589 7507 4599 1126 1127 4600
2494 5 14 62 8 3053 487 488 3054 7507 4589 4590 7508
2495 5 14 62 8 7507 4589 4590 7508 4600 1127 1128 4601
2496 5 14 62 8 3054 488 489 3055 7508 4590 4591 7509
2497 5 14 62 8 7508 4590 4591 7509 4601 1128 1129 4602
2498 5 14 62 8 3055 489 490 3056 7509 4591 4592 7510
2499 5 14 62 8 7509 4591 4592 7510 4602 1129 1130 4603
2500 5 14 62 8 3056 490 491 3057 7510 4592 4593 7511
2501 5 14 62 8 7510 4592 4593 7511 4603 1130 1131 4604
2502 5 14 62 8 3057 491 492 3058 7511 4593 4594 7512
2503 5 14 62 8 7511 4593 4594 7512 4604 1131 1132 4605
2504 5 14 62 8 3058 492 493 3059 7512 4594 4595 7513
2505 5 14 62 8 7512 4594 4595 7513 4605 1132 1133 4606
2506 5 14 62 8 3059 493 494 3060 7513 4595 4596 7514
2507 5 14 62 8 7513 4595 4596 7514 4606 1133 1134 4607
2508 5 14 62 8 3060 494 495 3061 7514 4596 4597 7515
2509 5 14 62 8 7514 4596 4597 7515 4607 1134 1135 4608
2510 5 14 62 8 3061 495 496 3062 7515 4597 4598 7516
2511 5 14 62 8 7515 4597 4598 7516 4608 1135 1136 4609
2512 5 14 62 8 3062 496 27 525 7516 4598 1098 4518
2513 5 14 62 8 7516 4598 1098 4518 4609 1136 95 1085
2514 5 23 64 8 32 613 3110 529 1165 4686 7565 4610
2515 5 23 64 8 1165 4686 7565 4610 99 1169 4697 1137
2516 5 23 64 8 529 3110 3111 530 4610 7565 7566 4611
2517 5 23 64 8 4610 7565 7566 4611 1137 4697 4698 1138
2518 5 23 64 8 530 3111 3112 531 4611 7566 7567 4612
2519 5 23 64 8 4611 7566 7567 4612 1138 4698 4699 1139
2520 5 23 64 8 531 3112 3113 532 4612 7567 7568 4613
2521 5 23 64 8 4612 7567 7568 4613 1139 4699 4700 1140
2522 5 23 64 8 532 3113 3114 533 4613 7568 7569 4614
2523 5 23 64 8 4613 7568 7569 4614 1140 4700 4701 1141
2524 5 23 64 8 533 3114 3115 534 4614 7569 7570 4615
2525 5 23 64 8 4614 7569 7570 4615 1141 4701 4702 1142
2526 5 23 64 8 534 3115 3116 535 4615 7570 7571 4616
2527 5 23 64 8 4615 7570 7571 4616 1142 4702 4703 1143
2528 5 23 64 8 535 3116 615 33 4616 7571 4695 1166
2529 5 23 64 8 4616 7571 4695 1166 1143 4703 1179 100
2530 5 23 64 8 613 614 3117 3110 4686 4687 7572 7565
2531 5 23 64 8 4686 4687 7572 7565 1169 1170 4704 4697
2532 5 23 64 8 3110 3117 3118 3111 7565 7572 7573 7566
2533 5 23 64 8 7565 7572 7573 7566 4697 4704 4705 4698
2534 5 23 64 8 3111 3118 3119 3112 7566 7573 7574 7567
2535 5 23 64 8 7566 7573 7574 7567 4698 4705 4706 4699
2536 5 23 64 8 3112 3119 3120 3113 7567 7574 7575 7568
2537 5 23 64 8 7567 7574 7575 7568 4699 4706 4707 4700
2538 5 23 64 8 3113 3120 3121 3114 7568 7575 7576 7569
2539 5 23 64 8 7568 7575 7576 7569 4700 4707 4708 4701
2540 5 23 64 8 3114 3121 3122 3115 7569 7576 7577 7570
2541 5 23 64 8 7569 7576 7577 7570 4701 4708 4709 4702
2542 5 23 64 8 3115 3122 3123 3116 7570 7577 7578 7571
2543 5 23 64 8 7570 7577 7578 7571 4702 4709 4710 4703
2544 5 23 64 8 3116 3123 616 615 7571 7578 4696 4695
2545 5 23 64 8 7571 7578 4696 4695 4703 4710 1178 1179
2546 5 23 64 8 614 36 557 3117 4687 1180 4688 7572
2547 5 23 64 8 4687 1180 4688 7572 1170 103 1171 4704
2548 5 23 64 8 3117 557 558 3118 7572 4688 4689 7573
2549 5 23 64 8 7572 4688 4689 7573 4704 1171 1172 4705
2550 5 23 64 8 3118 558 559 3119 7573 4689 4690 7574
2551 5 23 64 8 7573 4689 4690 7574 4705 1172 1173 4706
2552 5 23 64 8 3119 559 560 3120 7574 4690 4691 7575
2553 5 23 64 8 7574 4690 4691 7575 4706 1173 1174 4707
2554 5 23 64 8 3120 560 561 3121 7575 4691 4692 7576
2555 5 23 64 8 7575 4691 4692 7576 4707 1174 1175 4708
2556 5 23 64 8 3121 561 562 3122 7576 4692 4693 7577
2557 5 23 64 8 7576 4692 4693 7577 4708 1175 1176 4709
2558 5 23 64 8 3122 562 563 3123 7577 4693 4694 7578
2559 5 23 64 8 7577 4693 4694 7578 4709 1176 1177 4710
2560 5 23 64 8 3123 563 37 616 7578 4694 1181 4696
2561 5 23 64 8 7578 4694 1181 4696 4710 1177 104 1178
2562 5 23 65 8 33 615 3124 536 1166 4695 7579 4617
2563 5 23 65 8 1166 4695 7579 4617 100 1179 4720 1144
2564 5 23 65 8 536 3124 3125 537 4617 7579 7580 4618
2565 5 23 65 8 4617 7579 7580 4618 1144 4720 4721 1145
2566 5 23 65 8 537 3125 3126 538 4618 7580 7581 4619
2567 5 23 65 8 4618 7580 7581 4619 1145 4721 4722 1146
2568 5 23 65 8 538 3126 3127 539 4619 7581 7582 4620
2569 5 23 65 8 4619 7581 7582 4620 1146 4722 4723 1147
2570 5 23 65 8 539 3127 3128 540 4620 7582 7583 4621
2571 5 23 65 8 4620 7582 7583 4621 1147 4723 4724 1148
2572 5 23 65 8 540 3128 3129 541 4621 7583 7584 4622
2573 5 23 65 8 4621 7583 7584 4622 1148 4724 4725 1149
2574 5 23 65 8 541 3129 3130 542 4622 7584 7585 4623
2575 5 23 65 8 4622 7584 7585 4623 1149 4725 4726 1150
2576 5 23 65 8 542 3130 617 34 4623 7585 4718 1167
2577 5 23 65 8 4623 7585 4718 1167 1150 4726 1190 101
2578 5 23 65 8 615 616 3131 3124 4695 4696 7586 7579
2579 5 23 65 8 4695 4696 7586 7579 1179 1178 4727 4720
2580 5 23 65 8 3124 3131 3132 3125 7579 7586 7587 7580
2581 5 23 65 8 7579 7586 7587 7580 4720 4727 4728 4721
2582 5 23 65 8 3125 3132 3133 3126 7580 7587 7588 7581
2583 5 23 65 8 7580 7587 7588 7581 4721 4728 4729 4722
2584 5 23 65 8 3126 3133 3134 3127 7581 7588 7589 7582
2585 5 23 65 8 7581 7588 7589 7582 4722 4729 4730 4723
2586 5 23 65 8 3127 3134 3135 3128 7582 7589 7590 7583
2587 5 23 65 8 7582 7589 7590 7583 4723 4730 4731 4724
2588 5 23 65 8 3128 3135 3136 3129 7583 7590 7591 7584
2589 5 23 65 8 7583 7590 7591 7584 4724 4731 4732 4725
2590 5 23 65 8 3129 3136 3137 3130 7584 7591 7592 7585
2591 5 23 65 8 7584 7591 7592 7585 4725 4732 4733 4726
2592 5 23 65 8 3130 3137 618 617 7585 7592 4719 4718
2593 5 23 65 8 7585 7592 4719 4718 4726 4733 1189 1190
2594 5 23 65 8 616 37 564 3131 4696 1181 4711 7586
2595 5 23 65 8 4696 1181 4711 7586 1178 104 1182 4727
2596 5 23 65 8 3131 564 565 3132 7586 4711 4712 7587
2597 5 23 65 8 7586 4711 4712 7587 4727 1182 1183 4728
2598 5 23 65 8 3132 565 566 3133 7587 4712 4713 7588
2599 5 23 65 8 7587 4712 4713 7588 4728 1183 1184 4729
2600 5 23 65 8 3133 566 567 3134 7588 4713 4714 7589
2601 5 23 65 8 7588 4713 4714 7589 4729 1184 1185 4730
2602 5 23 65 8 3134 567 568 3135 7589 4714 4715 7590
2603 5 23 65 8 7589 4714 4715 7590 4730 1185 1186 4731
2604 5 23 65 8 3135 568 569 3136 7590 4715 4716 7591
2605 5 23 65 8 7590 4715 4716 7591 4731 1186 1187 4732
2606 5 23 65 8 3136 569 570 3137 7591 4716 4717 7592
2607 5 23 65 8 7591 4716 4717 7592 4732 1187 1188 4733
2608 5 23 65 8 3137 570 38 618 7592 4717 1191 4719
2609 5 23 65 8 7592 4717 1191 4719 4733 1188 105 1189
2610 5 23 66 8 34 617 3138 543 1167 4718 7593 4624
2611 5 23 66 8 1167 4718 7593 4624 101 1190 4743 1151
2612 5 23 66 8 543 3138 3139 544 4624 7593 7594 4625
2613 5 23 66 8 4624 7593 7594 4625 1151 4743 4744 1152
2614 5 23 66 8 544 3139 3140 545 4625 7594 7595 4626
2615 5 23 66 8 4625 7594 7595 4626 1152 4744 4745 1153
2616 5 23 66 8 545 3140 3141 546 4626 7595 7596 4627
2617 5 23 66 8 4626 7595 7596 4627 1153 4745 4746 1154
2618 5 23 66 8 546 3141 3142 547 4627 7596 7597 4628
2619 5 23 66 8 4627 7596 7597 4628 1154 4746 4747 1155
2620 5 23 66 8 547 3142 3143 548 4628 7597 7598 4629
2621 5 23 66 8 4628 7597 7598 4629 1155 4747 4748 1156
2622 5 23 66 8 548 3143 3144 549 4629 7598 7599 4630
2623 5 23 66 8 4629 7598 7599 4630 1156 4748 4749 1157
2624 5 23 66 8 549 3144 619 35 4630 7599 4741 1168
2625 5 23 66 8 4630 7599 4741 1168 1157 4749 1200 102
2626 5 23 66 8 617 618 3145 3138 4718 4719 7600 7593
2627 5 23 66 8 4718 4719 7600 7593 1190 1189 4750 4743
2628 5 23 66 8 3138 3145 3146 3139 7593 7600 7601 7594
2629 5 23 66 8 7593 7600 7601 7594 4743 4750 4751 4744
2630 5 23 66 8 3139 3146 3147 3140 7594 7601 7602 7595
2631 5 23 66 8 7594 7601 7602 7595 4744 4751 4752 4745
2632 5 23 66 8 3140 3147 3148 3141 7595 7602 7603 7596
2633 5 23 66 8 7595 7602 7603 7596 4745 4752 4753 4746
2634 5 23 66 8 3141 3148 3149 3142 7596 7603 7604 7597
2635 5 23 66 8 7596 7603 7604 7597 4746 4753 4754 4747
2636 5 23 66 8 3142 3149 3150 3143 7597 7604 7605 7598
2637 5 23 66 8 7597 7604 7605 7598 4747 4754 4755 4748
2638 5 23 66 8 3143 3150 3151 3144 7598 7605 7606 7599
2639 5 23 66 8 7598 7605 7606 7599 4748 4755 4756 4749
2640 5 23 66 8 3144 3151 620 619 7599 7606 4742 4741
2641 5 23 66 8 7599 7606 4742 4741 4749 4756 1199 1200
2642 5 23 66 8 618 38 571 3145 4719 1191 4734 7600
2643 5 23 66 8 4719 1191 4734 7600 1189 105 1192 4750
2644 5 23 66 8 3145 571 572 3146 7600 4734 4735 7601
2645 5 23 66 8 7600 4734 4735 7601 4750 1192 1193 4751
2646 5 23 66 8 3146 572 573 3147 7601 4735 4736 7602
2647 5 23 66 8 7601 4735 4736 7602 4751 1193 1194 4752
2648 5 23 66 8 3147 573 574 3148 7602 4736 4737 7603
2649 5 23 66 8 7602 4736 4737 7603 4752 1194 1195 4753
2650 5 23 66 8 3148 574 575 3149 7603 4737 4738 7604
2651 5 23 66 8 7603 4737 4738 7604 4753 1195 1196 4754
2652 5 23 66 8 3149 575 576 3150 7604 4738 4739 7605
2653 5 23 66 8 7604 4738 4739 7605 4754 1196 1197 4755
2654 5 23 66 8 3150 576 577 3151 7605 4739 4740 7606
2655 5 23 66 8 7605 4739 4740 7606 4755 1197 1198 4756
2656 5 23 66 8 3151 577 39 620 7606 4740 1201 4742
2657 5 23 66 8 7606 4740 1201 4742 4756 1198 106 1199
2658 5 23 67 8 35 619 3152 550 1168 4741 7607 4631
2659 5 23 67 8 1168 4741 7607 4631 102 1200 4764 1158
2660 5 23 67 8 550 3152 3153 551 4631 7607 7608 4632
2661 5 23 67 8 4631 7607 7608 4632 1158 4764 4765 1159
2662 5 23 67 8 551 3153 3154 552 4632 7608 7609 4633
2663 5 23 67 8 4632 7608 7609 4633 1159 4765 4766 1160
2664 5 23 67 8 552 3154 3155 553 4633 7609 7610 4634
2665 5 23 67 8 4633 7609 7610 4634 1160 4766 4767 1161
2666 5 23 67 8 553 3155 3156 554 4634 7610 7611 4635
2667 5 23 67 8 4634 7610 7611 4635 1161 4767 4768 1162
2668 5 23 67 8 554 3156 3157 555 4635 7611 7612 4636
2669 5 23 67 8 4635 7611 7612 4636 1162 4768 4769 1163
2670 5 23 67 8 555 3157 3158 556 4636 7612 7613 4637
2671 5 23 67 8 4636 7612 7613 4637 1163 4769 4770 1164
2672 5 23 67 8 556 3158 613 32 4637 7613 4686 1165
2673 5 23 67 8 4637 7613 4686 1165 1164 4770 1169 99
2674 5 23 67 8 619 620 3159 3152 4741 4742 7614 7607
2675 5 23 67 8 4741 4742 7614 7607 1200 1199 4771 4764
2676 5 23 67 8 3152 3159 3160 3153 7607 7614 7615 7608
2677 5 23 67 8 7607 7614 7615 7608 4764 4771 4772 4765
2678 5 23 67 8 3153 3160 3161 3154 7608 7615 7616 7609
2679 5 23 67 8 7608 7615 7616 7609 4765 4772 4773 4766
2680 5 23 67 8 3154 3161 3162 3155 7609 7616 7617 7610
2681 5 23 67 8 7609 7616 7617 7610 4766 4773 4774 4767
2682 5 23 67 8 3155 3162 3163 3156 7610 7617 7618 7611
2683 5 23 67 8 7610 7617 7618 7611 4767 4774 4775 4768
2684 5 23 67 8 3156 3163 3164 3157 7611 7618 7619 7612
2685 5 23 67 8 7611 7618 7619 7612 4768 4775 4776 4769
2686 5 23 67 8 3157 3164 3165 3158 7612 7619 7620 7613
2687 5 23 67 8 7612 7619 7620 7613 4769 4776 4777 4770
2688 5 23 67 8 3158 3165 614 613 7613 7620 4687 4686
2689 5 23 67 8 7613 7620 4687 4686 4770 4777 1170 1169
2690 5 23 67 8 620 39 578 3159 4742 1201 4757 7614
2691 5 23 67 8 4742 1201 4757 7614 1199 106 1202 4771
2692 5 23 67 8 3159 578 579 3160 7614 4757 4758 7615
2693 5 23 67 8 7614 4757 4758 7615 4771 1202 1203 4772
2694 5 23 67 8 3160 579 580 3161 7615 4758 4759 7616
2695 5 23 67 8 7615 4758 4759 7616 4772 1203 1204 4773
2696 5 23 67 8 3161 580 581 3162 7616 4759 4760 7617
2697 5 23 67 8 7616 4759 4760 7617 4773 1204 1205 4774
2698 5 23 67 8 3162 581 582 3163 7617 4760 4761 7618
2699 5 23 67 8 7617 4760 4761 7618 4774 1205 1206 4775
2700 5 23 67 8 3163 582 583 3164 7618 4761 4762 7619
2701 5 23 67 8 7618 4761 4762 7619 4775 1206 1207 4776
2702 5 23 67 8 3164 583 584 3165 7619 4762 4763 7620
2703 5 23 67 8 7619 4762 4763 7620 4776 1207 1208 4777
2704 5 23 67 8 3165 584 36 614 7620 4763 1180 4687
2705 5 23 67 8 7620 4763 1180 4687 4777 1208 103 1170
2706 5 24 68 8 36 621 3166 557 1180 4778 7621 4688
2707 5 24 68 8 1180 4778 7621 4688 103 1209 4787 1171
2708 5 24 68 8 557 3166 3167 558 4688 7621 7622 4689
2709 5 24 68 8 4688 7621 7622 4689 1171 4787 4788 1172
2710 5 24 68 8 558 3167 3168 559 4689 7622 7623 4690
2711 5 24 68 8 4689 7622 7623 4690 1172 4788 4789 1173
2712 5 24 68 8 559 3168 3169 560 4690 7623 7624 4691
2713 5 24 68 8 4690 7623 7624 4691 1173 4789 4790 1174
2714 5 24 68 8 560 3169 3170 561 4691 7624 7625 4692
2715 5 24 68 8 4691 7624 7625 4692 1174 4790 4791 1175
2716 5 24 68 8 561 3170 3171 562 4692 7625 7626 4693
2717 5 24 68 8 4692 7625 7626 4693 1175 4791 4792 1176
2718 5 24 68 8 562 3171 3172 563 4693 7626 7627 4694
2719 5 24 68 8 4693 7626 7627 4694 1176 4792 4793 1177
2720 5 24 68 8 563 3172 622 37 4694 7627 4786 1181
2721 5 24 68 8 4694 7627 4786 1181 1177 4793 1217 104
2722 5 24 68 8 621 40 585 3166 4778 1218 4779 7621
2723 5 24 68 8 4778 1218 4779 7621 1209 107 1210 4787
2724 5 24 68 8 3166 585 586 3167 7621 4779 4780 7622
2725 5 24 68 8 7621 4779 4780 7622 4787 1210 1211 4788
2726 5 24 68 8 3167 586 587 3168 7622 4780 4781 7623
2727 5 24 68 8 7622 4780 4781 7623 4788 1211 1212 4789
2728 5 24 68 8 3168 587 588 3169 7623 4781 4782 7624
2729 5 24 68 8 7623 4781 4782 7624 4789 1212 1213 4790
2730 5 24 68 8 3169 588 589 3170 7624 4782 4783 7625
2731 5 24 68 8 7624 4782 4783 7625 4790 1213 1214 4791
2732 5 24 68 8 3170 589 590 3171 7625 4783 4784 7626
2733 5 24 68 8 7625 4783 4784 7626 4791 1214 1215 4792
2734 5 24 68 8 3171 590 591 3172 7626 4784 4785 7627
2735 5 24 68 8 7626 4784 4785 7627 4792 1215 1216 4793
2736 5 24 68 8 3172 591 41 622 7627 4785 1219 4786
2737 5 24 68 8 7627 4785 1219 4786 4793 1216 108 1217
2738 5 24 69 8 37 622 3173 564 1181 4786 7628 4711
2739 5 24 69 8 1181 4786 7628 4711 104 1217 4802 1182
2740 5 24 69 8 564 3173 3174 565 4711 7628 7629 4712
2741 5 24 69 8 4711 7628 7629 4712 1182 4802 4803 1183
2742 5 24 69 8 565 3174 3175 566 4712 7629 7630 4713
2743 5 24 69 8 4712 7629 7630 4713 1183 4803 4804 1184
2744 5 24 69 8 566 3175 3176 567 4713 7630 7631 4714
2745 5 24 69 8 4713 7630 7631 4714 1184 4804 4805 1185
2746 5 24 69 8 567 3176 3177 568 4714 7631 7632 4715
2747 5 24 69 8 4714 7631 7632 4715 1185 4805 4806 1186
2748 5 24 69 8 568 3177 3178 569 4715 7632 7633 4716
2749 5 24 69 8 4715 7632 7633 4716 1186 4806 4807 1187
2750 5 24 69 8 569 3178 3179 570 4716 7633 7634 4717
2751 5 24 69 8 4716 7633 7634 4717 1187 4807 4808 1188
2752 5 24 69 8 570 3179 623 38 4717 7634 4801 1191
2753 5 24 69 8 4717 7634 4801 1191 1188 4808 1227 105
2754 5 24 69 8 622 41 592 3173 4786 1219 4794 7628
2755 5 24 69 8 4786 1219 4794 7628 1217 108 1220 4802
2756 5 24 69 8 3173 592 593 3174 7628 4794 4795 7629
2757 5 24 69 8 7628 4794 4795 7629 4802 1220 1221 4803
2758 5 24 69 8 3174 593 594 3175 7629 4795 4796 7630
2759 5 24 69 8 7629 4795 4796 7630 4803 1221 1222 4804
2760 5 24 69 8 3175 594 595 3176 7630 4796 4797 7631
2761 5 24 69 8 7630 4796 4797 7631 4804 1222 1223 4805
2762 5 24 69 8 3176 595 596 3177 7631 4797 4798 7632
2763 5 24 69 8 7631 4797 4798 7632 4805 1223 1224 4806
2764 5 24 69 8 3177 596 597 3178 7632 4798 4799 7633
2765 5 24 69 8 7632 4798 4799 7633 4806 1224 1225 4807
2766 5 24 69 8 3178 597 598 3179 7633 4799 4800 7634
2767 5 24 69 8 7633 4799 4800 7634 4807 1225 1226 4808
2768 5 24 69 8 3179 598 42 623 7634 4800 1228 4801
2769 5 24 69 8 7634 4800 1228 4801 4808 1226 109 1227
2770 5 24 70 8 38 623 3180 571 1191 4801 7635 4734
2771 5 24 70 8 1191 4801 7635 4734 105 1227 4817 1192
2772 5 24 70 8 571 3180 3181 572 4734 7635 7636 4735
2773 5 24 70 8 4734 7635 7636 4735 1192 4817 4818 1193
2774 5 24 70 8 572 3181 3182 573 4735 7636 7637 4736
2775 5 24 70 8 4735 7636 7637 4736 1193 4818 4819 1194
2776 5 24 70 8 573 3182 3183 574 4736 7637 7638 4737
2777 5 24 70 8 4736 7637 7638 4737 1194 4819 4820 1195
2778 5 24 70 8 574 3183 3184 575 4737 7638 7639 4738
2779 5 24 70 8 4737 7638 7639 4738 1195 4820 4821 1196
2780 5 24 70 8 575 3184 3185 576 4738 7639 7640 4739
2781 5 24 70 8 4738 7639 7640 4739 1196 4821 4822 1197
2782 5 24 70 8 576 3185 3186 577 4739 7640 7641 4740
2783 5 24 70 8 4739 7640 7641 4740 1197 4822 4823 1198
2784 5 24 70 8 577 3186 624 39 4740 7641 4816 1201
2785 5 24 70 8 4740 7641 4816 1201 1198 4823 1236 106
2786 5 24 70 8 623 42 599 3180 4801 1228 4809 7635
2787 5 24 70 8 4801 1228 4809 7635 1227 109 1229 4817
2788 5 24 70 8 3180 599 600 3181 7635 4809 4810 7636
2789 5 24 70 8 7635 4809 4810 7636 4817 1229 1230 4818
2790 5 24 70 8 3181 600 601 3182 7636 4810 4811 7637
2791 5 24 70 8 7636 4810 4811 7637 4818 1230 1231 4819
2792 5 24 70 8 3182 601 602 3183 7637 4811 4812 7638
2793 5 24 70 8 7637 4811 4812 7638 4819 1231 1232 4820
2794 5 24 70 8 3183 602 603 3184 7638 4812 4813 7639
2795 5 24 70 8 7638 4812 4813 7639 4820 1232 1233 4821
2796 5 24 70 8 3184 603 604 3185 7639 4813 4814 7640
2797 5 24 70 8 7639 4813 4814 7640 4821 1233 1234 4822
2798 5 24 70 8 3185 604 605 3186 7640 4814 4815 7641
2799 5 24 70 8 7640 4814 4815 7641 4822 1234 1235 4823
2800 5 24 70 8 3186 605 43 624 7641 4815 1237 4816
2801 5 24 70 8 7641 4815 1237 4816 4823 1235 110 1236
2802 5 24 71 8 39 624 3187 578 1201 4816 7642 4757
2803 5 24 71 8 1201 4816 7642 4757 106 1236 4831 1202
2804 5 24 71 8 578 3187 3188 579 4757 7642 7643 4758
2805 5 24 71 8 4757 7642 7643 4758 1202 4831 4832 1203
2806 5 24 71 8 579 3188 3189 580 4758 7643 7644 4759
2807 5 24 71 8 4758 7643 7644 4759 1203 4832 4833 1204
2808 5 24 71 8 580 3189 3190 581 4759 7644 7645 4760
2809 5 24 71 8 4759 7644 7645 4760 1204 4833 4834 1205
2810 5 24 71 8 581 3190 3191 582 4760 7645 7646 4761
2811 5 24 71 8 4760 7645 7646 4761 1205 4834 4835 1206
2812 5 24 71 8 582 3191 3192 583 4761 7646 7647 4762
2813 5 24 71 8 4761 7646 7647 4762 1206 4835 4836 1207
2814 5 24 71 8 583 3192 3193 584 4762 7647 7648 4763
2815 5 24 71 8 4762 7647 7648 4763 1207 4836 4837 1208
2816 5 24 71 8 584 3193 621 36 4763 7648 4778 1180
2817 5 24 71 8 4763 7648 4778 1180 1208 4837 1209 103
2818 5 24 71 8 624 43 606 3187 4816 1237 4824 7642
2819 5 24 71 8 4816 1237 4824 7642 1236 110 1238 4831
2820 5 24 71 8 3187 606 607 3188 7642 4824 4825 7643
2821 5 24 71 8 7642 4824 4825 7643 4831 1238 1239 4832
2822 5 24 71 8 3188 607 608 3189 7643 4825 4826 7644
2823 5 24 71 8 7643 4825 4826 7644 4832 1239 1240 4833
2824 5 24 71 8 3189 608 609 3190 7644 4826 4827 7645
2825 5 24 71 8 7644 4826 4827 7645 4833 1240 1241 4834
2826 5 24 71 8 3190 609 610 3191 7645 4827 4828 7646
2827 5 24 71 8 7645 4827 4828 7646 4834 1241 1242 4835
2828 5 24 71 8 3191 610 611 3192 7646 4828 4829 7647
2829 5 24 71 8 7646 4828 4829 7647 4835 1242 1243 4836
2830 5 24 71 8 3192 611 612 3193 7647 4829 4830 7648
2831 5 24 71 8 7647 4829 4830 7648 4836 1243 1244 4837
2832 5 24 71 8 3193 612 40 621 7648 4830 1218 4778
2833 5 24 71 8 7648 4830 1218 4778 4837 1244 107 1209
2834 5 33 73 8 45 709 3239 625 1273 4912 7695 4838
2835 5 33 73 8 1273 4912 7695 4838 111 1277 4923 1245
2836 5 33 73 8 625 3239 3240 626 4838 7695 7696 4839
2837 5 33 73 8 4838 7695 7696 4839 1245 4923 4924 1246
2838 5 33 73 8 626 3240 3241 627 4839 7696 7697 4840
2839 5 33 73 8 4839 7696 7697 4840 1246 4924 4925 1247
2840 5 33 73 8 627 3241 3242 628 4840 7697 7698 4841
2841 5 33 73 8 4840 7697 7698 4841 1247 4925 4926 1248
2842 5 33 73 8 628 3242 3243 629 4841 7698 7699 4842
2843 5 33 73 8 4841 7698 7699 4842 1248 4926 4927 1249
2844 5 33 73 8 629 3243 3244 630 4842 7699 7700 4843
2845 5 33 73 8 4842 7699 7700 4843 1249 4927 4928 1250
2846 5 33 73 8 630 3244 3245 631 4843 7700 7701 4844
2847 5 33 73 8 4843 7700 7701 4844 1250 4928 4929 1251
2848 5 33 73 8 631 3245 711 46 4844 7701 4921 1274
2849 5 33 73 8 4844 7701 4921 1274 1251 4929 1287 112
2850 5 33 73 8 709 710 3246 3239 4912 4913 7702 7695
2851 5 33 73 8 4912 4913 7702 7695 1277 1278 4930 4923
2852 5 33 73 8 3239 3246 3247 3240 7695 7702 7703 7696
2853 5 33 73 8 7695 7702 7703 7696 4923 4930 4931 4924
2854 5 33 73 8 3240 3247 3248 3241 7696 7703 7704 7697
2855 5 33 73 8 7696 7703 7704 7697 4924 4931 4932 4925
2856 5 33 73 8 3241 3248 3249 3242 7697 7704 7705 7698
2857 5 33 73 8 7697 7704 7705 7698 4925 4932 4933 4926
2858 5 33 73 8 3242 3249 3250 3243 7698 7705 7706 7699
2859 5 33 73 8 7698 7705 7706 7699 4926 4933 4934 4927
2860 5 33 73 8 3243 3250 3251 3244 7699 7706 7707 7700
2861 5 33 73 8 7699 7706 7707 7700 4927 4934 4935 4928
2862 5 33 73 8 3244 3251 3252 3245 7700 7707 7708 7701
2863 5 33 73 8 7700 7707 7708 7701 4928 4935 4936 4929
2864 5 33 73 8 3245 3252 712 711 7701 7708 4922 4921
2865 5 33 73 8 7701 7708 4922 4921 4929 4936 1286 1287
2866 5 33 73 8 710 49 653 3246 4913 1288 4914 7702
2867 5 33 73 8 4913 1288 4914 7702 1278 115 1279 4930
2868 5 33 73 8 3246 653 654 3247 7702 4914 4915 7703
2869 5 33 73 8 7702 4914 4915 7703 4930 1279 1280 4931
2870 5 33 73 8 3247 654 655 3248 7703 4915 4916 7704
2871 5 33 73 8 7703 4915 4916 7704 4931 1280 1281 4932
2872 5 33 73 8 3248 655 656 3249 7704 4916 4917 7705
2873 5 33 73 8 7704 4916 4917 7705 4932 1281 1282 4933
2874 5 33 73 8 3249 656 657 3250 7705 4917 4918 7706
2875 5 33 73 8 7705 4917 4918 7706 4933 1282 1283 4934
2876 5 33 73 8 3250 657 658 3251 7706 4918 4919 7707
2877 5 33 73 8 7706 4918 4919 7707 4934 1283 1284 4935
2878 5 33 73 8 3251 658 659 3252 7707 4919 4920 7708
2879 5 33 73 8 7707 4919 4920 7708 4935 1284 1285 4936
2880 5 33 73 8 3252 659 50 712 7708 4920 1289 4922
2881 5 33 73 8 7708 4920 1289 4922 4936 1285 116 1286
2882 5 33 74 8 46 711 3253 632 1274 4921 7709 4845
2883 5 33 74 8 1274 4921 7709 4845 112 1287 4946 1252
2884 5 33 74 8 632 3253 3254 633 4845 7709 7710 4846
2885 5 33 74 8 4845 7709 7710 4846 1252 4946 4947 1253
2886 5 33 74 8 633 3254 3255 634 4846 7710 7711 4847
2887 5 33 74 8 4846 7710 7711 4847 1253 4947 4948 1254
2888 5 33 74 8 634 3255 3256 635 4847 7711 7712 4848
2889 5 33 74 8 4847 7711 7712 4848 1254 4948 4949 1255
2890 5 33 74 8 635 3256 3257 636 4848 7712 7713 4849
2891 5 33 74 8 4848 7712 7713 4849 1255 4949 4950 1256
2892 5 33 74 8 636 3257 3258 637 4849 7713 7714 4850
2893 5 33 74 8 4849 7713 7714 4850 1256 4950 4951 1257
2894 5 33 74 8 637 3258 3259 638 4850 7714 7715 4851
2895 5 33 74 8 4850 7714 7715 4851 1257 4951 4952 1258
2896 5 33 74 8 638 3259 713 47 4851 7715 4944 1275
2897 5 33 74 8 4851 7715 4944 1275 1258 4952 1298 113
2898 5 33 74 8 711 712 3260 3253 4921 4922 7716 7709
2899 5 33 74 8 4921 4922 7716 7709 1287 1286 4953 4946
2900 5 33 74 8 3253 3260 3261 3254 7709 7716 7717 7710
2901 5 33 74 8 7709 7716 7717 7710 4946 4953 4954 4947
2902 5 33 74 8 3254 3261 3262 3255 7710 7717 7718 7711
2903 5 33 74 8 7710 7717 7718 7711 4947 4954 4955 4948
2904 5 33 74 8 3255 3262 3263 3256 7711 7718 7719 7712
2905 5 33 74 8 7711 7718 7719 7712 4948 4955 4956 4949
2906 5 33 74 8 3256 3263 3264 3257 7712 7719 7720 7713
2907 5 33 74 8 7712 7719 7720 7713 4949 4956 4957 4950
2908 5 33 74 8 3257 3264 3265 3258 7713 7720 7721 7714
2909 5 33 74 8 7713 7720 7721 7714 4950 4957 4958 4951
2910 5 33 74 8 3258 3265 3266 3259 7714 7721 7722 7715
2911 5 33 74 8 7714 7721 7722 7715 4951 4958 4959 4952
2912 5 33 74 8 3259 3266 714 713 7715 7722 4945 4944
2913 5 33 74 8 7715 7722 4945 4944 4952 4959 1297 1298
2914 5 33 74 8 712 50 660 3260 4922 1289 4937 7716
2915 5 33 74 8 4922 1289 4937 7716 1286 116 1290 4953
2916 5 33 74 8 3260 660 661 3261 7716 4937 4938 7717
2917 5 33 74 8 7716 4937 4938 7717 4953 1290 1291 4954
2918 5 33 74 8 3261 661 662 3262 7717 4938 4939 7718
2919 5 33 74 8 7717 4938 4939 7718 4954 1291 1292 4955
2920 5 33 74 8 3262 662 663 3263 7718 4939 4940 7719
2921 5 33 74 8 7718 4939 4940 7719 4955 1292 1293 4956
2922 5 33 74 8 3263 663 664 3264 7719 4940 4941 7720
2923 5 33 74 8 7719 4940 4941 7720 4956 1293 1294 4957
2924 5 33 74 8 3264 664 665 3265 7720 4941 4942 7721
2925 5 33 74 8 7720 4941 4942 7721 4957 1294 1295 4958
2926 5 33 74 8 3265 665 666 3266 7721 4942 4943 7722
2927 5 33 74 8 7721 4942 4943 7722 4958 1295 1296 4959
2928 5 33 74 8 3266 666 51 714 7722 4943 1299 4945
2929 5 33 74 8 7722 4943 1299 4945 4959 1296 117 1297
2930 5 33 75 8 47 713 3267 639 1275 4944 7723 4852
2931 5 33 75 8 1275 4944 7723 4852 113 1298 4969 1259
2932 5 33 75 8 639 3267 3268 640 4852 7723 7724 4853
2933 5 33 75 8 4852 7723 7724 4853 1259 4969 4970 1260
2934 5 33 75 8 640 3268 3269 641 4853 7724 7725 4854
2935 5 33 75 8 4853 7724 7725 4854 1260 4970 4971 1261
2936 5 33 75 8 641 3269 3270 642 4854 7725 7726 4855
2937 5 33 75 8 4854 7725 7726 4855 1261 4971 4972 1262
2938 5 33 75 8 642 3270 3271 643 4855 7726 7727 4856
2939 5 33 75 8 4855 7726 7727 4856 1262 4972 4973 1263
2940 5 33 75 8 643 3271 3272 644 4856 7727 7728 4857
2941 5 33 75 8 4856 7727 7728 4857 1263 4973 4974 1264
2942 5 33 75 8 644 3272 3273 645 4857 7728 7729 4858
2943 5 33 75 8 4857 7728 7729 4858 1264 4974 4975 1265
2944 5 33 75 8 645 3273 715 48 4858 7729 4967 1276
2945 5 33 75 8 4858 7729 4967 1276 1265 4975 1308 114
2946 5 33 75 8 713 714 3274 3267 4944 4945 7730 7723
2947 5 33 75 8 4944 4945 7730 7723 1298 1297 4976 4969
2948 5 33 75 8 3267 3274 3275 3268 7723 7730 7731 7724
2949 5 33 75 8 7723 7730 7731 7724 4969 4976 4977 4970
2950 5 33 75 8 3268 3275 3276 3269 7724 7731 7732 7725
2951 5 33 75 8 7724 7731 7732 7725 4970 4977 4978 4971
2952 5 33 75 8 3269 3276 3277 3270 7725 7732 7733 7726
2953 5 33 75 8 7725 7732 7733 7726 4971 4978 4979 4972
2954 5 33 75 8 3270 3277 3278 3271 7726 7733 7734 7727
2955 5 33 75 8 7726 7733 7734 7727 4972 4979 4980 4973
2956 5 33 75 8 3271 3278 3279 3272 7727 7734 7735 7728
2957 5 33 75 8 7727 7734 7735 7728 4973 4980 4981 4974
2958 5 33 75 8 3272 3279 3280 3273 7728 7735 7736 7729
2959 5 33 75 8 7728 7735 7736 7729 4974 4981 4982 4975
2960 5 33 75 8 3273 3280 716 715 7729 7736 4968 4967
2961 5 33 75 8 7729 7736 4968 4967 4975 4982 1307 1308
2962 5 33 75 8 714 51 667 3274 4945 1299 4960 7730
2963 5 33 75 8 4945 1299 4960 7730 1297 117 1300 4976
2964 5 33 75 8 3274 667 668 3275 7730 4960 4961 7731
2965 5 33 75 8 7730 4960 4961 7731 4976 1300 1301 4977
2966 5 33 75 8 3275 668 669 3276 7731 4961 4962 7732
2967 5 33 75 8 7731 4961 4962 7732 4977 1301 1302 4978
2968 5 33 75 8 3276 669 670 3277 7732 4962 4963 7733
2969 5 33 75 8 7732 4962 4963 7733 4978 1302 1303 4979
2970 5 33 75 8 3277 670 671 3278 7733 4963 4964 7734
2971 5 33 75 8 7733 4963 4964 7734 4979 1303 1304 4980
2972 5 33 75 8 3278 671 672 3279 7734 4964 4965 7735
2973 5 33 75 8 7734 4964 4965 7735 4980 1304 1305 4981
2974 5 33 75 8 3279 672 673 3280 7735 4965 4966 7736
2975 5 33 75 8 7735 4965 4966 7736 4981 1305 1306 4982
2976 5 33 75 8 3280 673 52 716 7736 4966 1309 4968
2977 5 33 75 8 7736 4966 1309 4968 4982 1306 118 1307
2978 5 33 76 8 48 715 3281 646 1276 4967 7737 4859
2979 5 33 76 8 1276 4967 7737 4859 114 1308 4990 1266
2980 5 33 76 8 646 3281 3282 647 4859 7737 7738 4860
2981 5 33 76 8 4859 7737 7738 4860 1266 4990 4991 1267
2982 5 33 76 8 647 3282 3283 648 4860 7738 7739 4861
2983 5 33 76 8 4860 7738 7739 4861 1267 4991 4992 1268
2984 5 33 76 8 648 3283 3284 649 4861 7739 7740 4862
2985 5 33 76 8 4861 7739 7740 4862 1268 4992 4993 1269
2986 5 33 76 8 649 3284 3285 650 4862 7740 7741 4863
2987 5 33 76 8 4862 7740 7741 4863 1269 4993 4994 1270
2988 5 33 76 8 650 3285 3286 651 4863 7741 7742 4864
2989 5 33 76 8 4863 7741 7742 4864 1270 4994 4995 1271
2990 5 33 76 8 651 3286 3287 652 4864 7742 7743 4865
2991 5 33 76 8 4864 7742 7743 4865 1271 4995 4996 1272
2992 5 33 76 8 652 3287 709 45 4865 7743 4912 1273
2993 5 33 76 8 4865 7743 4912 1273 1272 4996 1277 111
2994 5 33 76 8 715 716 3288 3281 4967 4968 7744 7737
2995 5 33 76 8 4967 4968 7744 7737 1308 1307 4997 4990
2996 5 33 76 8 3281 3288 3289 3282 7737 7744 7745 7738
2997 5 33 76 8 7737 7744 7745 7738 4990 4997 4998 4991
2998 5 33 76 8 3282 3289 3290 3283 7738 7745 7746 7739
2999 5 33 76 8 7738 7745 7746 7739 4991 4998 4999 4992
3000 5 33 76 8 3283 3290 3291 3284 7739 7746 7747 7740
3001 5 33 76 8 7739 7746 7747 7740 4992 4999 5000 4993
3002 5 33 76 8 3284 3291 3292 3285 7740 7747 7748 7741
3003 5 33 76 8 7740 7747 7748 7741 4993 5000 5001 4994
3004 5 33 76 8 3285 3292 3293 3286 7741 7748 7749 7742
3005 5 33 76 8 7741 7748 7749 7742 4994 5001 5002 4995
3006 5 33 76 8 3286 3293 3294 3287 7742 7749 7750 7743
3007 5 33 76 8 7742 7749 7750 7743 4995 5002 5003 4996
3008 5 33 76 8 3287 3294 710 709 7743 7750 4913 4912
3009 5 33 76 8 7743 7750 4913 4912 4996 5003 1278 1277
3010 5 33 76 8 716 52 674 3288 4968 1309 4983 7744
3011 5 33 76 8 4968 1309 4983 7744 1307 118 1310 4997
3012 5 33 76 8 3288 674 675 3289 7744 4983 4984 7745
3013 5 33 76 8 7744 4983 4984 7745 4997 1310 1311 4998
3014 5 33 76 8 3289 675 676 3290 7745 4984 4985 7746
3015 5 33 76 8 7745 4984 4985 7746 4998 1311 1312 4999
3016 5 33 76 8 3290 676 677 3291 7746 4985 4986 7747
3017 5 33 76 8 7746 4985 4986 7747 4999 1312 1313 5000
3018 5 33 76 8 3291 677 678 3292 7747 4986 4987 7748
3019 5 33 76 8 7747 4986 4987 7748 5000 1313 1314 5001
3020 5 33 76 8 3292 678 679 3293 7748 4987 4988 7749
3021 5 33 76 8 7748 4987 4988 7749 5001 1314 1315 5002
3022 5 33 76 8 3293 679 680 3294 7749 4988 4989 7750
3023 5 33 76 8 7749 4988 4989 7750 5002 1315 1316 5003
3024 5 33 76 8 3294 680 49 710 7750 4989 1288 4913
3025 5 33 76 8 7750 4989 1288 4913 5003 1316 115 1278
3026 5 34 77 8 49 717 3295 653 1288 5004 7751 4914
3027 5 34 77 8 1288 5004 7751 4914 115 1317 5013 1279
3028 5 34 77 8 653 3295 3296 654 4914 7751 7752 4915
3029 5 34 77 8 4914 7751 7752 4915 1279 5013 5014 1280
3030 5 34 77 8 654 3296 3297 655 4915 7752 7753 4916
3031 5 34 77 8 4915 7752 7753 4916 1280 5014 5015 1281
3032 5 34 77 8 655 3297 3298 656 4916 7753 7754 4917
3033 5 34 77 8 4916 7753 7754 4917 1281 5015 5016 1282
3034 5 34 77 8 656 3298 3299 657 4917 7754 7755 4918
3035 5 34 77 8 4917 7754 7755 4918 1282 5016 5017 1283
3036 5 34 77 8 657 3299 3300 658 4918 7755 7756 4919
3037 5 34 77 8 4918 7755 7756 4919 1283 5017 5018 1284
3038 5 34 77 8 658 3300 3301 659 4919 7756 7757 4920
3039 5 34 77 8 4919 7756 7757 4920 1284 5018 5019 1285
3040 5 34 77 8 659 3301 718 50 4920 7757 5012 1289
3041 5 34 77 8 4920 7757 5012 1289 1285 5019 1325 116
3042 5 34 77 8 717 53 681 3295 5004 1326 5005 7751
3043 5 34 77 8 5004 1326 5005 7751 1317 119 1318 5013
3044 5 34 77 8 3295 681 682 3296 7751 5005 5006 7752
3045 5 34 77 8 7751 5005 5006 7752 5013 1318 1319 5014
3046 5 34 77 8 3296 682 683 3297 7752 5006 5007 7753
3047 5 34 77 8 7752 5006 5007 7753 5014 1319 1320 5015
3048 5 34 77 8 3297 683 684 3298 7753 5007 5008 7754
3049 5 34 77 8 7753 5007 5008 7754 5015 1320 1321 5016
3050 5 34 77 8 3298 684 685 3299 7754 5008 5009 7755
3051 5 34 77 8 7754 5008 5009 7755 5016 1321 1322 5017
3052 5 34 77 8 3299 685 686 3300 7755 5009 5010 7756
3053 5 34 77 8 7755 5009 5010 7756 5017 1322 1323 5018
3054 5 34 77 8 3300 686 687 3301 7756 5010 5011 7757
3055 5 34 77 8 7756 5010 5011 7757 5018 1323 1324 5019
3056 5 34 77 8 3301 687 54 718 7757 5011 1327 5012
3057 5 34 77 8 7757 5011 1327 5012 5019 1324 120 1325
3058 5 34 78 8 50 718 3302 660 1289 5012 7758 4937
3059 5 34 78 8 1289 5012 7758 4937 116 1325 5028 1290
3060 5 34 78 8 660 3302 3303 661 4937 7758 7759 4938
3061 5 34 78 8 4937 7758 7759 4938 1290 5028 5029 1291
3062 5 34 78 8 661 3303 3304 662 4938 7759 7760 4939
3063 5 34 78 8 4938 7759 7760 4939 1291 5029 5030 1292
3064 5 34 78 8 662 3304 3305 663 4939 7760 7761 4940
3065 5 34 78 8 4939 7760 7761 4940 1292 5030 5031 1293
3066 5 34 78 8 663 3305 3306 664 4940 7761 7762 4941
3067 5 34 78 8 4940 7761 7762 4941 1293 5031 5032 1294
3068 5 34 78 8 664 3306 3307 665 4941 7762 7763 4942
3069 5 34 78 8 4941 7762 7763 4942 1294 5032 5033 1295
3070 5 34 78 8 665 3307 3308 666 4942 7763 7764 4943
3071 5 34 78 8 4942 7763 7764 4943 1295 5033 5034 1296
3072 5 34 78 8 666 3308 719 51 4943 7764 5027 1299
3073 5 34 78 8 4943 7764 5027 1299 1296 5034 1335 117
3074 5 34 78 8 718 54 688 3302 5012 1327 5020 7758
3075 5 34 78 8 5012 1327 5020 7758 1325 120 1328 5028
3076 5 34 78 8 3302 688 689 3303 7758 5020 5021 7759
3077 5 34 78 8 7758 5020 5021 7759 5028 1328 1329 5029
3078 5 34 78 8 3303 689 690 3304 7759 5021 5022 7760
3079 5 34 78 8 7759 5021 5022 7760 5029 1329 1330 5030
3080 5 34 78 8 3304 690 691 3305 7760 5022 5023 7761
3081 5 34 78 8 7760 5022 5023 7761 5030 1330 1331 5031
3082 5 34 78 8 3305 691 692 3306 7761 5023 5024 7762
3083 5 34 78 8 7761 5023 5024 7762 5031 1331 1332 5032
3084 5 34 78 8 3306 692 693 3307 7762 5024 5025 7763
3085 5 34 78 8 7762 5024 5025 7763 5032 1332 1333 5033
3086 5 34 78 8 3307 693 694 3308 7763 5025 5026 7764
3087 5 34 78 8 7763 5025 5026 7764 5033 1333 1334 5034
3088 5 34 78 8 3308 694 55 719 7764 5026 1336 5027
3089 5 34 78 8 7764 5026 1336 5027 5034 1334 121 1335
3090 5 34 79 8 51 719 3309 667 1299 5027 7765 4960
3091 5 34 79 8 1299 5027 7765 4960 117 1335 5043 1300
3092 5 34 79 8 667 3309 3310 668 4960 7765 7766 4961
3093 5 34 79 8 4960 7765 7766 4961 1300 5043 5044 1301
3094 5 34 79 8 668 3310 3311 669 4961 7766 7767 4962
3095 5 34 79 8 4961 7766 7767 4962 1301 5044 5045 1302
3096 5 34 79 8 669 3311 3312 670 4962 7767 7768 4963
3097 5 34 79 8 4962 7767 7768 4963 1302 5045 5046 1303
3098 5 34 79 8 670 3312 3313 671 4963 7768 7769 4964
3099 5 34 79 8 4963 7768 7769 4964 1303 5046 5047 1304
3100 5 34 79 8 671 3313 3314 672 4964 7769 7770 4965
3101 5 34 79 8 4964 7769 7770 4965 1304 5047 5048 1305
3102 5 34 79 8 672 3314 3315 673 4965 7770 7771 4966
3103 5 34 79 8 4965 7770 7771 4966 1305 5048 5049 1306
3104 5 34 79 8 673 3315 720 52 4966 7771 5042 1309
3105 5 34 79 8 4966 7771 5042 1309 1306 5049 1344 118
3106 5 34 79 8 719 55 695 3309 5027 1336 5035 7765
3107 5 34 79 8 5027 1336 5035 7765 1335 121 1337 5043
3108 5 34 79 8 3309 695 696 3310 7765 5035 5036 7766
3109 5 34 79 8 7765 5035 5036 7766 5043 1337 1338 5044
3110 5 34 79 8 3310 696 697 3311 7766 5036 5037 7767
3111 5 34 79 8 7766 5036 5037 7767 5044 1338 1339 5045
3112 5 34 79 8 3311 697 698 3312 7767 5037 5038 7768
3113 5 34 79 8 7767 5037 5038 7768 5045 1339 1340 5046
3114 5 34 79 8 3312 698 699 3313 7768 5038 5039 7769
3115 5 34 79 8 7768 5038 5039 7769 5046 1340 1341 5047
3116 5 34 79 8 3313 699 700 3314 7769 5039 5040 7770
3117 5 34 79 8 7769 5039 5040 7770 5047 1341 1342 5048
3118 5 34 79 8 3314 700 701 3315 7770 5040 5041 7771
3119 5 34 79 8 7770 5040 5041 7771 5048 1342 1343 5049
3120 5 34 79 8 3315 701 56 720 7771 5041 1345 5042
3121 5 34 79 8 7771 5041 1345 5042 5049 1343 122 1344
3122 5 34 80 8 52 720 3316 674 1309 5042 7772 4983
3123 5 34 80 8 1309 5042 7772 4983 118 1344 5057 1310
3124 5 34 80 8 674 3316 3317 675 4983 7772 7773 4984
3125 5 34 80 8 4983 7772 7773 4984 1310 5057 5058 1311
3126 5 34 80 8 675 3317 3318 676 4984 7773 7774 4985
3127 5 34 80 8 4984 7773 7774 4985 1311 5058 5059 1312
3128 5 34 80 8 676 3318 3319 677 4985 7774 7775 4986
3129 5 34 80 8 4985 7774 7775 4986 1312 5059 5060 1313
3130 5 34 80 8 677 3319 3320 678 4986 7775 7776 4987
3131 5 34 80 8 4986 7775 7776 4987 1313 5060 5061 1314
3132 5 34 80 8 678 3320 3321 679 4987 7776 7777 4988
3133 5 34 80 8 4987 7776 7777 4988 1314 5061 5062 1315
3134 5 34 80 8 679 3321 3322 680 4988 7777 7778 4989
3135 5 34 80 8 4988 7777 7778 4989 1315 5062 5063 1316
3136 5 34 80 8 680 3322 717 49 4989 7778 5004 1288
3137 5 34 80 8 4989 7778 5004 1288 1316 5063 1317 115
3138 5 34 80 8 720 56 702 3316 5042 1345 5050 7772
3139 5 34 80 8 5042 1345 5050 7772 1344 122 1346 5057
3140 5 34 80 8 3316 702 703 3317 7772 5050 5051 7773
3141 5 34 80 8 7772 5050 5051 7773 5057 1346 1347 5058
3142 5 34 80 8 3317 703 704 3318 7773 5051 5052 7774
3143 5 34 80 8 7773 5051 5052 7774 5058 1347 1348 5059
3144 5 34 80 8 3318 704 705 3319 7774 5052 5053 7775
3145 5 34 80 8 7774 5052 5053 7775 5059 1348 1349 5060
3146 5 34 80 8 3319 705 706 3320 7775 5053 5054 7776
3147 5 34 80 8 7775 5053 5054 7776 5060 1349 1350 5061
3148 5 34 80 8 3320 706 707 3321 7776 5054 5055 7777
3149 5 34 80 8 7776 5054 5055 7777 5061 1350 1351 5062
3150 5 34 80 8 3321 707 708 3322 7777 5055 5056 7778
3151 5 34 80 8 7777 5055 5056 7778 5062 1351 1352 5063
3152 5 34 80 8 3322 708 53 717 7778 5056 1326 5004
3153 5 34 80 8 7778 5056 1326 5004 5063 1352 119 1317
3154 5 43 82 8 58 805 3425 721 1381 5195 7882 5064
3155 5 43 82 8 1381 5195 7882 5064 123 1385 5206 1353
3156 5 43 82 8 721 3425 3426 722 5064 7882 7883 5065
3157 5 43 82 8 5064 7882 7883 5065 1353 5206 5207 1354
3158 5 43 82 8 722 3426 3427 723 5065 7883 7884 5066
3159 5 43 82 8 5065 7883 7884 5066 1354 5207 5208 1355
3160 5 43 82 8 723 3427 3428 724 5066 7884 7885 5067
3161 5 43 82 8 5066 7884 7885 5067 1355 5208 5209 1356
3162 5 43 82 8 724 3428 3429 725 5067 7885 7886 5068
3163 5 43 82 8 5067 7885 7886 5068 1356 5209 5210 1357
3164 5 43 82 8 725 3429 3430 726 5068 7886 7887 5069
3165 5 43 82 8 5068 7886 7887 5069 1357 5210 5211 1358
3166 5 43 82 8 726 3430 3431 727 5069 7887 7888 5070
3167 5 43 82 8 5069 7887 7888 5070 1358 5211 5212 1359
3168 5 43 82 8 727 3431 807 59 5070 7888 5204 1382
3169 5 43 82 8 5070 7888 5204 1382 1359 5212 1395 124
3170 5 43 82 8 805 806 3432 3425 5195 5196 7889 7882
3171 5 43 82 8 5195 5196 7889 7882 1385 1386 5213 5206
3172 5 43 82 8 3425 3432 3433 3426 7882 7889 7890 7883
3173 5 43 82 8 7882 7889 7890 7883 5206 5213 5214 5207
3174 5 43 82 8 3426 3433 3434 3427 7883 7890 7891 7884
3175 5 43 82 8 7883 7890 7891 7884 5207 5214 5215 5208
3176 5 43 82 8 3427 3434 3435 3428 7884 7891 7892 7885
3177 5 43 82 8 7884 7891 7892 7885 5208 5215 5216 5209
3178 5 43 82 8 3428 3435 3436 3429 7885 7892 7893 7886
3179 5 43 82 8 7885 7892 7893 7886 5209 5216 5217 5210
3180 5 43 82 8 3429 3436 3437 3430 7886 7893 7894 7887
3181 5 43 82 8 7886 7893 7894 7887 5210 5217 5218 5211
3182 5 43 82 8 3430 3437 3438 3431 7887 7894 7895 7888
3183 5 43 82 8 7887 7894 7895 7888 5211 5218 5219 5212
3184 5 43 82 8 3431 3438 808 807 7888 7895 5205 5204
3185 5 43 82 8 7888 7895 5205 5204 5212 5219 1394 1395
3186 5 43 82 8 806 62 749 3432 5196 1396 5197 7889
3187 5 43 82 8 5196 1396 5197 7889 1386 127 1387 5213
3188 5 43 82 8 3432 749 750 3433 7889 5197 5198 7890
3189 5 43 82 8 7889 5197 5198 7890 5213 1387 1388 5214
3190 5 43 82 8 3433 750 751 3434 7890 5198 5199 7891
3191 5 43 82 8 7890 5198 5199 7891 5214 1388 1389 5215
3192 5 43 82 8 3434 751 752 3435 7891 5199 5200 7892
3193 5 43 82 8 7891 5199 5200 7892 5215 1389 1390 5216
3194 5 43 82 8 3435 752 753 3436 7892 5200 5201 7893
3195 5 43 82 8 7892 5200 5201 7893 5216 1390 1391 5217
3196 5 43 82 8 3436 753 754 3437 7893 5201 5202 7894
3197 5 43 82 8 7893 5201 5202 7894 5217 1391 1392 5218
3198 5 43 82 8 3437 754 755 3438 7894 5202 5203 7895
3199 5 43 82 8 7894 5202 5203 7895 5218 1392 1393 5219
3200 5 43 82 8 3438 755 63 808 7895 5203 1397 5205
3201 5 43 82 8 7895 5203 1397 5205 5219 1393 128 1394
3202 5 43 83 8 59 807 3439 728 1382 5204 7896 5071
3203 5 43 83 8 1382 5204 7896 5071 124 1395 5229 1360
3204 5 43 83 8 728 3439 3440 729 5071 7896 7897 5072
3205 5 43 83 8 5071 7896 7897 5072 1360 5229 5230 1361
3206 5 43 83 8 729 3440 3441 730 5072 7897 7898 5073
3207 5 43 83 8 5072 7897 7898 5073 1361 5230 5231 1362
3208 5 43 83 8 730 3441 3442 731 5073 7898 7899 5074
3209 5 43 83 8 5073 7898 7899 5074 1362 5231 5232 1363
3210 5 43 83 8 731 3442 3443 732 5074 7899 7900 5075
3211 5 43 83 8 5074 7899 7900 5075 1363 5232 5233 1364
3212 5 43 83 8 732 3443 3444 733 5075 7900 7901 5076
3213 5 43 83 8 5075 7900 7901 5076 1364 5233 5234 1365
3214 5 43 83 8 733 3444 3445 734 5076 7901 7902 5077
3215 5 43 83 8 5076 7901 7902 5077 1365 5234 5235 1366
3216 5 43 83 8 734 3445 809 60 5077 7902 5227 1383
3217 5 43 83 8 5077 7902 5227 1383 1366 5235 1406 125
3218 5 43 83 8 807 808 3446 3439 5204 5205 7903 7896
3219 5 43 83 8 5204 5205 7903 7896 1395 1394 5236 5229
3220 5 43 83 8 3439 3446 3447 3440 7896 7903 7904 7897
3221 5 43 83 8 7896 7903 7904 7897 5229 5236 5237 5230
3222 5 43 83 8 3440 3447 3448 3441 7897 7904 7905 7898
3223 5 43 83 8 7897 7904 7905 7898 5230 5237 5238 5231
3224 5 43 83 8 3441 3448 3449 3442 7898 7905 7906 7899
3225 5 43 83 8 7898 7905 7906 7899 5231 5238 5239 5232
3226 5 43 83 8 3442 3449 3450 3443 7899 7906 7907 7900
3227 5 43 83 8 7899 7906 7907 7900 5232 5239 5240 5233
3228 5 43 83 8 3443 3450 3451 3444 7900 7907 7908 7901
3229 5 43 83 8 7900 7907 7908 7901 5233 5240 5241 5234
3230 5 43 83 8 3444 3451 3452 3445 7901 7908 7909 7902
3231 5 43 83 8 7901 7908 7909 7902 5234 5241 5242 5235
3232 5 43 83 8 3445 3452 810 809 7902 7909 5228 5227
3233 5 43 83 8 7902 7909 5228 5227 5235 5242 1405 1406
3234 5 43 83 8 808 63 756 3446 5205 1397 5220 7903
3235 5 43 83 8 5205 1397 5220 7903 1394 128 1398 5236
3236 5 43 83 8 3446 756 757 3447 7903 5220 5221 7904
3237 5 43 83 8 7903 5220 5221 7904 5236 1398 1399 5237
3238 5 43 83 8 3447 757 758 3448 7904 5221 5222 7905
3239 5 43 83 8 7904 5221 5222 7905 5237 1399 1400 5238
3240 5 43 83 8 3448 758 759 3449 7905 5222 5223 7906
3241 5 43 83 8 7905 5222 5223 7906 5238 1400 1401 5239
3242 5 43 83 8 3449 759 760 3450 7906 5223 5224 7907
3243 5 43 83 8 7906 5223 5224 7907 5239 1401 1402 5240
3244 5 43 83 8 3450 760 761 3451 7907 5224 5225 7908
3245 5 43 83 8 7907 5224 5225 7908 5240 1402 1403 5241
3246 5 43 83 8 3451 761 762 3452 7908 5225 5226 7909
3247 5 43 83 8 7908 5225 5226 7909 5241 1403 1404 5242
3248 5 43 83 8 3452 762 64 810 7909 5226 1407 5228
3249 5 43 83 8 7909 5226 1407 5228 5242 1404 129 1405
3250 5 43 84 8 60 809 3453 735 1383 5227 7910 5078
3251 5 43 84 8 1383 5227 7910 5078 125 1406 5252 1367
3252 5 43 84 8 735 3453 3454 736 5078 7910 7911 5079
3253 5 43 84 8 5078 7910 7911 5079 1367 5252 5253 1368
3254 5 43 84 8 736 3454 3455 737 5079 7911 7912 5080
3255 5 43 84 8 5079 7911 7912 5080 1368 5253 5254 1369
3256 5 43 84 8 737 3455 3456 738 5080 7912 7913 5081
3257 5 43 84 8 5080 7912 7913 5081 1369 5254 5255 1370
3258 5 43 84 8 738 3456 3457 739 5081 7913 7914 5082
3259 5 43 84 8 5081 7913 7914 5082 1370 5255 5256 1371
3260 5 43 84 8 739 3457 3458 740 5082 7914 7915 5083
3261 5 43 84 8 5082 7914 7915 5083 1371 5256 5257 1372
3262 5 43 84 8 740 3458 3459 741 5083 7915 7916 5084
3263 5 43 84 8 5083 7915 7916 5084 1372 5257 5258 1373
3264 5 43 84 8 741 3459 811 61 5084 7916 5250 1384
3265 5 43 84 8 5084 7916 5250 1384 1373 5258 1416 126
3266 5 43 84 8 809 810 3460 3453 5227 5228 7917 7910
3267 5 43 84 8 5227 5228 7917 7910 1406 1405 5259 5252
3268 5 43 84 8 3453 3460 3461 3454 7910 7917 7918 7911
3269 5 43 84 8 7910 7917 7918 7911 5252 5259 5260 5253
3270 5 43 84 8 3454 3461 3462 3455 7911 7918 7919 7912
3271 5 43 84 8 7911 7918 7919 7912 5253 5260 5261 5254
3272 5 43 84 8 3455 3462 3463 3456 7912 7919 7920 7913
3273 5 43 84 8 7912 7919 7920 7913 5254 5261 5262 5255
3274 5 43 84 8 3456 3463 3464 3457 7913 7920 7921 7914
3275 5 43 84 8 7913 7920 7921 7914 5255 5262 5263 5256
3276 5 43 84 8 3457 3464 3465 3458 7914 7921 7922 7915
3277 5 43 84 8 7914 7921 7922 7915 5256 5263 5264 5257
3278 5 43 84 8 3458 3465 3466 3459 7915 7922 7923 7916
3279 5 43 84 8 7915 7922 7923 7916 5257 5264 5265 5258
3280 5 43 84 8 3459 3466 812 811 7916 7923 5251 5250
3281 5 43 84 8 7916 7923 5251 5250 5258 5265 1415 1416
3282 5 43 84 8 810 64 763 3460 5228 1407 5243 7917
3283 5 43 84 8 5228 1407 5243 7917 1405 129 1408 5259
3284 5 43 84 8 3460 763 764 3461 7917 5243 5244 7918
3285 5 43 84 8 7917 5243 5244 7918 5259 1408 1409 5260
3286 5 43 84 8 3461 764 765 3462 7918 5244 5245 7919
3287 5 43 84 8 7918 5244 5245 7919 5260 1409 1410 5261
3288 5 43 84 8 3462 765 766 3463 7919 5245 5246 7920
3289 5 43 84 8 7919 5245 5246 7920 5261 1410 1411 5262
3290 5 43 84 8 3463 766 767 3464 7920 5246 5247 7921
3291 5 43 84 8 7920 5246 5247 7921 5262 1411 1412 5263
3292 5 43 84 8 3464 767 768 3465 7921 5247 5248 7922
3293 5 43 84 8 7921 5247 5248 7922 5263 1412 1413 5264
3294 5 43 84 8 3465 768 769 3466 7922 5248 5249 7923
3295 5 43 84 8 7922 5248 5249 7923 5264 1413 1414 5265
3296 5 43 84 8 3466 769 65 812 7923 5249 1417 5251
3297 5 43 84 8 7923 5249 1417 5251 5265 1414 130 1415
3298 5 43 85 8 61 811 3467 742 1384 5250 7924 5085
3299 5 43 85 8 1384 5250 7924 5085 126 1416 5273 1374
3300 5 43 85 8 742 3467 3468 743 5085 7924 7925 5086
3301 5 43 85 8 5085 7924 7925 5086 1374 5273 5274 1375
3302 5 43 85 8 743 3468 3469 744 5086 7925 7926 5087
3303 5 43 85 8 5086 7925 7926 5087 1375 5274 5275 1376
3304 5 43 85 8 744 3469 3470 745 5087 7926 7927 5088
3305 5 43 85 8 5087 7926 7927 5088 1376 5275 5276 1377
3306 5 43 85 8 745 3470 3471 746 5088 7927 7928 5089
3307 5 43 85 8 5088 7927 7928 5089 1377 5276 5277 1378
3308 5 43 85 8 746 3471 3472 747 5089 7928 7929 5090
3309 5 43 85 8 5089 7928 7929 5090 1378 5277 5278 1379
3310 5 43 85 8 747 3472 3473 748 5090 7929 7930 5091
3311 5 43 85 8 5090 7929 7930 5091 1379 5278 5279 1380
3312 5 43 85 8 748 3473 805 58 5091 7930 5195 1381
3313 5 43 85 8 5091 7930 5195 1381 1380 5279 1385 123
3314 5 43 85 8 811 812 3474 3467 5250 5251 7931 7924
3315 5 43 85 8 5250 5251 7931 7924 1416 1415 5280 5273
3316 5 43 85 8 3467 3474 3475 3468 7924 7931 7932 7925
3317 5 43 85 8 7924 7931 7932 7925 5273 5280 5281 5274
3318 5 43 85 8 3468 3475 3476 3469 7925 7932 7933 7926
3319 5 43 85 8 7925 7932 7933 7926 5274 5281 5282 5275
3320 5 43 85 8 3469 3476 3477 3470 7926 7933 7934 7927
3321 5 43 85 8 7926 7933 7934 7927 5275 5282 5283 5276
3322 5 43 85 8 3470 3477 3478 3471 7927 7934 7935 7928
3323 5 43 85 8 7927 7934 7935 7928 5276 5283 5284 5277
3324 5 43 85 8 3471 3478 3479 3472 7928 7935 7936 7929
3325 5 43 85 8 7928 7935 7936 7929 5277 5284 5285 5278
3326 5 43 85 8 3472 3479 3480 3473 7929 7936 7937 7930
3327 5 43 85 8 7929 7936 7937 7930 5278 5285 5286 5279
3328 5 43 85 8 3473 3480 806 805 7930 7937 5196 5195
3329 5 43 85 8 7930 7937 5196 5195 5279 5286 1386 1385
3330 5 43 85 8 812 65 770 3474 5251 1417 5266 7931
3331 5 43 85 8 5251 1417 5266 7931 1415 130 1418 5280
3332 5 43 85 8 3474 770 771 3475 7931 5266 5267 7932
3333 5 43 85 8 7931 5266 5267 7932 5280 1418 1419 5281
3334 5 43 85 8 3475 771 772 3476 7932 5267 5268 7933
3335 5 43 85 8 7932 5267 5268 7933 5281 1419 1420 5282
3336 5 43 85 8 3476 772 773 3477 7933 5268 5269 7934
3337 5 43 85 8 7933 5268 5269 7934 5282 1420 1421 5283
3338 5 43 85 8 3477 773 774 3478 7934 5269 5270 7935
3339 5 43 85 8 7934 5269 5270 7935 5283 1421 1422 5284
3340 5 43 85 8 3478 774 775 3479 7935 5270 5271 7936
3341 5 43 85 8 7935 5270 5271 7936 5284 1422 1423 5285
3342 5 43 85 8 3479 775 776 3480 7936 5271 5272 7937
3343 5 43 85 8 7936 5271 5272 7937 5285 1423 1424 5286
3344 5 43 85 8 3480 776 62 806 7937 5272 1396 5196
3345 5 43 85 8 7937 5272 1396 5196 5286 1424 127 1386
3346 5 44 86 8 62 813 3481 749 1396 5287 7938 5197
3347 5 44 86 8 1396 5287 7938 5197 127 1425 5296 1387
3348 5 44 86 8 749 3481 3482 750 5197 7938 7939 5198
3349 5 44 86 8 5197 7938 7939 5198 1387 5296 5297 1388
3350 5 44 86 8 750 3482 3483 751 5198 7939 7940 5199
3351 5 44 86 8 5198 7939 7940 5199 1388 5297 5298 1389
3352 5 44 86 8 751 3483 3484 752 5199 7940 7941 5200
3353 5 44 86 8 5199 7940 7941 5200 1389 5298 5299 1390
3354 5 44 86 8 752 3484 3485 753 5200 7941 7942 5201
3355 5 44 86 8 5200 7941 7942 5201 1390 5299 5300 1391
3356 5 44 86 8 753 3485 3486 754 5201 7942 7943 5202
3357 5 44 86 8 5201 7942 7943 5202 1391 5300 5301 1392
3358 5 44 86 8 754 3486 3487 755 5202 7943 7944 5203
3359 5 44 86 8 5202 7943 7944 5203 1392 5301 5302 1393
3360 5 44 86 8 755 3487 814 63 5203 7944 5295 1397
3361 5 44 86 8 5203 7944 5295 1397 1393 5302 1433 128
3362 5 44 86 8 813 66 777 3481 5287 1434 5288 7938
3363 5 44 86 8 5287 1434 5288 7938 1425 131 1426 5296
3364 5 44 86 8 3481 777 778 3482 7938 5288 5289 7939
3365 5 44 86 8 7938 5288 5289 7939 5296 1426 1427 5297
3366 5 44 86 8 3482 778 779 3483 7939 5289 5290 7940
3367 5 44 86 8 7939 5289 5290 7940 5297 1427 1428 5298
3368 5 44 86 8 3483 779 780 3484 7940 5290 5291 7941
3369 5 44 86 8 7940 5290 5291 7941 5298 1428 1429 5299
3370 5 44 86 8 3484 780 781 3485 7941 5291 5292 7942
3371 5 44 86 8 7941 5291 5292 7942 5299 1429 1430 5300
3372 5 44 86 8 3485 781 782 3486 7942 5292 5293 7943
3373 5 44 86 8 7942 5292 5293 7943 5300 1430 1431 5301
3374 5 44 86 8 3486 782 783 3487 7943 5293 5294 7944
3375 5 44 86 8 7943 5293 5294 7944 5301 1431 1432 5302
3376 5 44 86 8 3487 783 67 814 7944 5294 1435 5295
3377 5 44 86 8 7944 5294 1435 5295 5302 1432 132 1433
3378 5 44 87 8 63 814 3488 756 1397 5295 7945 5220
3379 5 44 87 8 1397 5295 7945 5220 128 1433 5311 1398
3380 5 44 87 8 756 3488 3489 757 5220 7945 7946 5221
3381 5 44 87 8 5220 7945 7946 5221 1398 5311 5312 1399
3382 5 44 87 8 757 3489 3490 758 5221 7946 7947 5222
3383 5 44 87 8 5221 7946 7947 5222 1399 5312 5313 1400
3384 5 44 87 8 758 3490 3491 759 5222 7947 7948 5223
3385 5 44 87 8 5222 7947 7948 5223 1400 5313 5314 1401
3386 5 44 87 8 759 3491 3492 760 5223 7948 7949 5224
3387 5 44 87 8 5223 7948 7949 5224 1401 5314 5315 1402
3388 5 44 87 8 760 3492 3493 761 5224 7949 7950 5225
3389 5 44 87 8 5224 7949 7950 5225 1402 5315 5316 1403
3390 5 44 87 8 761 3493 3494 762 5225 7950 7951 5226
3391 5 44 87 8 5225 7950 7951 5226 1403 5316 5317 1404
3392 5 44 87 8 762 3494 815 64 5226 7951 5310 1407
3393 5 44 87 8 5226 7951 5310 1407 1404 5317 1443 129
3394 5 44 87 8 814 67 784 3488 5295 1435 5303 7945
3395 5 44 87 8 5295 1435 5303 7945 1433 132 1436 5311
3396 5 44 87 8 3488 784 785 3489 7945 5303 5304 7946
3397 5 44 87 8 7945 5303 5304 7946 5311 1436 1437 5312
3398 5 44 87 8 3489 785 786 3490 7946 5304 5305 7947
3399 5 44 87 8 7946 5304 5305 7947 5312 1437 1438 5313
3400 5 44 87 8 3490 786 787 3491 7947 5305 5306 7948
3401 5 44 87 8 7947 5305 5306 7948 5313 1438 1439 5314
3402 5 44 87 8 3491 787 788 3492 7948 5306 5307 7949
3403 5 44 87 8 7948 5306 5307 7949 5314 1439 1440 5315
3404 5 44 87 8 3492 788 789 3493 7949 5307 5308 7950
3405 5 44 87 8 7949 5307 5308 7950 5315 1440 1441 5316
3406 5 44 87 8 3493 789 790 3494 7950 5308 5309 7951
3407 5 44 87 8 7950 5308 5309 7951 5316 1441 1442 5317
3408 5 44 87 8 3494 790 68 815 7951 5309 1444 5310
3409 5 44 87 8 7951 5309 1444 5310 5317 1442 133 1443
3410 5 44 88 8 64 815 3495 763 1407 5310 7952 5243
3411 5 44 88 8 1407 5310 7952 5243 129 1443 5326 1408
3412 5 44 88 8 763 3495 3496 764 5243 7952 7953 5244
3413 5 44 88 8 5243 7952 7953 5244 1408 5326 5327 1409
3414 5 44 88 8 764 3496 3497 765 5244 7953 7954 5245
3415 5 44 88 8 5244 7953 7954 5245 1409 5327 5328 1410
3416 5 44 88 8 765 3497 3498 766 5245 7954 7955 5246
3417 5 44 88 8 5245 7954 7955 5246 1410 5328 5329 1411
3418 5 44 88 8 766 3498 3499 767 5246 7955 7956 5247
3419 5 44 88 8 5246 7955 7956 5247 1411 5329 5330 1412
3420 5 44 88 8 767 3499 3500 768 5247 7956 7957 5248
3421 5 44 88 8 5247 7956 7957 5248 1412 5330 5331 1413
3422 5 44 88 8 768 3500 3501 769 5248 7957 7958 5249
3423 5 44 88 8 5248 7957 7958 5249 1413 5331 5332 1414
3424 5 44 88 8 769 3501 816 65 5249 7958 5325 1417
3425 5 44 88 8 5249 7958 5325 1417 1414 5332 1452 130
3426 5 44 88 8 815 68 791 3495 5310 1444 5318 7952
3427 5 44 88 8 5310 1444 5318 7952 1443 133 1445 5326
3428 5 44 88 8 3495 791 792 3496 7952 5318 5319 7953
3429 5 44 88 8 7952 5318 5319 7953 5326 1445 1446 5327
3430 5 44 88 8 3496 792 793 3497 7953 5319 5320 7954
3431 5 44 88 8 7953 5319 5320 7954 5327 1446 1447 5328
3432 5 44 88 8 3497 793 794 3498 7954 5320 5321 7955
3433 5 44 88 8 7954 5320 5321 7955 5328 1447 1448 5329
3434 5 44 88 8 3498 794 795 3499 7955 5321 5322 7956
3435 5 44 88 8 7955 5321 5322 7956 5329 1448 1449 5330
3436 5 44 88 8 3499 795 796 3500 7956 5322 5323 7957
3437 5 44 88 8 7956 5322 5323 7957 5330 1449 1450 5331
3438 5 44 88 8 3500 796 797 3501 7957 5323 5324 7958
3439 5 44 88 8 7957 5323 5324 7958 5331 1450 1451 5332
3440 5 44 88 8 3501 797 69 816 7958 5324 1453 5325
3441 5 44 88 8 7958 5324 1453 5325 5332 1451 134 1452
3442 5 44 89 8 65 816 3502 770 1417 5325 7959 5266
3443 5 44 89 8 1417 5325 7959 5266 130 1452 5340 1418
3444 5 44 89 8 770 3502 3503 771 5266 7959 7960 5267
3445 5 44 89 8 5266 7959 7960 5267 1418 5340 5341 1419
3446 5 44 89 8 771 3503 3504 772 5267 7960 7961 5268
3447 5 44 89 8 5267 7960 7961 5268 1419 5341 5342 1420
3448 5 44 89 8 772 3504 3505 773 5268 7961 7962 5269
3449 5 44 89 8 5268 7961 7962 5269 1420 5342 5343 1421
3450 5 44 89 8 773 3505 3506 774 5269 7962 7963 5270
3451 5 44 89 8 5269 7962 7963 5270 1421 5343 5344 1422
3452 5 44 89 8 774 3506 3507 775 5270 7963 7964 5271
3453 5 44 89 8 5270 7963 7964 5271 1422 5344 5345 1423
3454 5 44 89 8 775 3507 3508 776 5271 7964 7965 5272
3455 5 44 89 8 5271 7964 7965 5272 1423 5345 5346 1424
3456 5 44 89 8 776 3508 813 62 5272 7965 5287 1396
3457 5 44 89 8 5272 7965 5287 1396 1424 5346 1425 127
3458 5 44 89 8 816 69 798 3502 5325 1453 5333 7959
3459 5 44 89 8 5325 1453 5333 7959 1452 134 1454 5340
3460 5 44 89 8 3502 798 799 3503 7959 5333 5334 7960
3461 5 44 89 8 7959 5333 5334 7960 5340 1454 1455 5341
3462 5 44 89 8 3503 799 800 3504 7960 5334 5335 7961
3463 5 44 89 8 7960 5334 5335 7961 5341 1455 1456 5342
3464 5 44 89 8 3504 800 801 3505 7961 5335 5336 7962
3465 5 44 89 8 7961 5335 5336 7962 5342 1456 1457 5343
3466 5 44 89 8 3505 801 802 3506 7962 5336 5337 7963
3467 5 44 89 8 7962 5336 5337 7963 5343 1457 1458 5344
3468 5 44 89 8 3506 802 803 3507 7963 5337 5338 7964
3469 5 44 89 8 7963 5337 5338 7964 5344 1458 1459 5345
3470 5 44 89 8 3507 803 804 3508 7964 5338 5339 7965
3471 5 44 89 8 7964 5338 5339 7965 5345 1459 1460 5346
3472 5 44 89 8 3508 804 66 813 7965 5339 1434 5287
3473 5 44 89 8 7965 5339 1434 5287 5346 1460 131 1425
3474 5 53 91 8 71 901 3611 817 1489 5478 8069 5347
3475 5 53 91 8 1489 5478 8069 5347 135 1493 5489 1461
3476 5 53 91 8 817 3611 3612 818 5347 8069 8070 5348
3477 5 53 91 8 5347 8069 8070 5348 1461 5489 5490 1462
3478 5 53 91 8 818 3612 3613 819 5348 8070 8071 5349
3479 5 53 91 8 5348 8070 8071 5349 1462 5490 5491 1463
3480 5 53 91 8 819 3613 3614 820 5349 8071 8072 5350
3481 5 53 91 8 5349 8071 8072 5350 1463 5491 5492 1464
3482 5 53 91 8 820 3614 3615 821 5350 8072 8073 5351
3483 5 53 91 8 5350 8072 8073 5351 1464 5492 5493 1465
3484 5 53 91 8 821 3615 3616 822 5351 8073 8074 5352
3485 5 53 91 8 5351 8073 8074 5352 1465 5493 5494 1466
3486 5 53 91 8 822 3616 3617 823 5352 8074 8075 5353
3487 5 53 91 8 5352 8074 8075 5353 1466 5494 5495 1467
3488 5 53 91 8 823 3617 903 72 5353 8075 5487 1490
3489 5 53 91 8 5353 8075 5487 1490 1467 5495 1503 136
3490 5 53 91 8 901 902 3618 3611 5478 5479 8076 8069
3491 5 53 91 8 5478 5479 8076 8069 1493 1494 5496 5489
3492 5 53 91 8 3611 3618 3619 3612 8069 8076 8077 8070
3493 5 53 91 8 8069 8076 8077 8070 5489 5496 5497 5490
3494 5 53 91 8 3612 3619 3620 3613 8070 8077 8078 8071
3495 5 53 91 8 8070 8077 8078 8071 5490 5497 5498 5491
3496 5 53 91 8 3613 3620 3621 3614 8071 8078 8079 8072
3497 5 53 91 8 8071 8078 8079 8072 5491 5498 5499 5492
3498 5 53 91 8 3614 3621 3622 3615 8072 8079 8080 8073
3499 5 53 91 8 8072 8079 8080 8073 5492 5499 5500 5493
3500 5 53 91 8 3615 3622 3623 3616 8073 8080 8081 8074
3501 5 53 91 8 8073 8080 8081 8074 5493 5500 5501 5494
3502 5 53 91 8 3616 3623 3624 3617 8074 8081 8082 8075
3503 5 53 91 8 8074 8081 8082 8075 5494 5501 5502 5495
3504 5 53 91 8 3617 3624 904 903 8075 8082 5488 5487
3505 5 53 91 8 8075 8082 5488 5487 5495 5502 1502 1503
3506 5 53 91 8 902 75 845 3618 5479 1504 5480 8076
3507 5 53 91 8 5479 1504 5480 8076 1494 139 1495 5496
3508 5 53 91 8 3618 845 846 3619 8076 5480 5481 8077
3509 5 53 91 8 8076 5480 5481 8077 5496 1495 1496 5497
3510 5 53 91 8 3619 846 847 3620 8077 5481 5482 8078
3511 5 53 91 8 8077 5481 5482 8078 5497 1496 1497 5498
3512 5 53 91 8 3620 847 848 3621 8078 5482 5483 8079
3513 5 53 91 8 8078 5482 5483 8079 5498 1497 1498 5499
3514 5 53 91 8 3621 848 849 3622 8079 5483 5484 8080
3515 5 53 91 8 8079 5483 5484 8080 5499 1498 1499 5500
3516 5 53 91 8 3622 849 850 3623 8080 5484 5485 8081
3517 5 53 91 8 8080 5484 5485 8081 5500 1499 1500 5501
3518 5 53 91 8 3623 850 851 3624 8081 5485 5486 8082
3519 5 53 91 8 8081 5485 5486 8082 5501 1500 1501 5502
3520 5 53 91 8 3624 851 76 904 8082 5486 1505 5488
3521 5 53 91 8 8082 5486 1505 5488 5502 1501 140 1502
3522 5 53 92 8 72 903 3625 824 1490 5487 8083 5354
3523 5 53 92 8 1490 5487 8083 5354 136 1503 5512 1468
3524 5 53 92 8 824 3625 3626 825 5354 8083 8084 5355
3525 5 53 92 8 5354 8083 8084 5355 1468 5512 5513 1469
3526 5 53 92 8 825 3626 3627 826 5355 8084 8085 5356
3527 5 53 92 8 5355 8084 8085 5356 1469 5513 5514 1470
3528 5 53 92 8 826 3627 3628 827 5356 8085 8086 5357
3529 5 53 92 8 5356 8085 8086 5357 1470 5514 5515 1471
3530 5 53 92 8 827 3628 3629 828 5357 8086 8087 5358
3531 5 53 92 8 5357 8086 8087 5358 1471 5515 5516 1472
3532 5 53 92 8 828 3629 3630 829 5358 8087 8088 5359
3533 5 53 92 8 5358 8087 8088 5359 1472 5516 5517 1473
3534 5 53 92 8 829 3630 3631 830 5359 8088 8089 5360
3535 5 53 92 8 5359 8088 8089 5360 1473 5517 5518 1474
3536 5 53 92 8 830 3631 905 73 5360 8089 5510 1491
3537 5 53 92 8 5360 8089 5510 1491 1474 5518 1514 137
3538 5 53 92 8 903 904 3632 3625 5487 5488 8090 8083
3539 5 53 92 8 5487 5488 8090 8083 1503 1502 5519 5512
3540 5 53 92 8 3625 3632 3633 3626 8083 8090 8091 8084
3541 5 53 92 8 8083 8090 8091 8084 5512 5519 5520 5513
3542 5 53 92 8 3626 3633 3634 3627 8084 8091 8092 8085
3543 5 53 92 8 8084 8091 8092 8085 5513 5520 5521 5514
3544 5 53 92 8 3627 3634 3635 3628 8085 8092 8093 8086
3545 5 53 92 8 8085 8092 8093 8086 5514 5521 5522 5515
3546 5 53 92 8 3628 3635 3636 3629 8086 8093 8094 8087
3547 5 53 92 8 8086 8093 8094 8087 5515 5522 5523 5516
3548 5 53 92 8 3629 3636 3637 3630 8087 8094 8095 8088
3549 5 53 92 8 8087 8094 8095 8088 5516 5523 5524 5517
3550 5 53 92 8 3630 3637 3638 3631 8088 8095 8096 8089
3551 5 53 92 8 8088 8095 8096 8089 5517 5524 5525 5518
3552 5 53 92 8 3631 3638 906 905 8089 8096 5511 5510
3553 5 53 92 8 8089 8096 5511 5510 5518 5525 1513 1514
3554 5 53 92 8 904 76 852 3632 5488 1505 5503 8090
3555 5 53 92 8 5488 1505 5503 8090 1502 140 1506 5519
3556 5 53 92 8 3632 852 853 3633 8090 5503 5504 8091
3557 5 53 92 8 8090 5503 5504 8091 5519 1506 1507 5520
3558 5 53 92 8 3633 853 854 3634 8091 5504 5505 8092
3559 5 53 92 8 8091 5504 5505 8092 5520 1507 1508 5521
3560 5 53 92 8 3634 854 855 3635 8092 5505 5506 8093
3561 5 53 92 8 8092 5505 5506 8093 5521 1508 1509 5522
3562 5 53 92 8 3635 855 856 3636 8093 5506 5507 8094
3563 5 53 92 8 8093 5506 5507 8094 5522 1509 1510 5523
3564 5 53 92 8 3636 856 857 3637 8094 5507 5508 8095
3565 5 53 92 8 8094 5507 5508 8095 5523 1510 1511 5524
3566 5 53 92 8 3637 857 858 3638 8095 5508 5509 8096
3567 5 53 92 8 8095 5508 5509 8096 5524 1511 1512 5525
3568 5 53 92 8 3638 858 77 906 8096 5509 1515 5511
3569 5 53 92 8 8096 5509 1515 5511 5525 1512 141 1513
3570 5 53 93 8 73 905 3639 831 1491 5510 8097 5361
3571 5 53 93 8 1491 5510 8097 5361 137 1514 5535 1475
3572 5 53 93 8 831 3639 3640 832 5361 8097 8098 5362
3573 5 53 93 8 5361 8097 8098 5362 1475 5535 5536 1476
3574 5 53 93 8 832 3640 3641 833 5362 8098 8099 5363
3575 5 53 93 8 5362 8098 8099 5363 1476 5536 5537 1477
3576 5 53 93 8 833 3641 3642 834 5363 8099 8100 5364
3577 5 53 93 8 5363 8099 8100 5364 1477 5537 5538 1478
3578 5 53 93 8 834 3642 3643 835 5364 8100 8101 5365
3579 5 53 93 8 5364 8100 8101 5365 1478 5538 5539 1479
3580 5 53 93 8 835 3643 3644 836 5365 8101 8102 5366
3581 5 53 93 8 5365 8101 8102 5366 1479 5539 5540 1480
3582 5 53 93 8 836 3644 3645 837 5366 8102 8103 5367
3583 5 53 93 8 5366 8102 8103 5367 1480 5540 5541 1481
3584 5 53 93 8 837 3645 907 74 5367 8103 5533 1492
3585 5 53 93 8 5367 8103 5533 1492 1481 5541 1524 138
3586 5 53 93 8 905 906 3646 3639 5510 5511 8104 8097
3587 5 53 93 8 5510 5511 8104 8097 1514 1513 5542 5535
3588 5 53 93 8 3639 3646 3647 3640 8097 8104 8105 8098
3589 5 53 93 8 8097 8104 8105 8098 5535 5542 5543 5536
3590 5 53 93 8 3640 3647 3648 3641 8098 8105 8106 8099
3591 5 53 93 8 8098 8105 8106 8099 5536 5543 5544 5537
3592 5 53 93 8 3641 3648 3649 3642 8099 8106 8107 8100
3593 5 53 93 8 8099 8106 8107 8100 5537 5544 5545 5538
3594 5 53 93 8 3642 3649 3650 3643 8100 8107 8108 8101
3595 5 53 93 8 8100 8107 8108 8101 5538 5545 5546 5539
3596 5 53 93 8 3643 3650 3651 3644 8101 8108 8109 8102
3597 5 53 93 8 8101 8108 8109 8102 5539 5546 5547 5540
3598 5 53 93 8 3644 3651 3652 3645 8102 8109 8110 8103
3599 5 53 93 8 8102 8109 8110 8103 5540 5547 5548 5541
3600 5 53 93 8 3645 3652 908 907 8103 8110 5534 5533
3601 5 53 93 8 8103 8110 5534 5533 5541 5548 1523 1524
3602 5 53 93 8 906 77 859 3646 5511 1515 5526 8104
3603 5 53 93 8 5511 1515 5526 8104 1513 141 1516 5542
3604 5 53 93 8 3646 859 860 3647 8104 5526 5527 8105
3605 5 53 93 8 8104 5526 5527 8105 5542 1516 1517 5543
3606 5 53 93 8 3647 860 861 3648 8105 5527 5528 8106
3607 5 53 93 8 8105 5527 5528 8106 5543 1517 1518 5544
3608 5 53 93 8 3648 861 862 3649 8106 5528 5529 8107
3609 5 53 93 8 8106 5528 5529 8107 5544 1518 1519 5545
3610 5 53 93 8 3649 862 863 3650 8107 5529 5530 8108
3611 5 53 93 8 8107 5529 5530 8108 5545 1519 1520 5546
3612 5 53 93 8 3650 863 864 3651 8108 5530 5531 8109
3613 5 53 93 8 8108 5530 5531 8109 5546 1520 1521 5547
3614 5 53 93 8 3651 864 865 3652 8109 5531 5532 8110
3615 5 53 93 8 8109 5531 5532 8110 5547 1521 1522 5548
3616 5 53 93 8 3652 865 78 908 8110 5532 1525 5534
3617 5 53 93 8 8110 5532 1525 5534 5548 1522 142 1523
3618 5 53 94 8 74 907 3653 838 1492 5533 8111 5368
3619 5 53 94 8 1492 5533 8111 5368 138 1524 5556 1482
3620 5 53 94 8 838 3653 3654 839 5368 8111 8112 5369
3621 5 53 94 8 5368 8111 8112 5369 1482 5556 5557 1483
3622 5 53 94 8 839 3654 3655 840 5369 8112 8113 5370
3623 5 53 94 8 5369 8112 8113 5370 1483 5557 5558 1484
3624 5 53 94 8 840 3655 3656 841 5370 8113 8114 5371
3625 5 53 94 8 5370 8113 8114 5371 1484 5558 5559 1485
3626 5 53 94 8 841 3656 3657 842 5371 8114 8115 5372
3627 5 53 94 8 5371 8114 8115 5372 1485 5559 5560 1486
3628 5 53 94 8 842 3657 3658 843 5372 8115 8116 5373
3629 5 53 94 8 5372 8115 8116 5373 1486 5560 5561 1487
3630 5 53 94 8 843 3658 3659 844 5373 8116 8117 5374
3631 5 53 94 8 5373 8116 8117 5374 1487 5561 5562 1488
3632 5 53 94 8 844 3659 901 71 5374 8117 5478 1489
3633 5 53 94 8 5374 8117 5478 1489 1488 5562 1493 135
3634 5 53 94 8 907 908 3660 3653 5533 5534 8118 8111
3635 5 53 94 8 5533 5534 8118 8111 1524 1523 5563 5556
3636 5 53 94 8 3653 3660 3661 3654 8111 8118 8119 8112
3637 5 53 94 8 8111 8118 8119 8112 5556 5563 5564 5557
3638 5 53 94 8 3654 3661 3662 3655 8112 8119 8120 8113
3639 5 53 94 8 8112 8119 8120 8113 5557 5564 5565 5558
3640 5 53 94 8 3655 3662 3663 3656 8113 8120 8121 8114
3641 5 53 94 8 8113 8120 8121 8114 5558 5565 5566 5559
3642 5 53 94 8 3656 3663 3664 3657 8114 8121 8122 8115
3643 5 53 94 8 8114 8121 8122 8115 5559 5566 5567 5560
3644 5 53 94 8 3657 3664 3665 3658 8115 8122 8123 8116
3645 5 53 94 8 8115 8122 8123 8116 5560 5567 5568 5561
3646 5 53 94 8 3658 3665 3666 3659 8116 8123 8124 8117
3647 5 53 94 8 8116 8123 8124 8117 5561 5568 5569 5562
3648 5 53 94 8 3659 3666 902 901 8117 8124 5479 5478
3649 5 53 94 8 8117 8124 5479 5478 5562 5569 1494 1493
3650 5 53 94 8 908 78 866 3660 5534 1525 5549 8118
3651 5 53 94 8 5534 1525 5549 8118 1523 142 1526 5563
3652 5 53 94 8 3660 866 867 3661 8118 5549 5550 8119
3653 5 53 94 8 8118 5549 5550 8119 5563 1526 1527 5564
3654 5 53 94 8 3661 867 868 3662 8119 5550 5551 8120
3655 5 53 94 8 8119 5550 5551 8120 5564 1527 1528 5565
3656 5 53 94 8 3662 868 869 3663 8120 5551 5552 8121
3657 5 53 94 8 8120 5551 5552 8121 5565 1528 1529 5566
3658 5 53 94 8 3663 869 870 3664 8121 5552 5553 8122
3659 5 53 94 8 8121 5552 5553 8122 5566 1529 1530 5567
3660 5 53 94 8 3664 870 871 3665 8122 5553 5554 8123
3661 5 53 94 8 8122 5553 5554 8123 5567 1530 1531 5568
3662 5 53 94 8 3665 871 872 3666 8123 5554 5555 8124
3663 5 53 94 8 8123 5554 5555 8124 5568 1531 1532 5569
3664 5 53 94 8 3666 872 75 902 8124 5555 1504 5479
3665 5 53 94 8 8124 5555 1504 5479 5569 1532 139 1494
3666 5 54 95 8 75 909 3667 845 1504 5570 8125 5480
3667 5 54 95 8 1504 5570 8125 5480 139 1533 5579 1495
3668 5 54 95 8 845 3667 3668 846 5480 8125 8126 5481
3669 5 54 95 8 5480 8125 8126 5481 1495 5579 5580 1496
3670 5 54 95 8 846 3668 3669 847 5481 8126 8127 5482
3671 5 54 95 8 5481 8126 8127 5482 1496 5580 5581 1497
3672 5 54 95 8 847 3669 3670 848 5482 8127 8128 5483
3673 5 54 95 8 5482 8127 8128 5483 1497 5581 5582 1498
3674 5 54 95 8 848 3670 3671 849 5483 8128 8129 5484
3675 5 54 95 8 5483 8128 8129 5484 1498 5582 5583 1499
3676 5 54 95 8 849 3671 3672 850 5484 8129 8130 5485
3677 5 54 95 8 5484 8129 8130 5485 1499 5583 5584 1500
3678 5 54 95 8 850 3672 3673 851 5485 8130 8131 5486
3679 5 54 95 8 5485 8130 8131 5486 1500 5584 5585 1501
3680 5 54 95 8 851 3673 910 76 5486 8131 5578 1505
3681 5 54 95 8 5486 8131 5578 1505 1501 5585 1541 140
3682 5 54 95 8 909 79 873 3667 5570 1542 5571 8125
3683 5 54 95 8 5570 1542 5571 8125 1533 143 1534 5579
3684 5 54 95 8 3667 873 874 3668 8125 5571 5572 8126
3685 5 54 95 8 8125 5571 5572 8126 5579 1534 1535 5580
3686 5 54 95 8 3668 874 875 3669 8126 5572 5573 8127
3687 5 54 95 8 8126 5572 5573 8127 5580 1535 1536 5581
3688 5 54 95 8 3669 875 876 3670 8127 5573 5574 8128
3689 5 54 95 8 8127 5573 5574 8128 5581 1536 1537 5582
3690 5 54 95 8 3670 876 877 3671 8128 5574 5575 8129
3691 5 54 95 8 8128 5574 5575 8129 5582 1537 1538 5583
3692 5 54 95 8 3671 877 878 3672 8129 5575 5576 8130
3693 5 54 95 8 8129 5575 5576 8130 5583 1538 1539 5584
3694 5 54 95 8 3672 878 879 3673 8130 5576 5577 8131
3695 5 54 95 8 8130 5576 5577 8131 5584 1539 1540 5585
3696 5 54 95 8 3673 879 80 910 8131 5577 1543 5578
3697 5 54 95 8 8131 5577 1543 5578 5585 1540 144 1541
3698 5 54 96 8 76 910 3674 852 1505 5578 8132 5503
3699 5 54 96 8 1505 5578 8132 5503 140 1541 5594 1506
3700 5 54 96 8 852 3674 3675 853 5503 8132 8133 5504
3701 5 54 96 8 5503 8132 8133 5504 1506 5594 5595 1507
3702 5 54 96 8 853 3675 3676 854 5504 8133 8134 5505
3703 5 54 96 8 5504 8133 8134 5505 1507 5595 5596 1508
3704 5 54 96 8 854 3676 3677 855 5505 8134 8135 5506
3705 5 54 96 8 5505 8134 8135 5506 1508 5596 5597 1509
3706 5 54 96 8 855 3677 3678 856 5506 8135 8136 5507
3707 5 54 96 8 5506 8135 8136 5507 1509 5597 5598 1510
3708 5 54 96 8 856 3678 3679 857 5507 8136 8137 5508
3709 5 54 96 8 5507 8136 8137 5508 1510 5598 5599 1511
3710 5 54 96 8 857 3679 3680 858 5508 8137 8138 5509
3711 5 54 96 8 5508 8137 8138 5509 1511 5599 5600 1512
3712 5 54 96 8 858 3680 911 77 5509 8138 5593 1515
3713 5 54 96 8 5509 8138 5593 1515 1512 5600 1551 141
3714 5 54 96 8 910 80 880 3674 5578 1543 5586 8132
3715 5 54 96 8 5578 1543 5586 8132 1541 144 1544 5594
3716 5 54 96 8 3674 880 881 3675 8132 5586 5587 8133
3717 5 54 96 8 8132 5586 5587 8133 5594 1544 1545 5595
3718 5 54 96 8 3675 881 882 3676 8133 5587 5588 8134
3719 5 54 96 8 8133 5587 5588 8134 5595 1545 1546 5596
3720 5 54 96 8 3676 882 883 3677 8134 5588 5589 8135
3721 5 54 96 8 8134 5588 5589 8135 5596 1546 1547 5597
3722 5 54 96 8 3677 883 884 3678 8135 5589 5590 8136
3723 5 54 96 8 8135 5589 5590 8136 5597 1547 1548 5598
3724 5 54 96 8 3678 884 885 3679 8136 5590 5591 8137
3725 5 54 96 8 8136 5590 5591 8137 5598 1548 1549 5599
3726 5 54 96 8 3679 885 886 3680 8137 5591 5592 8138
3727 5 54 96 8 8137 5591 5592 8138 5599 1549 1550 5600
3728 5 54 96 8 3680 886 81 911 8138 5592 1552 5593
3729 5 54 96 8 8138 5592 1552 5593 5600 1550 145 1551
3730 5 54 97 8 77 911 3681 859 1515 5593 8139 5526
3731 5 54 97 8 1515 5593 8139 5526 141 1551 5609 1516
3732 5 54 97 8 859 3681 3682 860 5526 8139 8140 5527
3733 5 54 97 8 5526 8139 8140 5527 1516 5609 5610 1517
3734 5 54 97 8 860 3682 3683 861 5527 8140 8141 5528
3735 5 54 97 8 5527 8140 8141 5528 1517 5610 5611 1518
3736 5 54 97 8 861 3683 3684 862 5528 8141 8142 5529
3737 5 54 97 8 5528 8141 8142 5529 1518 5611 5612 1519
3738 5 54 97 8 862 3684 3685 863 5529 8142 8143 5530
3739 5 54 97 8 5529 8142 8143 5530 1519 5612 5613 1520
3740 5 54 97 8 863 3685 3686 864 5530 8143 8144 5531
3741 5 54 97 8 5530 8143 8144 5531 1520 5613 5614 1521
3742 5 54 97 8 864 3686 3687 865 5531 8144 8145 5532
3743 5 54 97 8 5531 8144 8145 5532 1521 5614 5615 1522
3744 5 54 97 8 865 3687 912 78 5532 8145 5608 1525
3745 5 54 97 8 5532 8145 5608 1525 1522 5615 1560 142
3746 5 54 97 8 911 81 887 3681 5593 1552 5601 8139
3747 5 54 97 8 5593 1552 5601 8139 1551 145 1553 5609
3748 5 54 97 8 3681 887 888 3682 8139 5601 5602 8140
3749 5 54 97 8 8139 5601 5602 8140 5609 1553 1554 5610
3750 5 54 97 8 3682 888 889 3683 8140 5602 5603 8141
3751 5 54 97 8 8140 5602 5603 8141 5610 1554 1555 5611
3752 5 54 97 8 3683 889 890 3684 8141 5603 5604 8142
3753 5 54 97 8 8141 5603 5604 8142 5611 1555 1556 5612
3754 5 54 97 8 3684 890 891 3685 8142 5604 5605 8143
3755 5 54 97 8 8142 5604 5605 8143 5612 1556 1557 5613
3756 5 54 97 8 3685 891 892 3686 8143 5605 5606 8144
3757 5 54 97 8 8143 5605 5606 8144 5613 1557 1558 5614
3758 5 54 97 8 3686 892 893 3687 8144 5606 5607 8145
3759 5 54 97 8 8144 5606 5607 8145 5614 1558 1559 5615
3760 5 54 97 8 3687 893 82 912 8145 5607 1561 5608
3761 5 54 97 8 8145 5607 1561 5608 5615 1559 146 1560
3762 5 54 98 8 78 912 3688 866 1525 5608 8146 5549
3763 5 54 98 8 1525 5608 8146 5549 142 1560 5623 1526
3764 5 54 98 8 866 3688 3689 867 5549 8146 8147 5550
3765 5 54 98 8 5549 8146 8147 5550 1526 5623 5624 1527
3766 5 54 98 8 867 3689 3690 868 5550 8147 8148 5551
3767 5 54 98 8 5550 8147 8148 5551 1527 5624 5625 1528
3768 5 54 98 8 868 3690 3691 869 5551 8148 8149 5552
3769 5 54 98 8 5551 8148 8149 5552 1528 5625 5626 1529
3770 5 54 98 8 869 3691 3692 870 5552 8149 8150 5553
3771 5 54 98 8 5552 8149 8150 5553 1529 5626 5627 1530
3772 5 54 98 8 870 3692 3693 871 5553 8150 8151 5554
3773 5 54 98 8 5553 8150 8151 5554 1530 5627 5628 1531
3774 5 54 98 8 871 3693 3694 872 5554 8151 8152 5555
3775 5 54 98 8 5554 8151 8152 5555 1531 5628 5629 1532
3776 5 54 98 8 872 3694 909 75 5555 8152 5570 1504
3777 5 54 98 8 5555 8152 5570 1504 1532 5629 1533 139
3778 5 54 98 8 912 82 894 3688 5608 1561 5616 8146
3779 5 54 98 8 5608 1561 5616 8146 1560 146 1562 5623
3780 5 54 98 8 3688 894 895 3689 8146 5616 5617 8147
3781 5 54 98 8 8146 5616 5617 8147 5623 1562 1563 5624
3782 5 54 98 8 3689 895 896 3690 8147 5617 5618 8148
3783 5 54 98 8 8147 5617 5618 8148 5624 1563 1564 5625
3784 5 54 98 8 3690 896 897 3691 8148 5618 5619 8149
3785 5 54 98 8 8148 5618 5619 8149 5625 1564 1565 5626
3786 5 54 98 8 3691 897 898 3692 8149 5619 5620 8150
3787 5 54 98 8 8149 5619 5620 8150 5626 1565 1566 5627
3788 5 54 98 8 3692 898 899 3693 8150 5620 5621 8151
3789 5 54 98 8 8150 5620 5621 8151 5627 1566 1567 5628
3790 5 54 98 8 3693 899 900 3694 8151 5621 5622 8152
3791 5 54 98 8 8151 5621 5622 8152 5628 1567 1568 5629
3792 5 54 98 8 3694 900 79 909 8152 5622 1542 5570
3793 5 54 98 8 8152 5622 1542 5570 5629 1568 143 1533
3794 6 10 42 6 1579 1586 1584 5790 5825 5815
3795 6 10 42 6 5790 5825 5815 5791 5826 5816
3796 6 10 42 6 5791 5826 5816 5792 5827 5817
3797 6 10 42 6 5792 5827 5817 5793 5828 5818
3798 6 10 42 6 5793 5828 5818 5794 5829 5819
3799 6 10 42 6 5794 5829 5819 1883 1890 1888
3800 6 10 42 6 1584 1592 1579 5815 5855 5790
3801 6 10 42 6 5815 5855 5790 5816 5856 5791
3802 6 10 42 6 5816 5856 5791 5817 5857 5792
3803 6 10 42 6 5817 5857 5792 5818 5858 5793
3804 6 10 42 6 5818 5858 5793 5819 5859 5794
3805 6 10 42 6 5819 5859 5794 1888 1896 1883
3806 6 10 42 6 1578 1579 1577 5785 5790 5780
3807 6 10 42 6 5785 5790 5780 5786 5791 5781
3808 6 10 42 6 5786 5791 5781 5787 5792 5782
3809 6 10 42 6 5787 5792 5782 5788 5793 5783
3810 6 10 42 6 5788 5793 5783 5789 5794 5784
3811 6 10 42 6 5789 5794 5784 1882 1883 1881
3812 6 10 42 6 1569 1578 1577 5740 5785 5780
3813 6 10 42 6 5740 5785 5780 5741 5786 5781
3814 6 10 42 6 5741 5786 5781 5742 5787 5782
3815 6 10 42 6 5742 5787 5782 5743 5788 5783
3816 6 10 42 6 5743 5788 5783 5744 5789 5784
3817 6 10 42 6 5744 5789 5784 1873 1882 1881
3818 6 10 42 6 1579 1580 1577 5790 5795 5780
3819 6 10 42 6 5790 5795 5780 5791 5796 5781
3820 6 10 42 6 5791 5796 5781 5792 5797 5782
3821 6 10 42 6 5792 5797 5782 5793 5798 5783
3822 6 10 42 6 5793 5798 5783 5794 5799 5784
3823 6 10 42 6 5794 5799 5784 1883 1884 1881
3824 6 10 42 6 1584 1588 1570 5815 5835 5745
3825 6 10 42 6 5815 5835 5745 5816 5836 5746
3826 6 10 42 6 5816 5836 5746 5817 5837 5747
3827 6 10 42 6 5817 5837 5747 5818 5838 5748
3828 6 10 42 6 5818 5838 5748 5819 5839 5749
3829 6 10 42 6 5819 5839 5749 1888 1892 1874
3830 6 10 42 6 1579 1592 1580 5790 5855 5795
3831 6 10 42 6 5790 5855 5795 5791 5856 5796
3832 6 10 42 6 5791 5856 5796 5792 5857 5797
3833 6 10 42 6 5792 5857 5797 5793 5858 5798
3834 6 10 42 6 5793 5858 5798 5794 5859 5799
3835 6 10 42 6 5794 5859 5799 1883 1896 1884
3836 6 10 42 6 1577 1591 1576 5780 5850 5775
3837 6 10 42 6 5780 5850 5775 5781 5851 5776
3838 6 10 42 6 5781 5851 5776 5782 5852 5777
3839 6 10 42 6 5782 5852 5777 5783 5853 5778
3840 6 10 42 6 5783 5853 5778 5784 5854 5779
3841 6 10 42 6 5784 5854 5779 1881 1895 1880
3842 6 10 42 6 1576 1591 1575 5775 5850 5770
3843 6 10 42 6 5775 5850 5770 5776 5851 5771
3844 6 10 42 6 5776 5851 5771 5777 5852 5772
3845 6 10 42 6 5777 5852 5772 5778 5853 5773
3846 6 10 42 6 5778 5853 5773 5779 5854 5774
3847 6 10 42 6 5779 5854 5774 1880 1895 1879
3848 6 10 42 6 1574 1588 1584 5765 5835 5815
3849 6 10 42 6 5765 5835 5815 5766 5836 5816
3850 6 10 42 6 5766 5836 5816 5767 5837 5817
3851 6 10 42 6 5767 5837 5817 5768 5838 5818
3852 6 10 42 6 5768 5838 5818 5769 5839 5819
3853 6 10 42 6 5769 5839 5819 1878 1892 1888
3854 6 10 42 6 148 1573 147 1788 5760 1783
3855 6 10 42 6 1788 5760 1783 1789 5761 1784
3856 6 10 42 6 1789 5761 1784 1790 5762 1785
3857 6 10 42 6 1790 5762 1785 1791 5763 1786
3858 6 10 42 6 1791 5763 1786 1792 5764 1787
3859 6 10 42 6 1792 5764 1787 220 1877 219
3860 6 10 42 6 199 1572 198 1833 5755 1828
3861 6 10 42 6 1833 5755 1828 1834 5756 1829
3862 6 10 42 6 1834 5756 1829 1835 5757 1830
3863 6 10 42 6 1835 5757 1830 1836 5758 1831
3864 6 10 42 6 1836 5758 1831 1837 5759 1832
3865 6 10 42 6 1837 5759 1832 229 1876 228
3866 6 10 42 6 197 1570 196 1823 5745 1818
3867 6 10 42 6 1823 5745 1818 1824 5746 1819
3868 6 10 42 6 1824 5746 1819 1825 5747 1820
3869 6 10 42 6 1825 5747 1820 1826 5748 1821
3870 6 10 42 6 1826 5748 1821 1827 5749 1822
3871 6 10 42 6 1827 5749 1822 227 1874 226
3872 6 10 42 6 150 1571 149 1798 5750 1793
3873 6 10 42 6 1798 5750 1793 1799 5751 1794
3874 6 10 42 6 1799 5751 1794 1800 5752 1795
3875 6 10 42 6 1800 5752 1795 1801 5753 1796
3876 6 10 42 6 1801 5753 1796 1802 5754 1797
3877 6 10 42 6 1802 5754 1797 222 1875 221
3878 6 10 42 6 198 1581 197 1828 5800 1823
3879 6 10 42 6 1828 5800 1823 1829 5801 1824
3880 6 10 42 6 1829 5801 1824 1830 5802 1825
3881 6 10 42 6 1830 5802 1825 1831 5803 1826
3882 6 10 42 6 1831 5803 1826 1832 5804 1827
3883 6 10 42 6 1832 5804 1827 228 1885 227
3884 6 10 42 6 173 1569 174 1853 5740 1858
3885 6 10 42 6 1853 5740 1858 1854 5741 1859
3886 6 10 42 6 1854 5741 1859 1855 5742 1860
3887 6 10 42 6 1855 5742 1860 1856 5743 1861
3888 6 10 42 6 1856 5743 1861 1857 5744 1862
3889 6 10 42 6 1857 5744 1862 234 1873 233
3890 6 10 42 6 152 1574 151 1808 5765 1803
3891 6 10 42 6 1808 5765 1803 1809 5766 1804
3892 6 10 42 6 1809 5766 1804 1810 5767 1805
3893 6 10 42 6 1810 5767 1805 1811 5768 1806
3894 6 10 42 6 1811 5768 1806 1812 5769 1807
3895 6 10 42 6 1812 5769 1807 224 1878 223
3896 6 10 42 6 175 1575 176 1863 5770 1868
3897 6 10 42 6 1863 5770 1868 1864 5771 1869
3898 6 10 42 6 1864 5771 1869 1865 5772 1870
3899 6 10 42 6 1865 5772 1870 1866 5773 1871
3900 6 10 42 6 1866 5773 1871 1867 5774 1872
3901 6 10 42 6 1867 5774 1872 232 1879 231
3902 6 10 42 6 172 1585 173 1848 5820 1853
3903 6 10 42 6 1848 5820 1853 1849 5821 1854
3904 6 10 42 6 1849 5821 1854 1850 5822 1855
3905 6 10 42 6 1850 5822 1855 1851 5823 1856
3906 6 10 42 6 1851 5823 1856 1852 5824 1857
3907 6 10 42 6 1852 5824 1857 235 1889 234
3908 6 10 42 6 149 1582 148 1793 5805 1788
3909 6 10 42 6 1793 5805 1788 1794 5806 1789
3910 6 10 42 6 1794 5806 1789 1795 5807 1790
3911 6 10 42 6 1795 5807 1790 1796 5808 1791
3912 6 10 42 6 1796 5808 1791 1797 5809 1792
3913 6 10 42 6 1797 5809 1792 221 1886 220
3914 6 10 42 6 174 1576 175 1858 5775 1863
3915 6 10 42 6 1858 5775 1863 1859 5776 1864
3916 6 10 42 6 1859 5776 1864 1860 5777 1865
3917 6 10 42 6 1860 5777 1865 1861 5778 1866
3918 6 10 42 6 1861 5778 1866 1862 5779 1867
3919 6 10 42 6 1862 5779 1867 233 1880 232
3920 6 10 42 6 1569 1577 1576 5740 5780 5775
3921 6 10 42 6 5740 5780 5775 5741 5781 5776
3922 6 10 42 6 5741 5781 5776 5742 5782 5777
3923 6 10 42 6 5742 5782 5777 5743 5783 5778
3924 6 10 42 6 5743 5783 5778 5744 5784 5779
3925 6 10 42 6 5744 5784 5779 1873 1881 1880
3926 6 10 42 6 151 1583 150 1803 5810 1798
3927 6 10 42 6 1803 5810 1798 1804 5811 1799
3928 6 10 42 6 1804 5811 1799 1805 5812 1800
3929 6 10 42 6 1805 5812 1800 1806 5813 1801
3930 6 10 42 6 1806 5813 1801 1807 5814 1802
3931 6 10 42 6 1807 5814 1802 223 1887 222
3932 6 10 42 6 1578 1590 1579 5785 5845 5790
3933 6 10 42 6 5785 5845 5790 5786 5846 5791
3934 6 10 42 6 5786 5846 5791 5787 5847 5792
3935 6 10 42 6 5787 5847 5792 5788 5848 5793
3936 6 10 42 6 5788 5848 5793 5789 5849 5794
3937 6 10 42 6 5789 5849 5794 1882 1894 1883
3938 6 10 42 6 1574 1584 1583 5765 5815 5810
3939 6 10 42 6 5765 5815 5810 5766 5816 5811
3940 6 10 42 6 5766 5816 5811 5767 5817 5812
3941 6 10 42 6 5767 5817 5812 5768 5818 5813
3942 6 10 42 6 5768 5818 5813 5769 5819 5814
3943 6 10 42 6 5769 5819 5814 1878 1888 1887
3944 6 10 42 6 1587 1593 1585 5830 5860 5820
3945 6 10 42 6 5830 5860 5820 5831 5861 5821
3946 6 10 42 6 5831 5861 5821 5832 5862 5822
3947 6 10 42 6 5832 5862 5822 5833 5863 5823
3948 6 10 42 6 5833 5863 5823 5834 5864 5824
3949 6 10 42 6 5834 5864 5824 1891 1897 1889
3950 6 10 42 6 1575 1591 1589 5770 5850 5840
3951 6 10 42 6 5770 5850 5840 5771 5851 5841
3952 6 10 42 6 5771 5851 5841 5772 5852 5842
3953 6 10 42 6 5772 5852 5842 5773 5853 5843
3954 6 10 42 6 5773 5853 5843 5774 5854 5844
3955 6 10 42 6 5774 5854 5844 1879 1895 1893
3956 6 10 42 6 1580 1581 1572 5795 5800 5755
3957 6 10 42 6 5795 5800 5755 5796 5801 5756
3958 6 10 42 6 5796 5801 5756 5797 5802 5757
3959 6 10 42 6 5797 5802 5757 5798 5803 5758
3960 6 10 42 6 5798 5803 5758 5799 5804 5759
3961 6 10 42 6 5799 5804 5759 1884 1885 1876
3962 6 10 42 6 1569 1585 1578 5740 5820 5785
3963 6 10 42 6 5740 5820 5785 5741 5821 5786
3964 6 10 42 6 5741 5821 5786 5742 5822 5787
3965 6 10 42 6 5742 5822 5787 5743 5823 5788
3966 6 10 42 6 5743 5823 5788 5744 5824 5789
3967 6 10 42 6 5744 5824 5789 1873 1889 1882
3968 6 10 42 6 197 1581 1570 1823 5800 5745
3969 6 10 42 6 1823 5800 5745 1824 5801 5746
3970 6 10 42 6 1824 5801 5746 1825 5802 5747
3971 6 10 42 6 1825 5802 5747 1826 5803 5748
3972 6 10 42 6 1826 5803 5748 1827 5804 5749
3973 6 10 42 6 1827 5804 5749 227 1885 1874
3974 6 10 42 6 1572 1581 198 5755 5800 1828
3975 6 10 42 6 5755 5800 1828 5756 5801 1829
3976 6 10 42 6 5756 5801 1829 5757 5802 1830
3977 6 10 42 6 5757 5802 1830 5758 5803 1831
3978 6 10 42 6 5758 5803 1831 5759 5804 1832
3979 6 10 42 6 5759 5804 1832 1876 1885 228
3980 6 10 42 6 175 1576 1575 1863 5775 5770
3981 6 10 42 6 1863 5775 5770 1864 5776 5771
3982 6 10 42 6 1864 5776 5771 1865 5777 5772
3983 6 10 42 6 1865 5777 5772 1866 5778 5773
3984 6 10 42 6 1866 5778 5773 1867 5779 5774
3985 6 10 42 6 1867 5779 5774 232 1880 1879
3986 6 10 42 6 148 1582 1573 1788 5805 5760
3987 6 10 42 6 1788 5805 5760 1789 5806 5761
3988 6 10 42 6 1789 5806 5761 1790 5807 5762
3989 6 10 42 6 1790 5807 5762 1791 5808 5763
3990 6 10 42 6 1791 5808 5763 1792 5809 5764
3991 6 10 42 6 1792 5809 5764 220 1886 1877
3992 6 10 42 6 3 1594 152 242 5865 1808
3993 6 10 42 6 242 5865 1808 243 5866 1809
3994 6 10 42 6 243 5866 1809 244 5867 1810
3995 6 10 42 6 244 5867 1810 245 5868 1811
3996 6 10 42 6 245 5868 1811 246 5869 1812
3997 6 10 42 6 246 5869 1812 9 1898 224
3998 6 10 42 6 173 1585 1569 1853 5820 5740
3999 6 10 42 6 1853 5820 5740 1854 5821 5741
4000 6 10 42 6 1854 5821 5741 1855 5822 5742
4001 6 10 42 6 1855 5822 5742 1856 5823 5743
4002 6 10 42 6 1856 5823 5743 1857 5824 5744
4003 6 10 42 6 1857 5824 5744 234 1889 1873
4004 6 10 42 6 195 1594 3 1813 5865 242
4005 6 10 42 6 1813 5865 242 1814 5866 243
4006 6 10 42 6 1814 5866 243 1815 5867 244
4007 6 10 42 6 1815 5867 244 1816 5868 245
4008 6 10 42 6 1816 5868 245 1817 5869 246
4009 6 10 42 6 1817 5869 246 225 1898 9
4010 6 10 42 6 1589 1591 1572 5840 5850 5755
4011 6 10 42 6 5840 5850 5755 5841 5851 5756
4012 6 10 42 6 5841 5851 5756 5842 5852 5757
4013 6 10 42 6 5842 5852 5757 5843 5853 5758
4014 6 10 42 6 5843 5853 5758 5844 5854 5759
4015 6 10 42 6 5844 5854 5759 1893 1895 1876
4016 6 10 42 6 147 1595 2 1783 5870 237
4017 6 10 42 6 1783 5870 237 1784 5871 238
4018 6 10 42 6 1784 5871 238 1785 5872 239
4019 6 10 42 6 1785 5872 239 1786 5873 240
4020 6 10 42 6 1786 5873 240 1787 5874 241
4021 6 10 42 6 1787 5874 241 219 1899 8
4022 6 10 42 6 176 1596 6 1868 5875 247
4023 6 10 42 6 1868 5875 247 1869 5876 248
4024 6 10 42 6 1869 5876 248 1870 5877 249
4025 6 10 42 6 1870 5877 249 1871 5878 250
4026 6 10 42 6 1871 5878 250 1872 5879 251
4027 6 10 42 6 1872 5879 251 231 1900 10
4028 6 10 42 6 1580 1591 1577 5795 5850 5780
4029 6 10 42 6 5795 5850 5780 5796 5851 5781
4030 6 10 42 6 5796 5851 5781 5797 5852 5782
4031 6 10 42 6 5797 5852 5782 5798 5853 5783
4032 6 10 42 6 5798 5853 5783 5799 5854 5784
4033 6 10 42 6 5799 5854 5784 1884 1895 1881
4034 6 10 42 6 1584 1586 1583 5815 5825 5810
4035 6 10 42 6 5815 5825 5810 5816 5826 5811
4036 6 10 42 6 5816 5826 5811 5817 5827 5812
4037 6 10 42 6 5817 5827 5812 5818 5828 5813
4038 6 10 42 6 5818 5828 5813 5819 5829 5814
4039 6 10 42 6 5819 5829 5814 1888 1890 1887
4040 6 10 42 6 1572 1591 1580 5755 5850 5795
4041 6 10 42 6 5755 5850 5795 5756 5851 5796
4042 6 10 42 6 5756 5851 5796 5757 5852 5797
4043 6 10 42 6 5757 5852 5797 5758 5853 5798
4044 6 10 42 6 5758 5853 5798 5759 5854 5799
4045 6 10 42 6 5759 5854 5799 1876 1895 1884
4046 6 10 42 6 1571 1582 149 5750 5805 1793
4047 6 10 42 6 5750 5805 1793 5751 5806 1794
4048 6 10 42 6 5751 5806 1794 5752 5807 1795
4049 6 10 42 6 5752 5807 1795 5753 5808 1796
4050 6 10 42 6 5753 5808 1796 5754 5809 1797
4051 6 10 42 6 5754 5809 1797 1875 1886 221
4052 6 10 42 6 1569 1576 174 5740 5775 1858
4053 6 10 42 6 5740 5775 1858 5741 5776 1859
4054 6 10 42 6 5741 5776 1859 5742 5777 1860
4055 6 10 42 6 5742 5777 1860 5743 5778 1861
4056 6 10 42 6 5743 5778 1861 5744 5779 1862
4057 6 10 42 6 5744 5779 1862 1873 1880 233
4058 6 10 42 6 2 1595 171 237 5870 1843
4059 6 10 42 6 237 5870 1843 238 5871 1844
4060 6 10 42 6 238 5871 1844 239 5872 1845
4061 6 10 42 6 239 5872 1845 240 5873 1846
4062 6 10 42 6 240 5873 1846 241 5874 1847
4063 6 10 42 6 241 5874 1847 8 1899 236
4064 6 10 42 6 6 1596 200 247 5875 1838
4065 6 10 42 6 247 5875 1838 248 5876 1839
4066 6 10 42 6 248 5876 1839 249 5877 1840
4067 6 10 42 6 249 5877 1840 250 5878 1841
4068 6 10 42 6 250 5878 1841 251 5879 1842
4069 6 10 42 6 251 5879 1842 10 1900 230
4070 6 10 42 6 150 1583 1571 1798 5810 5750
4071 6 10 42 6 1798 5810 5750 1799 5811 5751
4072 6 10 42 6 1799 5811 5751 1800 5812 5752
4073 6 10 42 6 1800 5812 5752 1801 5813 5753
4074 6 10 42 6 1801 5813 5753 1802 5814 5754
4075 6 10 42 6 1802 5814 5754 222 1887 1875
4076 6 10 42 6 1574 1583 151 5765 5810 1803
4077 6 10 42 6 5765 5810 1803 5766 5811 1804
4078 6 10 42 6 5766 5811 1804 5767 5812 1805
4079 6 10 42 6 5767 5812 1805 5768 5813 1806
4080 6 10 42 6 5768 5813 1806 5769 5814 1807
4081 6 10 42 6 5769 5814 1807 1878 1887 223
4082 6 10 42 6 196 1588 195 1818 5835 1813
4083 6 10 42 6 1818 5835 1813 1819 5836 1814
4084 6 10 42 6 1819 5836 1814 1820 5837 1815
4085 6 10 42 6 1820 5837 1815 1821 5838 1816
4086 6 10 42 6 1821 5838 1816 1822 5839 1817
4087 6 10 42 6 1822 5839 1817 226 1892 225
4088 6 10 42 6 200 1589 199 1838 5840 1833
4089 6 10 42 6 1838 5840 1833 1839 5841 1834
4090 6 10 42 6 1839 5841 1834 1840 5842 1835
4091 6 10 42 6 1840 5842 1835 1841 5843 1836
4092 6 10 42 6 1841 5843 1836 1842 5844 1837
4093 6 10 42 6 1842 5844 1837 230 1893 229
4094 6 10 42 6 171 1587 172 1843 5830 1848
4095 6 10 42 6 1843 5830 1848 1844 5831 1849
4096 6 10 42 6 1844 5831 1849 1845 5832 1850
4097 6 10 42 6 1845 5832 1850 1846 5833 1851
4098 6 10 42 6 1846 5833 1851 1847 5834 1852
4099 6 10 42 6 1847 5834 1852 236 1891 235
4100 6 10 42 6 1571 1590 1582 5750 5845 5805
4101 6 10 42 6 5750 5845 5805 5751 5846 5806
4102 6 10 42 6 5751 5846 5806 5752 5847 5807
4103 6 10 42 6 5752 5847 5807 5753 5848 5808
4104 6 10 42 6 5753 5848 5808 5754 5849 5809
4105 6 10 42 6 5754 5849 5809 1875 1894 1886
4106 6 10 42 6 1570 1588 196 5745 5835 1818
4107 6 10 42 6 5745 5835 1818 5746 5836 1819
4108 6 10 42 6 5746 5836 1819 5747 5837 1820
4109 6 10 42 6 5747 5837 1820 5748 5838 1821
4110 6 10 42 6 5748 5838 1821 5749 5839 1822
4111 6 10 42 6 5749 5839 1822 1874 1892 226
4112 6 10 42 6 199 1589 1572 1833 5840 5755
4113 6 10 42 6 1833 5840 5755 1834 5841 5756
4114 6 10 42 6 1834 5841 5756 1835 5842 5757
4115 6 10 42 6 1835 5842 5757 1836 5843 5758
4116 6 10 42 6 1836 5843 5758 1837 5844 5759
4117 6 10 42 6 1837 5844 5759 229 1893 1876
4118 6 10 42 6 1585 1593 1578 5820 5860 5785
4119 6 10 42 6 5820 5860 5785 5821 5861 5786
4120 6 10 42 6 5821 5861 5786 5822 5862 5787
4121 6 10 42 6 5822 5862 5787 5823 5863 5788
4122 6 10 42 6 5823 5863 5788 5824 5864 5789
4123 6 10 42 6 5824 5864 5789 1889 1897 1882
4124 6 10 42 6 172 1587 1585 1848 5830 5820
4125 6 10 42 6 1848 5830 5820 1849 5831 5821
4126 6 10 42 6 1849 5831 5821 1850 5832 5822
4127 6 10 42 6 1850 5832 5822 1851 5833 5823
4128 6 10 42 6 1851 5833 5823 1852 5834 5824
4129 6 10 42 6 1852 5834 5824 235 1891 1889
4130 6 10 42 6 1579 1590 1586 5790 5845 5825
4131 6 10 42 6 5790 5845 5825 5791 5846 5826
4132 6 10 42 6 5791 5846 5826 5792 5847 5827
4133 6 10 42 6 5792 5847 5827 5793 5848 5828
4134 6 10 42 6 5793 5848 5828 5794 5849 5829
4135 6 10 42 6 5794 5849 5829 1883 1894 1890
4136 6 10 42 6 1586 1590 1571 5825 5845 5750
4137 6 10 42 6 5825 5845 5750 5826 5846 5751
4138 6 10 42 6 5826 5846 5751 5827 5847 5752
4139 6 10 42 6 5827 5847 5752 5828 5848 5753
4140 6 10 42 6 5828 5848 5753 5829 5849 5754
4141 6 10 42 6 5829 5849 5754 1890 1894 1875
4142 6 10 42 6 1570 1592 1584 5745 5855 5815
4143 6 10 42 6 5745 5855 5815 5746 5856 5816
4144 6 10 42 6 5746 5856 5816 5747 5857 5817
4145 6 10 42 6 5747 5857 5817 5748 5858 5818
4146 6 10 42 6 5748 5858 5818 5749 5859 5819
4147 6 10 42 6 5749 5859 5819 1874 1896 1888
4148 6 10 42 6 1582 1593 1573 5805 5860 5760
4149 6 10 42 6 5805 5860 5760 5806 5861 5761
4150 6 10 42 6 5806 5861 5761 5807 5862 5762
4151 6 10 42 6 5807 5862 5762 5808 5863 5763
4152 6 10 42 6 5808 5863 5763 5809 5864 5764
4153 6 10 42 6 5809 5864 5764 1886 1897 1877
4154 6 10 42 6 1580 1592 1581 5795 5855 5800
4155 6 10 42 6 5795 5855 5800 5796 5856 5801
4156 6 10 42 6 5796 5856 5801 5797 5857 5802
4157 6 10 42 6 5797 5857 5802 5798 5858 5803
4158 6 10 42 6 5798 5858 5803 5799 5859 5804
4159 6 10 42 6 5799 5859 5804 1884 1896 1885
4160 6 10 42 6 1590 1593 1582 5845 5860 5805
4161 6 10 42 6 5845 5860 5805 5846 5861 5806
4162 6 10 42 6 5846 5861 5806 5847 5862 5807
4163 6 10 42 6 5847 5862 5807 5848 5863 5808
4164 6 10 42 6 5848 5863 5808 5849 5864 5809
4165 6 10 42 6 5849 5864 5809 1894 1897 1886
4166 6 10 42 6 1573 1593 1587 5760 5860 5830
4167 6 10 42 6 5760 5860 5830 5761 5861 5831
4168 6 10 42 6 5761 5861 5831 5762 5862 5832
4169 6 10 42 6 5762 5862 5832 5763 5863 5833
4170 6 10 42 6 5763 5863 5833 5764 5864 5834
4171 6 10 42 6 5764 5864 5834 1877 1897 1891
4172 6 10 42 6 1583 1586 1571 5810 5825 5750
4173 6 10 42 6 5810 5825 5750 5811 5826 5751
4174 6 10 42 6 5811 5826 5751 5812 5827 5752
4175 6 10 42 6 5812 5827 5752 5813 5828 5753
4176 6 10 42 6 5813 5828 5753 5814 5829 5754
4177 6 10 42 6 5814 5829 5754 1887 1890 1875
4178 6 10 42 6 1581 1592 1570 5800 5855 5745
4179 6 10 42 6 5800 5855 5745 5801 5856 5746
4180 6 10 42 6 5801 5856 5746 5802 5857 5747
4181 6 10 42 6 5802 5857 5747 5803 5858 5748
4182 6 10 42 6 5803 5858 5748 5804 5859 5749
4183 6 10 42 6 5804 5859 5749 1885 1896 1874
4184 6 10 42 6 1578 1593 1590 5785 5860 5845
4185 6 10 42 6 5785 5860 5845 5786 5861 5846
4186 6 10 42 6 5786 5861 5846 5787 5862 5847
4187 6 10 42 6 5787 5862 5847 5788 5863 5848
4188 6 10 42 6 5788 5863 5848 5789 5864 5849
4189 6 10 42 6 5789 5864 5849 1882 1897 1894
4190 6 10 42 6 1575 1596 176 5770 5875 1868
4191 6 10 42 6 5770 5875 1868 5771 5876 1869
4192 6 10 42 6 5771 5876 1869 5772 5877 1870
4193 6 10 42 6 5772 5877 1870 5773 5878 1871
4194 6 10 42 6 5773 5878 1871 5774 5879 1872
4195 6 10 42 6 5774 5879 1872 1879 1900 231
4196 6 10 42 6 1573 1595 147 5760 5870 1783
4197 6 10 42 6 5760 5870 1783 5761 5871 1784
4198 6 10 42 6 5761 5871 1784 5762 5872 1785
4199 6 10 42 6 5762 5872 1785 5763 5873 1786
4200 6 10 42 6 5763 5873 1786 5764 5874 1787
4201 6 10 42 6 5764 5874 1787 1877 1899 219
4202 6 10 42 6 152 1594 1574 1808 5865 5765
4203 6 10 42 6 1808 5865 5765 1809 5866 5766
4204 6 10 42 6 1809 5866 5766 1810 5867 5767
4205 6 10 42 6 1810 5867 5767 1811 5868 5768
4206 6 10 42 6 1811 5868 5768 1812 5869 5769
4207 6 10 42 6 1812 5869 5769 224 1898 1878
4208 6 10 42 6 200 1596 1589 1838 5875 5840
4209 6 10 42 6 1838 5875 5840 1839 5876 5841
4210 6 10 42 6 1839 5876 5841 1840 5877 5842
4211 6 10 42 6 1840 5877 5842 1841 5878 5843
4212 6 10 42 6 1841 5878 5843 1842 5879 5844
4213 6 10 42 6 1842 5879 5844 230 1900 1893
4214 6 10 42 6 171 1595 1587 1843 5870 5830
4215 6 10 42 6 1843 5870 5830 1844 5871 5831
4216 6 10 42 6 1844 5871 5831 1845 5872 5832
4217 6 10 42 6 1845 5872 5832 1846 5873 5833
4218 6 10 42 6 1846 5873 5833 1847 5874 5834
4219 6 10 42 6 1847 5874 5834 236 1899 1891
4220 6 10 42 6 1588 1594 195 5835 5865 1813
4221 6 10 42 6 5835 5865 1813 5836 5866 1814
4222 6 10 42 6 5836 5866 1814 5837 5867 1815
4223 6 10 42 6 5837 5867 1815 5838 5868 1816
4224 6 10 42 6 5838 5868 1816 5839 5869 1817
4225 6 10 42 6 5839 5869 1817 1892 1898 225
4226 6 10 42 6 1587 1595 1573 5830 5870 5760
4227 6 10 42 6 5830 5870 5760 5831 5871 5761
4228 6 10 42 6 5831 5871 5761 5832 5872 5762
4229 6 10 42 6 5832 5872 5762 5833 5873 5763
4230 6 10 42 6 5833 5873 5763 5834 5874 5764
4231 6 10 42 6 5834 5874 5764 1891 1899 1877
4232 6 10 42 6 1589 1596 1575 5840 5875 5770
4233 6 10 42 6 5840 5875 5770 5841 5876 5771
4234 6 10 42 6 5841 5876 5771 5842 5877 5772
4235 6 10 42 6 5842 5877 5772 5843 5878 5773
4236 6 10 42 6 5843 5878 5773 5844 5879 5774
4237 6 10 42 6 5844 5879 5774 1893 1900 1879
4238 6 10 42 6 1574 1594 1588 5765 5865 5835
4239 6 10 42 6 5765 5865 5835 5766 5866 5836
4240 6 10 42 6 5766 5866 5836 5767 5867 5837
4241 6 10 42 6 5767 5867 5837 5768 5868 5838
4242 6 10 42 6 5768 5868 5838 5769 5869 5839
4243 6 10 42 6 5769 5869 5839 1878 1898 1892
4244 6 10 43 6 1619 1621 1607 5990 6000 5930
4245 6 10 43 6 5990 6000 5930 5991 6001 5931
4246 6 10 43 6 5991 6001 5931 5992 6002 5932
4247 6 10 43 6 5992 6002 5932 5993 6003 5933
4248 6 10 43 6 5993 6003 5933 5994 6004 5934
4249 6 10 43 6 5994 6004 5934 1983 1985 1971
4250 6 10 43 6 1610 1621 1619 5945 6000 5990
4251 6 10 43 6 5945 6000 5990 5946 6001 5991
4252 6 10 43 6 5946 6001 5991 5947 6002 5992
4253 6 10 43 6 5947 6002 5992 5948 6003 5993
4254 6 10 43 6 5948 6003 5993 5949 6004 5994
4255 6 10 43 6 5949 6004 5994 1974 1985 1983
4256 6 10 43 6 1606 1607 1605 5925 5930 5920
4257 6 10 43 6 5925 5930 5920 5926 5931 5921
4258 6 10 43 6 5926 5931 5921 5927 5932 5922
4259 6 10 43 6 5927 5932 5922 5928 5933 5923
4260 6 10 43 6 5928 5933 5923 5929 5934 5924
4261 6 10 43 6 5929 5934 5924 1970 1971 1969
4262 6 10 43 6 1597 1606 1605 5880 5925 5920
4263 6 10 43 6 5880 5925 5920 5881 5926 5921
4264 6 10 43 6 5881 5926 5921 5882 5927 5922
4265 6 10 43 6 5882 5927 5922 5883 5928 5923
4266 6 10 43 6 5883 5928 5923 5884 5929 5924
4267 6 10 43 6 5884 5929 5924 1961 1970 1969
4268 6 10 43 6 1614 1617 1604 5965 5980 5915
4269 6 10 43 6 5965 5980 5915 5966 5981 5916
4270 6 10 43 6 5966 5981 5916 5967 5982 5917
4271 6 10 43 6 5967 5982 5917 5968 5983 5918
4272 6 10 43 6 5968 5983 5918 5969 5984 5919
4273 6 10 43 6 5969 5984 5919 1978 1981 1968
4274 6 10 43 6 1607 1621 1612 5930 6000 5955
4275 6 10 43 6 5930 6000 5955 5931 6001 5956
4276 6 10 43 6 5931 6001 5956 5932 6002 5957
4277 6 10 43 6 5932 6002 5957 5933 6003 5958
4278 6 10 43 6 5933 6003 5958 5934 6004 5959
4279 6 10 43 6 5934 6004 5959 1971 1985 1976
4280 6 10 43 6 1605 1614 1604 5920 5965 5915
4281 6 10 43 6 5920 5965 5915 5921 5966 5916
4282 6 10 43 6 5921 5966 5916 5922 5967 5917
4283 6 10 43 6 5922 5967 5917 5923 5968 5918
4284 6 10 43 6 5923 5968 5918 5924 5969 5919
4285 6 10 43 6 5924 5969 5919 1969 1978 1968
4286 6 10 43 6 1598 1615 1610 5885 5970 5945
4287 6 10 43 6 5885 5970 5945 5886 5971 5946
4288 6 10 43 6 5886 5971 5946 5887 5972 5947
4289 6 10 43 6 5887 5972 5947 5888 5973 5948
4290 6 10 43 6 5888 5973 5948 5889 5974 5949
4291 6 10 43 6 5889 5974 5949 1962 1979 1974
4292 6 10 43 6 1611 1612 1599 5950 5955 5890
4293 6 10 43 6 5950 5955 5890 5951 5956 5891
4294 6 10 43 6 5951 5956 5891 5952 5957 5892
4295 6 10 43 6 5952 5957 5892 5953 5958 5893
4296 6 10 43 6 5953 5958 5893 5954 5959 5894
4297 6 10 43 6 5954 5959 5894 1975 1976 1963
4298 6 10 43 6 1607 1612 1605 5930 5955 5920
4299 6 10 43 6 5930 5955 5920 5931 5956 5921
4300 6 10 43 6 5931 5956 5921 5932 5957 5922
4301 6 10 43 6 5932 5957 5922 5933 5958 5923
4302 6 10 43 6 5933 5958 5923 5934 5959 5924
4303 6 10 43 6 5934 5959 5924 1971 1976 1969
4304 6 10 43 6 177 1603 178 1931 5910 1936
4305 6 10 43 6 1931 5910 1936 1932 5911 1937
4306 6 10 43 6 1932 5911 1937 1933 5912 1938
4307 6 10 43 6 1933 5912 1938 1934 5913 1939
4308 6 10 43 6 1934 5913 1939 1935 5914 1940
4309 6 10 43 6 1935 5914 1940 263 1967 262
4310 6 10 43 6 179 1597 180 1941 5880 1946
4311 6 10 43 6 1941 5880 1946 1942 5881 1947
4312 6 10 43 6 1942 5881 1947 1943 5882 1948
4313 6 10 43 6 1943 5882 1948 1944 5883 1949
4314 6 10 43 6 1944 5883 1949 1945 5884 1950
4315 6 10 43 6 1945 5884 1950 261 1961 260
4316 6 10 43 6 154 1602 153 1906 5905 1901
4317 6 10 43 6 1906 5905 1901 1907 5906 1902
4318 6 10 43 6 1907 5906 1902 1908 5907 1903
4319 6 10 43 6 1908 5907 1903 1909 5908 1904
4320 6 10 43 6 1909 5908 1904 1910 5909 1905
4321 6 10 43 6 1910 5909 1905 253 1966 252
4322 6 10 43 6 198 1600 199 1828 5895 1833
4323 6 10 43 6 1828 5895 1833 1829 5896 1834
4324 6 10 43 6 1829 5896 1834 1830 5897 1835
4325 6 10 43 6 1830 5897 1835 1831 5898 1836
4326 6 10 43 6 1831 5898 1836 1832 5899 1837
4327 6 10 43 6 1832 5899 1837 228 1964 229
4328 6 10 43 6 196 1598 197 1818 5885 1823
4329 6 10 43 6 1818 5885 1823 1819 5886 1824
4330 6 10 43 6 1819 5886 1824 1820 5887 1825
4331 6 10 43 6 1820 5887 1825 1821 5888 1826
4332 6 10 43 6 1821 5888 1826 1822 5889 1827
4333 6 10 43 6 1822 5889 1827 226 1962 227
4334 6 10 43 6 156 1599 155 1916 5890 1911
4335 6 10 43 6 1916 5890 1911 1917 5891 1912
4336 6 10 43 6 1917 5891 1912 1918 5892 1913
4337 6 10 43 6 1918 5892 1913 1919 5893 1914
4338 6 10 43 6 1919 5893 1914 1920 5894 1915
4339 6 10 43 6 1920 5894 1915 255 1963 254
4340 6 10 43 6 158 1601 157 1926 5900 1921
4341 6 10 43 6 1926 5900 1921 1927 5901 1922
4342 6 10 43 6 1927 5901 1922 1928 5902 1923
4343 6 10 43 6 1928 5902 1923 1929 5903 1924
4344 6 10 43 6 1929 5903 1924 1930 5904 1925
4345 6 10 43 6 1930 5904 1925 257 1965 256
4346 6 10 43 6 1611 1614 1612 5950 5965 5955
4347 6 10 43 6 5950 5965 5955 5951 5966 5956
4348 6 10 43 6 5951 5966 5956 5952 5967 5957
4349 6 10 43 6 5952 5967 5957 5953 5968 5958
4350 6 10 43 6 5953 5968 5958 5954 5969 5959
4351 6 10 43 6 5954 5969 5959 1975 1978 1976
4352 6 10 43 6 1610 1615 1602 5945 5970 5905
4353 6 10 43 6 5945 5970 5905 5946 5971 5906
4354 6 10 43 6 5946 5971 5906 5947 5972 5907
4355 6 10 43 6 5947 5972 5907 5948 5973 5908
4356 6 10 43 6 5948 5973 5908 5949 5974 5909
4357 6 10 43 6 5949 5974 5909 1974 1979 1966
4358 6 10 43 6 178 1613 179 1936 5960 1941
4359 6 10 43 6 1936 5960 1941 1937 5961 1942
4360 6 10 43 6 1937 5961 1942 1938 5962 1943
4361 6 10 43 6 1938 5962 1943 1939 5963 1944
4362 6 10 43 6 1939 5963 1944 1940 5964 1945
4363 6 10 43 6 1940 5964 1945 262 1977 261
4364 6 10 43 6 180 1604 181 1946 5915 1951
4365 6 10 43 6 1946 5915 1951 1947 5916 1952
4366 6 10 43 6 1947 5916 1952 1948 5917 1953
4367 6 10 43 6 1948 5917 1953 1949 5918 1954
4368 6 10 43 6 1949 5918 1954 1950 5919 1955
4369 6 10 43 6 1950 5919 1955 260 1968 259
4370 6 10 43 6 155 1609 154 1911 5940 1906
4371 6 10 43 6 1911 5940 1906 1912 5941 1907
4372 6 10 43 6 1912 5941 1907 1913 5942 1908
4373 6 10 43 6 1913 5942 1908 1914 5943 1909
4374 6 10 43 6 1914 5943 1909 1915 5944 1910
4375 6 10 43 6 1915 5944 1910 254 1973 253
4376 6 10 43 6 197 1608 198 1823 5935 1828
4377 6 10 43 6 1823 5935 1828 1824 5936 1829
4378 6 10 43 6 1824 5936 1829 1825 5937 1830
4379 6 10 43 6 1825 5937 1830 1826 5938 1831
4380 6 10 43 6 1826 5938 1831 1827 5939 1832
4381 6 10 43 6 1827 5939 1832 227 1972 228
4382 6 10 43 6 1597 1605 1604 5880 5920 5915
4383 6 10 43 6 5880 5920 5915 5881 5921 5916
4384 6 10 43 6 5881 5921 5916 5882 5922 5917
4385 6 10 43 6 5882 5922 5917 5883 5923 5918
4386 6 10 43 6 5883 5923 5918 5884 5924 5919
4387 6 10 43 6 5884 5924 5919 1961 1969 1968
4388 6 10 43 6 157 1611 156 1921 5950 1916
4389 6 10 43 6 1921 5950 1916 1922 5951 1917
4390 6 10 43 6 1922 5951 1917 1923 5952 1918
4391 6 10 43 6 1923 5952 1918 1924 5953 1919
4392 6 10 43 6 1924 5953 1919 1925 5954 1920
4393 6 10 43 6 1925 5954 1920 256 1975 255
4394 6 10 43 6 1608 1619 1618 5935 5990 5985
4395 6 10 43 6 5935 5990 5985 5936 5991 5986
4396 6 10 43 6 5936 5991 5986 5937 5992 5987
4397 6 10 43 6 5937 5992 5987 5938 5993 5988
4398 6 10 43 6 5938 5993 5988 5939 5994 5989
4399 6 10 43 6 5939 5994 5989 1972 1983 1982
4400 6 10 43 6 1613 1620 1606 5960 5995 5925
4401 6 10 43 6 5960 5995 5925 5961 5996 5926
4402 6 10 43 6 5961 5996 5926 5962 5997 5927
4403 6 10 43 6 5962 5997 5927 5963 5998 5928
4404 6 10 43 6 5963 5998 5928 5964 5999 5929
4405 6 10 43 6 5964 5999 5929 1977 1984 1970
4406 6 10 43 6 1608 1618 1600 5935 5985 5895
4407 6 10 43 6 5935 5985 5895 5936 5986 5896
4408 6 10 43 6 5936 5986 5896 5937 5987 5897
4409 6 10 43 6 5937 5987 5897 5938 5988 5898
4410 6 10 43 6 5938 5988 5898 5939 5989 5899
4411 6 10 43 6 5939 5989 5899 1972 1982 1964
4412 6 10 43 6 1609 1610 1602 5940 5945 5905
4413 6 10 43 6 5940 5945 5905 5941 5946 5906
4414 6 10 43 6 5941 5946 5906 5942 5947 5907
4415 6 10 43 6 5942 5947 5907 5943 5948 5908
4416 6 10 43 6 5943 5948 5908 5944 5949 5909
4417 6 10 43 6 5944 5949 5909 1973 1974 1966
4418 6 10 43 6 1603 1620 1613 5910 5995 5960
4419 6 10 43 6 5910 5995 5960 5911 5996 5961
4420 6 10 43 6 5911 5996 5961 5912 5997 5962
4421 6 10 43 6 5912 5997 5962 5913 5998 5963
4422 6 10 43 6 5913 5998 5963 5914 5999 5964
4423 6 10 43 6 5914 5999 5964 1967 1984 1977
4424 6 10 43 6 1606 1618 1607 5925 5985 5930
4425 6 10 43 6 5925 5985 5930 5926 5986 5931
4426 6 10 43 6 5926 5986 5931 5927 5987 5932
4427 6 10 43 6 5927 5987 5932 5928 5988 5933
4428 6 10 43 6 5928 5988 5933 5929 5989 5934
4429 6 10 43 6 5929 5989 5934 1970 1982 1971
4430 6 10 43 6 1601 1617 1614 5900 5980 5965
4431 6 10 43 6 5900 5980 5965 5901 5981 5966
4432 6 10 43 6 5901 5981 5966 5902 5982 5967
4433 6 10 43 6 5902 5982 5967 5903 5983 5968
4434 6 10 43 6 5903 5983 5968 5904 5984 5969
4435 6 10 43 6 5904 5984 5969 1965 1981 1978
4436 6 10 43 6 1597 1613 1606 5880 5960 5925
4437 6 10 43 6 5880 5960 5925 5881 5961 5926
4438 6 10 43 6 5881 5961 5926 5882 5962 5927
4439 6 10 43 6 5882 5962 5927 5883 5963 5928
4440 6 10 43 6 5883 5963 5928 5884 5964 5929
4441 6 10 43 6 5884 5964 5929 1961 1977 1970
4442 6 10 43 6 198 1608 1600 1828 5935 5895
4443 6 10 43 6 1828 5935 5895 1829 5936 5896
4444 6 10 43 6 1829 5936 5896 1830 5937 5897
4445 6 10 43 6 1830 5937 5897 1831 5938 5898
4446 6 10 43 6 1831 5938 5898 1832 5939 5899
4447 6 10 43 6 1832 5939 5899 228 1972 1964
4448 6 10 43 6 154 1609 1602 1906 5940 5905
4449 6 10 43 6 1906 5940 5905 1907 5941 5906
4450 6 10 43 6 1907 5941 5906 1908 5942 5907
4451 6 10 43 6 1908 5942 5907 1909 5943 5908
4452 6 10 43 6 1909 5943 5908 1910 5944 5909
4453 6 10 43 6 1910 5944 5909 253 1973 1966
4454 6 10 43 6 6 1623 177 247 6010 1931
4455 6 10 43 6 247 6010 1931 248 6011 1932
4456 6 10 43 6 248 6011 1932 249 6012 1933
4457 6 10 43 6 249 6012 1933 250 6013 1934
4458 6 10 43 6 250 6013 1934 251 6014 1935
4459 6 10 43 6 251 6014 1935 10 1987 263
4460 6 10 43 6 4 1624 158 264 6015 1926
4461 6 10 43 6 264 6015 1926 265 6016 1927
4462 6 10 43 6 265 6016 1927 266 6017 1928
4463 6 10 43 6 266 6017 1928 267 6018 1929
4464 6 10 43 6 267 6018 1929 268 6019 1930
4465 6 10 43 6 268 6019 1930 11 1988 257
4466 6 10 43 6 1603 1613 178 5910 5960 1936
4467 6 10 43 6 5910 5960 1936 5911 5961 1937
4468 6 10 43 6 5911 5961 1937 5912 5962 1938
4469 6 10 43 6 5912 5962 1938 5913 5963 1939
4470 6 10 43 6 5913 5963 1939 5914 5964 1940
4471 6 10 43 6 5914 5964 1940 1967 1977 262
4472 6 10 43 6 179 1613 1597 1941 5960 5880
4473 6 10 43 6 1941 5960 5880 1942 5961 5881
4474 6 10 43 6 1942 5961 5881 1943 5962 5882
4475 6 10 43 6 1943 5962 5882 1944 5963 5883
4476 6 10 43 6 1944 5963 5883 1945 5964 5884
4477 6 10 43 6 1945 5964 5884 261 1977 1961
4478 6 10 43 6 182 1624 4 1956 6015 264
4479 6 10 43 6 1956 6015 264 1957 6016 265
4480 6 10 43 6 1957 6016 265 1958 6017 266
4481 6 10 43 6 1958 6017 266 1959 6018 267
4482 6 10 43 6 1959 6018 267 1960 6019 268
4483 6 10 43 6 1960 6019 268 258 1988 11
4484 6 10 43 6 200 1623 6 1838 6010 247
4485 6 10 43 6 1838 6010 247 1839 6011 248
4486 6 10 43 6 1839 6011 248 1840 6012 249
4487 6 10 43 6 1840 6012 249 1841 6013 250
4488 6 10 43 6 1841 6013 250 1842 6014 251
4489 6 10 43 6 1842 6014 251 230 1987 10
4490 6 10 43 6 1612 1614 1605 5955 5965 5920
4491 6 10 43 6 5955 5965 5920 5956 5966 5921
4492 6 10 43 6 5956 5966 5921 5957 5967 5922
4493 6 10 43 6 5957 5967 5922 5958 5968 5923
4494 6 10 43 6 5958 5968 5923 5959 5969 5924
4495 6 10 43 6 5959 5969 5924 1976 1978 1969
4496 6 10 43 6 153 1622 3 1901 6005 242
4497 6 10 43 6 1901 6005 242 1902 6006 243
4498 6 10 43 6 1902 6006 243 1903 6007 244
4499 6 10 43 6 1903 6007 244 1904 6008 245
4500 6 10 43 6 1904 6008 245 1905 6009 246
4501 6 10 43 6 1905 6009 246 252 1986 9
4502 6 10 43 6 1597 1604 180 5880 5915 1946
4503 6 10 43 6 5880 5915 1946 5881 5916 1947
4504 6 10 43 6 5881 5916 1947 5882 5917 1948
4505 6 10 43 6 5882 5917 1948 5883 5918 1949
4506 6 10 43 6 5883 5918 1949 5884 5919 1950
4507 6 10 43 6 5884 5919 1950 1961 1968 260
4508 6 10 43 6 1599 1609 155 5890 5940 1911
4509 6 10 43 6 5890 5940 1911 5891 5941 1912
4510 6 10 43 6 5891 5941 1912 5892 5942 1913
4511 6 10 43 6 5892 5942 1913 5893 5943 1914
4512 6 10 43 6 5893 5943 1914 5894 5944 1915
4513 6 10 43 6 5894 5944 1915 1963 1973 254
4514 6 10 43 6 3 1622 195 242 6005 1813
4515 6 10 43 6 242 6005 1813 243 6006 1814
4516 6 10 43 6 243 6006 1814 244 6007 1815
4517 6 10 43 6 244 6007 1815 245 6008 1816
4518 6 10 43 6 245 6008 1816 246 6009 1817
4519 6 10 43 6 246 6009 1817 9 1986 225
4520 6 10 43 6 156 1611 1599 1916 5950 5890
4521 6 10 43 6 1916 5950 5890 1917 5951 5891
4522 6 10 43 6 1917 5951 5891 1918 5952 5892
4523 6 10 43 6 1918 5952 5892 1919 5953 5893
4524 6 10 43 6 1919 5953 5893 1920 5954 5894
4525 6 10 43 6 1920 5954 5894 255 1975 1963
4526 6 10 43 6 1601 1611 157 5900 5950 1921
4527 6 10 43 6 5900 5950 1921 5901 5951 1922
4528 6 10 43 6 5901 5951 1922 5902 5952 1923
4529 6 10 43 6 5902 5952 1923 5903 5953 1924
4530 6 10 43 6 5903 5953 1924 5904 5954 1925
4531 6 10 43 6 5904 5954 1925 1965 1975 256
4532 6 10 43 6 199 1616 200 1833 5975 1838
4533 6 10 43 6 1833 5975 1838 1834 5976 1839
4534 6 10 43 6 1834 5976 1839 1835 5977 1840
4535 6 10 43 6 1835 5977 1840 1836 5978 1841
4536 6 10 43 6 1836 5978 1841 1837 5979 1842
4537 6 10 43 6 1837 5979 1842 229 1980 230
4538 6 10 43 6 181 1617 182 1951 5980 1956
4539 6 10 43 6 1951 5980 1956 1952 5981 1957
4540 6 10 43 6 1952 5981 1957 1953 5982 1958
4541 6 10 43 6 1953 5982 1958 1954 5983 1959
4542 6 10 43 6 1954 5983 1959 1955 5984 1960
4543 6 10 43 6 1955 5984 1960 259 1981 258
4544 6 10 43 6 195 1615 196 1813 5970 1818
4545 6 10 43 6 1813 5970 1818 1814 5971 1819
4546 6 10 43 6 1814 5971 1819 1815 5972 1820
4547 6 10 43 6 1815 5972 1820 1816 5973 1821
4548 6 10 43 6 1816 5973 1821 1817 5974 1822
4549 6 10 43 6 1817 5974 1822 225 1979 226
4550 6 10 43 6 1598 1608 197 5885 5935 1823
4551 6 10 43 6 5885 5935 1823 5886 5936 1824
4552 6 10 43 6 5886 5936 1824 5887 5937 1825
4553 6 10 43 6 5887 5937 1825 5888 5938 1826
4554 6 10 43 6 5888 5938 1826 5889 5939 1827
4555 6 10 43 6 5889 5939 1827 1962 1972 227
4556 6 10 43 6 1610 1619 1598 5945 5990 5885
4557 6 10 43 6 5945 5990 5885 5946 5991 5886
4558 6 10 43 6 5946 5991 5886 5947 5992 5887
4559 6 10 43 6 5947 5992 5887 5948 5993 5888
4560 6 10 43 6 5948 5993 5888 5949 5994 5889
4561 6 10 43 6 5949 5994 5889 1974 1983 1962
4562 6 10 43 6 1600 1616 199 5895 5975 1833
4563 6 10 43 6 5895 5975 1833 5896 5976 1834
4564 6 10 43 6 5896 5976 1834 5897 5977 1835
4565 6 10 43 6 5897 5977 1835 5898 5978 1836
4566 6 10 43 6 5898 5978 1836 5899 5979 1837
4567 6 10 43 6 5899 5979 1837 1964 1980 229
4568 6 10 43 6 196 1615 1598 1818 5970 5885
4569 6 10 43 6 1818 5970 5885 1819 5971 5886
4570 6 10 43 6 1819 5971 5886 1820 5972 5887
4571 6 10 43 6 1820 5972 5887 1821 5973 5888
4572 6 10 43 6 1821 5973 5888 1822 5974 5889
4573 6 10 43 6 1822 5974 5889 226 1979 1962
4574 6 10 43 6 1604 1617 181 5915 5980 1951
4575 6 10 43 6 5915 5980 1951 5916 5981 1952
4576 6 10 43 6 5916 5981 1952 5917 5982 1953
4577 6 10 43 6 5917 5982 1953 5918 5983 1954
4578 6 10 43 6 5918 5983 1954 5919 5984 1955
4579 6 10 43 6 5919 5984 1955 1968 1981 259
4580 6 10 43 6 1618 1619 1607 5985 5990 5930
4581 6 10 43 6 5985 5990 5930 5986 5991 5931
4582 6 10 43 6 5986 5991 5931 5987 5992 5932
4583 6 10 43 6 5987 5992 5932 5988 5993 5933
4584 6 10 43 6 5988 5993 5933 5989 5994 5934
4585 6 10 43 6 5989 5994 5934 1982 1983 1971
4586 6 10 43 6 1601 1614 1611 5900 5965 5950
4587 6 10 43 6 5900 5965 5950 5901 5966 5951
4588 6 10 43 6 5901 5966 5951 5902 5967 5952
4589 6 10 43 6 5902 5967 5952 5903 5968 5953
4590 6 10 43 6 5903 5968 5953 5904 5969 5954
4591 6 10 43 6 5904 5969 5954 1965 1978 1975
4592 6 10 43 6 1612 1621 1599 5955 6000 5890
4593 6 10 43 6 5955 6000 5890 5956 6001 5891
4594 6 10 43 6 5956 6001 5891 5957 6002 5892
4595 6 10 43 6 5957 6002 5892 5958 6003 5893
4596 6 10 43 6 5958 6003 5893 5959 6004 5894
4597 6 10 43 6 5959 6004 5894 1976 1985 1963
4598 6 10 43 6 1609 1621 1610 5940 6000 5945
4599 6 10 43 6 5940 6000 5945 5941 6001 5946
4600 6 10 43 6 5941 6001 5946 5942 6002 5947
4601 6 10 43 6 5942 6002 5947 5943 6003 5948
4602 6 10 43 6 5943 6003 5948 5944 6004 5949
4603 6 10 43 6 5944 6004 5949 1973 1985 1974
4604 6 10 43 6 1606 1620 1618 5925 5995 5985
4605 6 10 43 6 5925 5995 5985 5926 5996 5986
4606 6 10 43 6 5926 5996 5986 5927 5997 5987
4607 6 10 43 6 5927 5997 5987 5928 5998 5988
4608 6 10 43 6 5928 5998 5988 5929 5999 5989
4609 6 10 43 6 5929 5999 5989 1970 1984 1982
4610 6 10 43 6 1598 1619 1608 5885 5990 5935
4611 6 10 43 6 5885 5990 5935 5886 5991 5936
4612 6 10 43 6 5886 5991 5936 5887 5992 5937
4613 6 10 43 6 5887 5992 5937 5888 5993 5938
4614 6 10 43 6 5888 5993 5938 5889 5994 5939
4615 6 10 43 6 5889 5994 5939 1962 1983 1972
4616 6 10 43 6 1618 1620 1600 5985 5995 5895
4617 6 10 43 6 5985 5995 5895 5986 5996 5896
4618 6 10 43 6 5986 5996 5896 5987 5997 5897
4619 6 10 43 6 5987 5997 5897 5988 5998 5898
4620 6 10 43 6 5988 5998 5898 5989 5999 5899
4621 6 10 43 6 5989 5999 5899 1982 1984 1964
4622 6 10 43 6 1600 1620 1616 5895 5995 5975
4623 6 10 43 6 5895 5995 5975 5896 5996 5976
4624 6 10 43 6 5896 5996 5976 5897 5997 5977
4625 6 10 43 6 5897 5997 5977 5898 5998 5978
4626 6 10 43 6 5898 5998 5978 5899 5999 5979
4627 6 10 43 6 5899 5999 5979 1964 1984 1980
4628 6 10 43 6 1602 1622 153 5905 6005 1901
4629 6 10 43 6 5905 6005 1901 5906 6006 1902
4630 6 10 43 6 5906 6006 1902 5907 6007 1903
4631 6 10 43 6 5907 6007 1903 5908 6008 1904
4632 6 10 43 6 5908 6008 1904 5909 6009 1905
4633 6 10 43 6 5909 6009 1905 1966 1986 252
4634 6 10 43 6 177 1623 1603 1931 6010 5910
4635 6 10 43 6 1931 6010 5910 1932 6011 5911
4636 6 10 43 6 1932 6011 5911 1933 6012 5912
4637 6 10 43 6 1933 6012 5912 1934 6013 5913
4638 6 10 43 6 1934 6013 5913 1935 6014 5914
4639 6 10 43 6 1935 6014 5914 263 1987 1967
4640 6 10 43 6 158 1624 1601 1926 6015 5900
4641 6 10 43 6 1926 6015 5900 1927 6016 5901
4642 6 10 43 6 1927 6016 5901 1928 6017 5902
4643 6 10 43 6 1928 6017 5902 1929 6018 5903
4644 6 10 43 6 1929 6018 5903 1930 6019 5904
4645 6 10 43 6 1930 6019 5904 257 1988 1965
4646 6 10 43 6 1599 1621 1609 5890 6000 5940
4647 6 10 43 6 5890 6000 5940 5891 6001 5941
4648 6 10 43 6 5891 6001 5941 5892 6002 5942
4649 6 10 43 6 5892 6002 5942 5893 6003 5943
4650 6 10 43 6 5893 6003 5943 5894 6004 5944
4651 6 10 43 6 5894 6004 5944 1963 1985 1973
4652 6 10 43 6 1616 1620 1603 5975 5995 5910
4653 6 10 43 6 5975 5995 5910 5976 5996 5911
4654 6 10 43 6 5976 5996 5911 5977 5997 5912
4655 6 10 43 6 5977 5997 5912 5978 5998 5913
4656 6 10 43 6 5978 5998 5913 5979 5999 5914
4657 6 10 43 6 5979 5999 5914 1980 1984 1967
4658 6 10 43 6 195 1622 1615 1813 6005 5970
4659 6 10 43 6 1813 6005 5970 1814 6006 5971
4660 6 10 43 6 1814 6006 5971 1815 6007 5972
4661 6 10 43 6 1815 6007 5972 1816 6008 5973
4662 6 10 43 6 1816 6008 5973 1817 6009 5974
4663 6 10 43 6 1817 6009 5974 225 1986 1979
4664 6 10 43 6 1617 1624 182 5980 6015 1956
4665 6 10 43 6 5980 6015 1956 5981 6016 1957
4666 6 10 43 6 5981 6016 1957 5982 6017 1958
4667 6 10 43 6 5982 6017 1958 5983 6018 1959
4668 6 10 43 6 5983 6018 1959 5984 6019 1960
4669 6 10 43 6 5984 6019 1960 1981 1988 258
4670 6 10 43 6 1616 1623 200 5975 6010 1838
4671 6 10 43 6 5975 6010 1838 5976 6011 1839
4672 6 10 43 6 5976 6011 1839 5977 6012 1840
4673 6 10 43 6 5977 6012 1840 5978 6013 1841
4674 6 10 43 6 5978 6013 1841 5979 6014 1842
4675 6 10 43 6 5979 6014 1842 1980 1987 230
4676 6 10 43 6 1615 1622 1602 5970 6005 5905
4677 6 10 43 6 5970 6005 5905 5971 6006 5906
4678 6 10 43 6 5971 6006 5906 5972 6007 5907
4679 6 10 43 6 5972 6007 5907 5973 6008 5908
4680 6 10 43 6 5973 6008 5908 5974 6009 5909
4681 6 10 43 6 5974 6009 5909 1979 1986 1966
4682 6 10 43 6 1601 1624 1617 5900 6015 5980
4683 6 10 43 6 5900 6015 5980 5901 6016 5981
4684 6 10 43 6 5901 6016 5981 5902 6017 5982
4685 6 10 43 6 5902 6017 5982 5903 6018 5983
4686 6 10 43 6 5903 6018 5983 5904 6019 5984
4687 6 10 43 6 5904 6019 5984 1965 1988 1981
4688 6 10 43 6 1603 1623 1616 5910 6010 5975
4689 6 10 43 6 5910 6010 5975 5911 6011 5976
4690 6 10 43 6 5911 6011 5976 5912 6012 5977
4691 6 10 43 6 5912 6012 5977 5913 6013 5978
4692 6 10 43 6 5913 6013 5978 5914 6014 5979
4693 6 10 43 6 5914 6014 5979 1967 1987 1980
4694 6 10 44 6 1646 1649 1635 6125 6140 6070
4695 6 10 44 6 6125 6140 6070 6126 6141 6071
4696 6 10 44 6 6126 6141 6071 6127 6142 6072
4697 6 10 44 6 6127 6142 6072 6128 6143 6073
4698 6 10 44 6 6128 6143 6073 6129 6144 6074
4699 6 10 44 6 6129 6144 6074 2070 2073 2059
4700 6 10 44 6 1637 1649 1646 6080 6140 6125
4701 6 10 44 6 6080 6140 6125 6081 6141 6126
4702 6 10 44 6 6081 6141 6126 6082 6142 6127
4703 6 10 44 6 6082 6142 6127 6083 6143 6128
4704 6 10 44 6 6083 6143 6128 6084 6144 6129
4705 6 10 44 6 6084 6144 6129 2061 2073 2070
4706 6 10 44 6 1634 1635 1633 6065 6070 6060
4707 6 10 44 6 6065 6070 6060 6066 6071 6061
4708 6 10 44 6 6066 6071 6061 6067 6072 6062
4709 6 10 44 6 6067 6072 6062 6068 6073 6063
4710 6 10 44 6 6068 6073 6063 6069 6074 6064
4711 6 10 44 6 6069 6074 6064 2058 2059 2057
4712 6 10 44 6 1627 1634 1633 6030 6065 6060
4713 6 10 44 6 6030 6065 6060 6031 6066 6061
4714 6 10 44 6 6031 6066 6061 6032 6067 6062
4715 6 10 44 6 6032 6067 6062 6033 6068 6063
4716 6 10 44 6 6033 6068 6063 6034 6069 6064
4717 6 10 44 6 6034 6069 6064 2051 2058 2057
4718 6 10 44 6 1642 1645 1632 6105 6120 6055
4719 6 10 44 6 6105 6120 6055 6106 6121 6056
4720 6 10 44 6 6106 6121 6056 6107 6122 6057
4721 6 10 44 6 6107 6122 6057 6108 6123 6058
4722 6 10 44 6 6108 6123 6058 6109 6124 6059
4723 6 10 44 6 6109 6124 6059 2066 2069 2056
4724 6 10 44 6 1635 1649 1640 6070 6140 6095
4725 6 10 44 6 6070 6140 6095 6071 6141 6096
4726 6 10 44 6 6071 6141 6096 6072 6142 6097
4727 6 10 44 6 6072 6142 6097 6073 6143 6098
4728 6 10 44 6 6073 6143 6098 6074 6144 6099
4729 6 10 44 6 6074 6144 6099 2059 2073 2064
4730 6 10 44 6 1633 1642 1632 6060 6105 6055
4731 6 10 44 6 6060 6105 6055 6061 6106 6056
4732 6 10 44 6 6061 6106 6056 6062 6107 6057
4733 6 10 44 6 6062 6107 6057 6063 6108 6058
4734 6 10 44 6 6063 6108 6058 6064 6109 6059
4735 6 10 44 6 6064 6109 6059 2057 2066 2056
4736 6 10 44 6 1628 1644 1637 6035 6115 6080
4737 6 10 44 6 6035 6115 6080 6036 6116 6081
4738 6 10 44 6 6036 6116 6081 6037 6117 6082
4739 6 10 44 6 6037 6117 6082 6038 6118 6083
4740 6 10 44 6 6038 6118 6083 6039 6119 6084
4741 6 10 44 6 6039 6119 6084 2052 2068 2061
4742 6 10 44 6 1639 1640 1625 6090 6095 6020
4743 6 10 44 6 6090 6095 6020 6091 6096 6021
4744 6 10 44 6 6091 6096 6021 6092 6097 6022
4745 6 10 44 6 6092 6097 6022 6093 6098 6023
4746 6 10 44 6 6093 6098 6023 6094 6099 6024
4747 6 10 44 6 6094 6099 6024 2063 2064 2049
4748 6 10 44 6 1635 1640 1633 6070 6095 6060
4749 6 10 44 6 6070 6095 6060 6071 6096 6061
4750 6 10 44 6 6071 6096 6061 6072 6097 6062
4751 6 10 44 6 6072 6097 6062 6073 6098 6063
4752 6 10 44 6 6073 6098 6063 6074 6099 6064
4753 6 10 44 6 6074 6099 6064 2059 2064 2057
4754 6 10 44 6 201 1630 202 2019 6045 2024
4755 6 10 44 6 2019 6045 2024 2020 6046 2025
4756 6 10 44 6 2020 6046 2025 2021 6047 2026
4757 6 10 44 6 2021 6047 2026 2022 6048 2027
4758 6 10 44 6 2022 6048 2027 2023 6049 2028
4759 6 10 44 6 2023 6049 2028 280 2054 279
4760 6 10 44 6 203 1627 204 2029 6030 2034
4761 6 10 44 6 2029 6030 2034 2030 6031 2035
4762 6 10 44 6 2030 6031 2035 2031 6032 2036
4763 6 10 44 6 2031 6032 2036 2032 6033 2037
4764 6 10 44 6 2032 6033 2037 2033 6034 2038
4765 6 10 44 6 2033 6034 2038 278 2051 277
4766 6 10 44 6 160 1631 159 1994 6050 1989
4767 6 10 44 6 1994 6050 1989 1995 6051 1990
4768 6 10 44 6 1995 6051 1990 1996 6052 1991
4769 6 10 44 6 1996 6052 1991 1997 6053 1992
4770 6 10 44 6 1997 6053 1992 1998 6054 1993
4771 6 10 44 6 1998 6054 1993 270 2055 269
4772 6 10 44 6 181 1628 180 1951 6035 1946
4773 6 10 44 6 1951 6035 1946 1952 6036 1947
4774 6 10 44 6 1952 6036 1947 1953 6037 1948
4775 6 10 44 6 1953 6037 1948 1954 6038 1949
4776 6 10 44 6 1954 6038 1949 1955 6039 1950
4777 6 10 44 6 1955 6039 1950 259 2052 260
4778 6 10 44 6 162 1625 161 2004 6020 1999
4779 6 10 44 6 2004 6020 1999 2005 6021 2000
4780 6 10 44 6 2005 6021 2000 2006 6022 2001
4781 6 10 44 6 2006 6022 2001 2007 6023 2002
4782 6 10 44 6 2007 6023 2002 2008 6024 2003
4783 6 10 44 6 2008 6024 2003 272 2049 271
4784 6 10 44 6 179 1626 178 1941 6025 1936
4785 6 10 44 6 1941 6025 1936 1942 6026 1937
4786 6 10 44 6 1942 6026 1937 1943 6027 1938
4787 6 10 44 6 1943 6027 1938 1944 6028 1939
4788 6 10 44 6 1944 6028 1939 1945 6029 1940
4789 6 10 44 6 1945 6029 1940 261 2050 262
4790 6 10 44 6 164 1629 163 2014 6040 2009
4791 6 10 44 6 2014 6040 2009 2015 6041 2010
4792 6 10 44 6 2015 6041 2010 2016 6042 2011
4793 6 10 44 6 2016 6042 2011 2017 6043 2012
4794 6 10 44 6 2017 6043 2012 2018 6044 2013
4795 6 10 44 6 2018 6044 2013 274 2053 273
4796 6 10 44 6 1634 1647 1635 6065 6130 6070
4797 6 10 44 6 6065 6130 6070 6066 6131 6071
4798 6 10 44 6 6066 6131 6071 6067 6132 6072
4799 6 10 44 6 6067 6132 6072 6068 6133 6073
4800 6 10 44 6 6068 6133 6073 6069 6134 6074
4801 6 10 44 6 6069 6134 6074 2058 2071 2059
4802 6 10 44 6 1639 1642 1640 6090 6105 6095
4803 6 10 44 6 6090 6105 6095 6091 6106 6096
4804 6 10 44 6 6091 6106 6096 6092 6107 6097
4805 6 10 44 6 6092 6107 6097 6093 6108 6098
4806 6 10 44 6 6093 6108 6098 6094 6109 6099
4807 6 10 44 6 6094 6109 6099 2063 2066 2064
4808 6 10 44 6 1637 1644 1631 6080 6115 6050
4809 6 10 44 6 6080 6115 6050 6081 6116 6051
4810 6 10 44 6 6081 6116 6051 6082 6117 6052
4811 6 10 44 6 6082 6117 6052 6083 6118 6053
4812 6 10 44 6 6083 6118 6053 6084 6119 6054
4813 6 10 44 6 6084 6119 6054 2061 2068 2055
4814 6 10 44 6 202 1641 203 2024 6100 2029
4815 6 10 44 6 2024 6100 2029 2025 6101 2030
4816 6 10 44 6 2025 6101 2030 2026 6102 2031
4817 6 10 44 6 2026 6102 2031 2027 6103 2032
4818 6 10 44 6 2027 6103 2032 2028 6104 2033
4819 6 10 44 6 2028 6104 2033 279 2065 278
4820 6 10 44 6 204 1632 205 2034 6055 2039
4821 6 10 44 6 2034 6055 2039 2035 6056 2040
4822 6 10 44 6 2035 6056 2040 2036 6057 2041
4823 6 10 44 6 2036 6057 2041 2037 6058 2042
4824 6 10 44 6 2037 6058 2042 2038 6059 2043
4825 6 10 44 6 2038 6059 2043 277 2056 276
4826 6 10 44 6 161 1636 160 1999 6075 1994
4827 6 10 44 6 1999 6075 1994 2000 6076 1995
4828 6 10 44 6 2000 6076 1995 2001 6077 1996
4829 6 10 44 6 2001 6077 1996 2002 6078 1997
4830 6 10 44 6 2002 6078 1997 2003 6079 1998
4831 6 10 44 6 2003 6079 1998 271 2060 270
4832 6 10 44 6 1627 1633 1632 6030 6060 6055
4833 6 10 44 6 6030 6060 6055 6031 6061 6056
4834 6 10 44 6 6031 6061 6056 6032 6062 6057
4835 6 10 44 6 6032 6062 6057 6033 6063 6058
4836 6 10 44 6 6033 6063 6058 6034 6064 6059
4837 6 10 44 6 6034 6064 6059 2051 2057 2056
4838 6 10 44 6 163 1639 162 2009 6090 2004
4839 6 10 44 6 2009 6090 2004 2010 6091 2005
4840 6 10 44 6 2010 6091 2005 2011 6092 2006
4841 6 10 44 6 2011 6092 2006 2012 6093 2007
4842 6 10 44 6 2012 6093 2007 2013 6094 2008
4843 6 10 44 6 2013 6094 2008 273 2063 272
4844 6 10 44 6 1641 1648 1634 6100 6135 6065
4845 6 10 44 6 6100 6135 6065 6101 6136 6066
4846 6 10 44 6 6101 6136 6066 6102 6137 6067
4847 6 10 44 6 6102 6137 6067 6103 6138 6068
4848 6 10 44 6 6103 6138 6068 6104 6139 6069
4849 6 10 44 6 6104 6139 6069 2065 2072 2058
4850 6 10 44 6 180 1638 179 1946 6085 1941
4851 6 10 44 6 1946 6085 1941 1947 6086 1942
4852 6 10 44 6 1947 6086 1942 1948 6087 1943
4853 6 10 44 6 1948 6087 1943 1949 6088 1944
4854 6 10 44 6 1949 6088 1944 1950 6089 1945
4855 6 10 44 6 1950 6089 1945 260 2062 261
4856 6 10 44 6 1636 1637 1631 6075 6080 6050
4857 6 10 44 6 6075 6080 6050 6076 6081 6051
4858 6 10 44 6 6076 6081 6051 6077 6082 6052
4859 6 10 44 6 6077 6082 6052 6078 6083 6053
4860 6 10 44 6 6078 6083 6053 6079 6084 6054
4861 6 10 44 6 6079 6084 6054 2060 2061 2055
4862 6 10 44 6 1630 1648 1641 6045 6135 6100
4863 6 10 44 6 6045 6135 6100 6046 6136 6101
4864 6 10 44 6 6046 6136 6101 6047 6137 6102
4865 6 10 44 6 6047 6137 6102 6048 6138 6103
4866 6 10 44 6 6048 6138 6103 6049 6139 6104
4867 6 10 44 6 6049 6139 6104 2054 2072 2065
4868 6 10 44 6 1629 1645 1642 6040 6120 6105
4869 6 10 44 6 6040 6120 6105 6041 6121 6106
4870 6 10 44 6 6041 6121 6106 6042 6122 6107
4871 6 10 44 6 6042 6122 6107 6043 6123 6108
4872 6 10 44 6 6043 6123 6108 6044 6124 6109
4873 6 10 44 6 6044 6124 6109 2053 2069 2066
4874 6 10 44 6 1627 1641 1634 6030 6100 6065
4875 6 10 44 6 6030 6100 6065 6031 6101 6066
4876 6 10 44 6 6031 6101 6066 6032 6102 6067
4877 6 10 44 6 6032 6102 6067 6033 6103 6068
4878 6 10 44 6 6033 6103 6068 6034 6104 6069
4879 6 10 44 6 6034 6104 6069 2051 2065 2058
4880 6 10 44 6 1646 1647 1638 6125 6130 6085
4881 6 10 44 6 6125 6130 6085 6126 6131 6086
4882 6 10 44 6 6126 6131 6086 6127 6132 6087
4883 6 10 44 6 6127 6132 6087 6128 6133 6088
4884 6 10 44 6 6128 6133 6088 6129 6134 6089
4885 6 10 44 6 6129 6134 6089 2070 2071 2062
4886 6 10 44 6 160 1636 1631 1994 6075 6050
4887 6 10 44 6 1994 6075 6050 1995 6076 6051
4888 6 10 44 6 1995 6076 6051 1996 6077 6052
4889 6 10 44 6 1996 6077 6052 1997 6078 6053
4890 6 10 44 6 1997 6078 6053 1998 6079 6054
4891 6 10 44 6 1998 6079 6054 270 2060 2055
4892 6 10 44 6 5 1651 164 281 6150 2014
4893 6 10 44 6 281 6150 2014 282 6151 2015
4894 6 10 44 6 282 6151 2015 283 6152 2016
4895 6 10 44 6 283 6152 2016 284 6153 2017
4896 6 10 44 6 284 6153 2017 285 6154 2018
4897 6 10 44 6 285 6154 2018 12 2075 274
4898 6 10 44 6 6 1650 201 247 6145 2019
4899 6 10 44 6 247 6145 2019 248 6146 2020
4900 6 10 44 6 248 6146 2020 249 6147 2021
4901 6 10 44 6 249 6147 2021 250 6148 2022
4902 6 10 44 6 250 6148 2022 251 6149 2023
4903 6 10 44 6 251 6149 2023 10 2074 280
4904 6 10 44 6 1630 1641 202 6045 6100 2024
4905 6 10 44 6 6045 6100 2024 6046 6101 2025
4906 6 10 44 6 6046 6101 2025 6047 6102 2026
4907 6 10 44 6 6047 6102 2026 6048 6103 2027
4908 6 10 44 6 6048 6103 2027 6049 6104 2028
4909 6 10 44 6 6049 6104 2028 2054 2065 279
4910 6 10 44 6 203 1641 1627 2029 6100 6030
4911 6 10 44 6 2029 6100 6030 2030 6101 6031
4912 6 10 44 6 2030 6101 6031 2031 6102 6032
4913 6 10 44 6 2031 6102 6032 2032 6103 6033
4914 6 10 44 6 2032 6103 6033 2033 6104 6034
4915 6 10 44 6 2033 6104 6034 278 2065 2051
4916 6 10 44 6 177 1650 6 1931 6145 247
4917 6 10 44 6 1931 6145 247 1932 6146 248
4918 6 10 44 6 1932 6146 248 1933 6147 249
4919 6 10 44 6 1933 6147 249 1934 6148 250
4920 6 10 44 6 1934 6148 250 1935 6149 251
4921 6 10 44 6 1935 6149 251 263 2074 10
4922 6 10 44 6 206 1651 5 2044 6150 281
4923 6 10 44 6 2044 6150 281 2045 6151 282
4924 6 10 44 6 2045 6151 282 2046 6152 283
4925 6 10 44 6 2046 6152 283 2047 6153 284
4926 6 10 44 6 2047 6153 284 2048 6154 285
4927 6 10 44 6 2048 6154 285 275 2075 12
4928 6 10 44 6 1640 1642 1633 6095 6105 6060
4929 6 10 44 6 6095 6105 6060 6096 6106 6061
4930 6 10 44 6 6096 6106 6061 6097 6107 6062
4931 6 10 44 6 6097 6107 6062 6098 6108 6063
4932 6 10 44 6 6098 6108 6063 6099 6109 6064
4933 6 10 44 6 6099 6109 6064 2064 2066 2057
4934 6 10 44 6 159 1652 4 1989 6155 264
4935 6 10 44 6 1989 6155 264 1990 6156 265
4936 6 10 44 6 1990 6156 265 1991 6157 266
4937 6 10 44 6 1991 6157 266 1992 6158 267
4938 6 10 44 6 1992 6158 267 1993 6159 268
4939 6 10 44 6 1993 6159 268 269 2076 11
4940 6 10 44 6 1627 1632 204 6030 6055 2034
4941 6 10 44 6 6030 6055 2034 6031 6056 2035
4942 6 10 44 6 6031 6056 2035 6032 6057 2036
4943 6 10 44 6 6032 6057 2036 6033 6058 2037
4944 6 10 44 6 6033 6058 2037 6034 6059 2038
4945 6 10 44 6 6034 6059 2038 2051 2056 277
4946 6 10 44 6 1625 1636 161 6020 6075 1999
4947 6 10 44 6 6020 6075 1999 6021 6076 2000
4948 6 10 44 6 6021 6076 2000 6022 6077 2001
4949 6 10 44 6 6022 6077 2001 6023 6078 2002
4950 6 10 44 6 6023 6078 2002 6024 6079 2003
4951 6 10 44 6 6024 6079 2003 2049 2060 271
4952 6 10 44 6 4 1652 182 264 6155 1956
4953 6 10 44 6 264 6155 1956 265 6156 1957
4954 6 10 44 6 265 6156 1957 266 6157 1958
4955 6 10 44 6 266 6157 1958 267 6158 1959
4956 6 10 44 6 267 6158 1959 268 6159 1960
4957 6 10 44 6 268 6159 1960 11 2076 258
4958 6 10 44 6 162 1639 1625 2004 6090 6020
4959 6 10 44 6 2004 6090 6020 2005 6091 6021
4960 6 10 44 6 2005 6091 6021 2006 6092 6022
4961 6 10 44 6 2006 6092 6022 2007 6093 6023
4962 6 10 44 6 2007 6093 6023 2008 6094 6024
4963 6 10 44 6 2008 6094 6024 272 2063 2049
4964 6 10 44 6 1629 1639 163 6040 6090 2009
4965 6 10 44 6 6040 6090 2009 6041 6091 2010
4966 6 10 44 6 6041 6091 2010 6042 6092 2011
4967 6 10 44 6 6042 6092 2011 6043 6093 2012
4968 6 10 44 6 6043 6093 2012 6044 6094 2013
4969 6 10 44 6 6044 6094 2013 2053 2063 273
4970 6 10 44 6 1635 1647 1646 6070 6130 6125
4971 6 10 44 6 6070 6130 6125 6071 6131 6126
4972 6 10 44 6 6071 6131 6126 6072 6132 6127
4973 6 10 44 6 6072 6132 6127 6073 6133 6128
4974 6 10 44 6 6073 6133 6128 6074 6134 6129
4975 6 10 44 6 6074 6134 6129 2059 2071 2070
4976 6 10 44 6 182 1644 181 1956 6115 1951
4977 6 10 44 6 1956 6115 1951 1957 6116 1952
4978 6 10 44 6 1957 6116 1952 1958 6117 1953
4979 6 10 44 6 1958 6117 1953 1959 6118 1954
4980 6 10 44 6 1959 6118 1954 1960 6119 1955
4981 6 10 44 6 1960 6119 1955 258 2068 259
4982 6 10 44 6 178 1643 177 1936 6110 1931
4983 6 10 44 6 1936 6110 1931 1937 6111 1932
4984 6 10 44 6 1937 6111 1932 1938 6112 1933
4985 6 10 44 6 1938 6112 1933 1939 6113 1934
4986 6 10 44 6 1939 6113 1934 1940 6114 1935
4987 6 10 44 6 1940 6114 1935 262 2067 263
4988 6 10 44 6 205 1645 206 2039 6120 2044
4989 6 10 44 6 2039 6120 2044 2040 6121 2045
4990 6 10 44 6 2040 6121 2045 2041 6122 2046
4991 6 10 44 6 2041 6122 2046 2042 6123 2047
4992 6 10 44 6 2042 6123 2047 2043 6124 2048
4993 6 10 44 6 2043 6124 2048 276 2069 275
4994 6 10 44 6 1628 1638 180 6035 6085 1946
4995 6 10 44 6 6035 6085 1946 6036 6086 1947
4996 6 10 44 6 6036 6086 1947 6037 6087 1948
4997 6 10 44 6 6037 6087 1948 6038 6088 1949
4998 6 10 44 6 6038 6088 1949 6039 6089 1950
4999 6 10 44 6 6039 6089 1950 2052 2062 260
5000 6 10 44 6 179 1638 1626 1941 6085 6025
5001 6 10 44 6 1941 6085 6025 1942 6086 6026
5002 6 10 44 6 1942 6086 6026 1943 6087 6027
5003 6 10 44 6 1943 6087 6027 1944 6088 6028
5004 6 10 44 6 1944 6088 6028 1945 6089 6029
5005 6 10 44 6 1945 6089 6029 261 2062 2050
5006 6 10 44 6 1637 1646 1628 6080 6125 6035
5007 6 10 44 6 6080 6125 6035 6081 6126 6036
5008 6 10 44 6 6081 6126 6036 6082 6127 6037
5009 6 10 44 6 6082 6127 6037 6083 6128 6038
5010 6 10 44 6 6083 6128 6038 6084 6129 6039
5011 6 10 44 6 6084 6129 6039 2061 2070 2052
5012 6 10 44 6 181 1644 1628 1951 6115 6035
5013 6 10 44 6 1951 6115 6035 1952 6116 6036
5014 6 10 44 6 1952 6116 6036 1953 6117 6037
5015 6 10 44 6 1953 6117 6037 1954 6118 6038
5016 6 10 44 6 1954 6118 6038 1955 6119 6039
5017 6 10 44 6 1955 6119 6039 259 2068 2052
5018 6 10 44 6 1626 1643 178 6025 6110 1936
5019 6 10 44 6 6025 6110 1936 6026 6111 1937
5020 6 10 44 6 6026 6111 1937 6027 6112 1938
5021 6 10 44 6 6027 6112 1938 6028 6113 1939
5022 6 10 44 6 6028 6113 1939 6029 6114 1940
5023 6 10 44 6 6029 6114 1940 2050 2067 262
5024 6 10 44 6 1632 1645 205 6055 6120 2039
5025 6 10 44 6 6055 6120 2039 6056 6121 2040
5026 6 10 44 6 6056 6121 2040 6057 6122 2041
5027 6 10 44 6 6057 6122 2041 6058 6123 2042
5028 6 10 44 6 6058 6123 2042 6059 6124 2043
5029 6 10 44 6 6059 6124 2043 2056 2069 276
5030 6 10 44 6 1634 1648 1647 6065 6135 6130
5031 6 10 44 6 6065 6135 6130 6066 6136 6131
5032 6 10 44 6 6066 6136 6131 6067 6137 6132
5033 6 10 44 6 6067 6137 6132 6068 6138 6133
5034 6 10 44 6 6068 6138 6133 6069 6139 6134
5035 6 10 44 6 6069 6139 6134 2058 2072 2071
5036 6 10 44 6 1638 1647 1626 6085 6130 6025
5037 6 10 44 6 6085 6130 6025 6086 6131 6026
5038 6 10 44 6 6086 6131 6026 6087 6132 6027
5039 6 10 44 6 6087 6132 6027 6088 6133 6028
5040 6 10 44 6 6088 6133 6028 6089 6134 6029
5041 6 10 44 6 6089 6134 6029 2062 2071 2050
5042 6 10 44 6 1629 1642 1639 6040 6105 6090
5043 6 10 44 6 6040 6105 6090 6041 6106 6091
5044 6 10 44 6 6041 6106 6091 6042 6107 6092
5045 6 10 44 6 6042 6107 6092 6043 6108 6093
5046 6 10 44 6 6043 6108 6093 6044 6109 6094
5047 6 10 44 6 6044 6109 6094 2053 2066 2063
5048 6 10 44 6 1628 1646 1638 6035 6125 6085
5049 6 10 44 6 6035 6125 6085 6036 6126 6086
5050 6 10 44 6 6036 6126 6086 6037 6127 6087
5051 6 10 44 6 6037 6127 6087 6038 6128 6088
5052 6 10 44 6 6038 6128 6088 6039 6129 6089
5053 6 10 44 6 6039 6129 6089 2052 2070 2062
5054 6 10 44 6 1640 1649 1625 6095 6140 6020
5055 6 10 44 6 6095 6140 6020 6096 6141 6021
5056 6 10 44 6 6096 6141 6021 6097 6142 6022
5057 6 10 44 6 6097 6142 6022 6098 6143 6023
5058 6 10 44 6 6098 6143 6023 6099 6144 6024
5059 6 10 44 6 6099 6144 6024 2064 2073 2049
5060 6 10 44 6 1636 1649 1637 6075 6140 6080
5061 6 10 44 6 6075 6140 6080 6076 6141 6081
5062 6 10 44 6 6076 6141 6081 6077 6142 6082
5063 6 10 44 6 6077 6142 6082 6078 6143 6083
5064 6 10 44 6 6078 6143 6083 6079 6144 6084
5065 6 10 44 6 6079 6144 6084 2060 2073 2061
5066 6 10 44 6 1626 1648 1643 6025 6135 6110
5067 6 10 44 6 6025 6135 6110 6026 6136 6111
5068 6 10 44 6 6026 6136 6111 6027 6137 6112
5069 6 10 44 6 6027 6137 6112 6028 6138 6113
5070 6 10 44 6 6028 6138 6113 6029 6139 6114
5071 6 10 44 6 6029 6139 6114 2050 2072 2067
5072 6 10 44 6 1631 1652 159 6050 6155 1989
5073 6 10 44 6 6050 6155 1989 6051 6156 1990
5074 6 10 44 6 6051 6156 1990 6052 6157 1991
5075 6 10 44 6 6052 6157 1991 6053 6158 1992
5076 6 10 44 6 6053 6158 1992 6054 6159 1993
5077 6 10 44 6 6054 6159 1993 2055 2076 269
5078 6 10 44 6 164 1651 1629 2014 6150 6040
5079 6 10 44 6 2014 6150 6040 2015 6151 6041
5080 6 10 44 6 2015 6151 6041 2016 6152 6042
5081 6 10 44 6 2016 6152 6042 2017 6153 6043
5082 6 10 44 6 2017 6153 6043 2018 6154 6044
5083 6 10 44 6 2018 6154 6044 274 2075 2053
5084 6 10 44 6 201 1650 1630 2019 6145 6045
5085 6 10 44 6 2019 6145 6045 2020 6146 6046
5086 6 10 44 6 2020 6146 6046 2021 6147 6047
5087 6 10 44 6 2021 6147 6047 2022 6148 6048
5088 6 10 44 6 2022 6148 6048 2023 6149 6049
5089 6 10 44 6 2023 6149 6049 280 2074 2054
5090 6 10 44 6 1625 1649 1636 6020 6140 6075
5091 6 10 44 6 6020 6140 6075 6021 6141 6076
5092 6 10 44 6 6021 6141 6076 6022 6142 6077
5093 6 10 44 6 6022 6142 6077 6023 6143 6078
5094 6 10 44 6 6023 6143 6078 6024 6144 6079
5095 6 10 44 6 6024 6144 6079 2049 2073 2060
5096 6 10 44 6 1647 1648 1626 6130 6135 6025
5097 6 10 44 6 6130 6135 6025 6131 6136 6026
5098 6 10 44 6 6131 6136 6026 6132 6137 6027
5099 6 10 44 6 6132 6137 6027 6133 6138 6028
5100 6 10 44 6 6133 6138 6028 6134 6139 6029
5101 6 10 44 6 6134 6139 6029 2071 2072 2050
5102 6 10 44 6 1643 1648 1630 6110 6135 6045
5103 6 10 44 6 6110 6135 6045 6111 6136 6046
5104 6 10 44 6 6111 6136 6046 6112 6137 6047
5105 6 10 44 6 6112 6137 6047 6113 6138 6048
5106 6 10 44 6 6113 6138 6048 6114 6139 6049
5107 6 10 44 6 6114 6139 6049 2067 2072 2054
5108 6 10 44 6 182 1652 1644 1956 6155 6115
5109 6 10 44 6 1956 6155 6115 1957 6156 6116
5110 6 10 44 6 1957 6156 6116 1958 6157 6117
5111 6 10 44 6 1958 6157 6117 1959 6158 6118
5112 6 10 44 6 1959 6158 6118 1960 6159 6119
5113 6 10 44 6 1960 6159 6119 258 2076 2068
5114 6 10 44 6 1643 1650 177 6110 6145 1931
5115 6 10 44 6 6110 6145 1931 6111 6146 1932
5116 6 10 44 6 6111 6146 1932 6112 6147 1933
5117 6 10 44 6 6112 6147 1933 6113 6148 1934
5118 6 10 44 6 6113 6148 1934 6114 6149 1935
5119 6 10 44 6 6114 6149 1935 2067 2074 263
5120 6 10 44 6 1645 1651 206 6120 6150 2044
5121 6 10 44 6 6120 6150 2044 6121 6151 2045
5122 6 10 44 6 6121 6151 2045 6122 6152 2046
5123 6 10 44 6 6122 6152 2046 6123 6153 2047
5124 6 10 44 6 6123 6153 2047 6124 6154 2048
5125 6 10 44 6 6124 6154 2048 2069 2075 275
5126 6 10 44 6 1644 1652 1631 6115 6155 6050
5127 6 10 44 6 6115 6155 6050 6116 6156 6051
5128 6 10 44 6 6116 6156 6051 6117 6157 6052
5129 6 10 44 6 6117 6157 6052 6118 6158 6053
5130 6 10 44 6 6118 6158 6053 6119 6159 6054
5131 6 10 44 6 6119 6159 6054 2068 2076 2055
5132 6 10 44 6 1629 1651 1645 6040 6150 6120
5133 6 10 44 6 6040 6150 6120 6041 6151 6121
5134 6 10 44 6 6041 6151 6121 6042 6152 6122
5135 6 10 44 6 6042 6152 6122 6043 6153 6123
5136 6 10 44 6 6043 6153 6123 6044 6154 6124
5137 6 10 44 6 6044 6154 6124 2053 2075 2069
5138 6 10 44 6 1630 1650 1643 6045 6145 6110
5139 6 10 44 6 6045 6145 6110 6046 6146 6111
5140 6 10 44 6 6046 6146 6111 6047 6147 6112
5141 6 10 44 6 6047 6147 6112 6048 6148 6113
5142 6 10 44 6 6048 6148 6113 6049 6149 6114
5143 6 10 44 6 6049 6149 6114 2054 2074 2067
5144 6 10 45 6 206 5 165 2044 281 2077
5145 6 10 45 6 2044 281 2077 2045 282 2078
5146 6 10 45 6 2045 282 2078 2046 283 2079
5147 6 10 45 6 2046 283 2079 2047 284 2080
5148 6 10 45 6 2047 284 2080 2048 285 2081
5149 6 10 45 6 2048 285 2081 275 12 286
5150 6 10 45 6 1665 1670 1657 6220 6245 6180
5151 6 10 45 6 6220 6245 6180 6221 6246 6181
5152 6 10 45 6 6221 6246 6181 6222 6247 6182
5153 6 10 45 6 6222 6247 6182 6223 6248 6183
5154 6 10 45 6 6223 6248 6183 6224 6249 6184
5155 6 10 45 6 6224 6249 6184 2119 2124 2111
5156 6 10 45 6 1665 1668 1664 6220 6235 6215
5157 6 10 45 6 6220 6235 6215 6221 6236 6216
5158 6 10 45 6 6221 6236 6216 6222 6237 6217
5159 6 10 45 6 6222 6237 6217 6223 6238 6218
5160 6 10 45 6 6223 6238 6218 6224 6239 6219
5161 6 10 45 6 6224 6239 6219 2119 2122 2118
5162 6 10 45 6 165 1656 206 2077 6175 2044
5163 6 10 45 6 2077 6175 2044 2078 6176 2045
5164 6 10 45 6 2078 6176 2045 2079 6177 2046
5165 6 10 45 6 2079 6177 2046 2080 6178 2047
5166 6 10 45 6 2080 6178 2047 2081 6179 2048
5167 6 10 45 6 2081 6179 2048 286 2110 275
5168 6 10 45 6 1666 1670 1665 6225 6245 6220
5169 6 10 45 6 6225 6245 6220 6226 6246 6221
5170 6 10 45 6 6226 6246 6221 6227 6247 6222
5171 6 10 45 6 6227 6247 6222 6228 6248 6223
5172 6 10 45 6 6228 6248 6223 6229 6249 6224
5173 6 10 45 6 6229 6249 6224 2120 2124 2119
5174 6 10 45 6 1664 1668 1655 6215 6235 6170
5175 6 10 45 6 6215 6235 6170 6216 6236 6171
5176 6 10 45 6 6216 6236 6171 6217 6237 6172
5177 6 10 45 6 6217 6237 6172 6218 6238 6173
5178 6 10 45 6 6218 6238 6173 6219 6239 6174
5179 6 10 45 6 6219 6239 6174 2118 2122 2109
5180 6 10 45 6 166 1656 165 2082 6175 2077
5181 6 10 45 6 2082 6175 2077 2083 6176 2078
5182 6 10 45 6 2083 6176 2078 2084 6177 2079
5183 6 10 45 6 2084 6177 2079 2085 6178 2080
5184 6 10 45 6 2085 6178 2080 2086 6179 2081
5185 6 10 45 6 2086 6179 2081 287 2110 286
5186 6 10 45 6 206 1656 205 2044 6175 2039
5187 6 10 45 6 2044 6175 2039 2045 6176 2040
5188 6 10 45 6 2045 6176 2040 2046 6177 2041
5189 6 10 45 6 2046 6177 2041 2047 6178 2042
5190 6 10 45 6 2047 6178 2042 2048 6179 2043
5191 6 10 45 6 2048 6179 2043 275 2110 276
5192 6 10 45 6 1656 1672 205 6175 6255 2039
5193 6 10 45 6 6175 6255 2039 6176 6256 2040
5194 6 10 45 6 6176 6256 2040 6177 6257 2041
5195 6 10 45 6 6177 6257 2041 6178 6258 2042
5196 6 10 45 6 6178 6258 2042 6179 6259 2043
5197 6 10 45 6 6179 6259 2043 2110 2126 276
5198 6 10 45 6 1657 1668 1665 6180 6235 6220
5199 6 10 45 6 6180 6235 6220 6181 6236 6221
5200 6 10 45 6 6181 6236 6221 6182 6237 6222
5201 6 10 45 6 6182 6237 6222 6183 6238 6223
5202 6 10 45 6 6183 6238 6223 6184 6239 6224
5203 6 10 45 6 6184 6239 6224 2111 2122 2119
5204 6 10 45 6 166 1659 1656 2082 6190 6175
5205 6 10 45 6 2082 6190 6175 2083 6191 6176
5206 6 10 45 6 2083 6191 6176 2084 6192 6177
5207 6 10 45 6 2084 6192 6177 2085 6193 6178
5208 6 10 45 6 2085 6193 6178 2086 6194 6179
5209 6 10 45 6 2086 6194 6179 287 2113 2110
5210 6 10 45 6 167 1659 166 2087 6190 2082
5211 6 10 45 6 2087 6190 2082 2088 6191 2083
5212 6 10 45 6 2088 6191 2083 2089 6192 2084
5213 6 10 45 6 2089 6192 2084 2090 6193 2085
5214 6 10 45 6 2090 6193 2085 2091 6194 2086
5215 6 10 45 6 2091 6194 2086 288 2113 287
5216 6 10 45 6 1661 1664 1655 6200 6215 6170
5217 6 10 45 6 6200 6215 6170 6201 6216 6171
5218 6 10 45 6 6201 6216 6171 6202 6217 6172
5219 6 10 45 6 6202 6217 6172 6203 6218 6173
5220 6 10 45 6 6203 6218 6173 6204 6219 6174
5221 6 10 45 6 6204 6219 6174 2115 2118 2109
5222 6 10 45 6 1654 1659 167 6165 6190 2087
5223 6 10 45 6 6165 6190 2087 6166 6191 2088
5224 6 10 45 6 6166 6191 2088 6167 6192 2089
5225 6 10 45 6 6167 6192 2089 6168 6193 2090
5226 6 10 45 6 6168 6193 2090 6169 6194 2091
5227 6 10 45 6 6169 6194 2091 2108 2113 288
5228 6 10 45 6 1661 1672 1656 6200 6255 6175
5229 6 10 45 6 6200 6255 6175 6201 6256 6176
5230 6 10 45 6 6201 6256 6176 6202 6257 6177
5231 6 10 45 6 6202 6257 6177 6203 6258 6178
5232 6 10 45 6 6203 6258 6178 6204 6259 6179
5233 6 10 45 6 6204 6259 6179 2115 2126 2110
5234 6 10 45 6 1655 1672 1661 6170 6255 6200
5235 6 10 45 6 6170 6255 6200 6171 6256 6201
5236 6 10 45 6 6171 6256 6201 6172 6257 6202
5237 6 10 45 6 6172 6257 6202 6173 6258 6203
5238 6 10 45 6 6173 6258 6203 6174 6259 6204
5239 6 10 45 6 6174 6259 6204 2109 2126 2115
5240 6 10 45 6 1660 1661 1659 6195 6200 6190
5241 6 10 45 6 6195 6200 6190 6196 6201 6191
5242 6 10 45 6 6196 6201 6191 6197 6202 6192
5243 6 10 45 6 6197 6202 6192 6198 6203 6193
5244 6 10 45 6 6198 6203 6193 6199 6204 6194
5245 6 10 45 6 6199 6204 6194 2114 2115 2113
5246 6 10 45 6 1660 1664 1661 6195 6215 6200
5247 6 10 45 6 6195 6215 6200 6196 6216 6201
5248 6 10 45 6 6196 6216 6201 6197 6217 6202
5249 6 10 45 6 6197 6217 6202 6198 6218 6203
5250 6 10 45 6 6198 6218 6203 6199 6219 6204
5251 6 10 45 6 6199 6219 6204 2114 2118 2115
5252 6 10 45 6 1654 1660 1659 6165 6195 6190
5253 6 10 45 6 6165 6195 6190 6166 6196 6191
5254 6 10 45 6 6166 6196 6191 6167 6197 6192
5255 6 10 45 6 6167 6197 6192 6168 6198 6193
5256 6 10 45 6 6168 6198 6193 6169 6199 6194
5257 6 10 45 6 6169 6199 6194 2108 2114 2113
5258 6 10 45 6 1654 1662 1660 6165 6205 6195
5259 6 10 45 6 6165 6205 6195 6166 6206 6196
5260 6 10 45 6 6166 6206 6196 6167 6207 6197
5261 6 10 45 6 6167 6207 6197 6168 6208 6198
5262 6 10 45 6 6168 6208 6198 6169 6209 6199
5263 6 10 45 6 6169 6209 6199 2108 2116 2114
5264 6 10 45 6 1662 1663 1660 6205 6210 6195
5265 6 10 45 6 6205 6210 6195 6206 6211 6196
5266 6 10 45 6 6206 6211 6196 6207 6212 6197
5267 6 10 45 6 6207 6212 6197 6208 6213 6198
5268 6 10 45 6 6208 6213 6198 6209 6214 6199
5269 6 10 45 6 6209 6214 6199 2116 2117 2114
5270 6 10 45 6 1659 1661 1656 6190 6200 6175
5271 6 10 45 6 6190 6200 6175 6191 6201 6176
5272 6 10 45 6 6191 6201 6176 6192 6202 6177
5273 6 10 45 6 6192 6202 6177 6193 6203 6178
5274 6 10 45 6 6193 6203 6178 6194 6204 6179
5275 6 10 45 6 6194 6204 6179 2113 2115 2110
5276 6 10 45 6 1663 1665 1664 6210 6220 6215
5277 6 10 45 6 6210 6220 6215 6211 6221 6216
5278 6 10 45 6 6211 6221 6216 6212 6222 6217
5279 6 10 45 6 6212 6222 6217 6213 6223 6218
5280 6 10 45 6 6213 6223 6218 6214 6224 6219
5281 6 10 45 6 6214 6224 6219 2117 2119 2118
5282 6 10 45 6 1663 1664 1660 6210 6215 6195
5283 6 10 45 6 6210 6215 6195 6211 6216 6196
5284 6 10 45 6 6211 6216 6196 6212 6217 6197
5285 6 10 45 6 6212 6217 6197 6213 6218 6198
5286 6 10 45 6 6213 6218 6198 6214 6219 6199
5287 6 10 45 6 6214 6219 6199 2117 2118 2114
5288 6 10 45 6 1662 1667 1663 6205 6230 6210
5289 6 10 45 6 6205 6230 6210 6206 6231 6211
5290 6 10 45 6 6206 6231 6211 6207 6232 6212
5291 6 10 45 6 6207 6232 6212 6208 6233 6213
5292 6 10 45 6 6208 6233 6213 6209 6234 6214
5293 6 10 45 6 6209 6234 6214 2116 2121 2117
5294 6 10 45 6 172 1658 171 1848 6185 1843
5295 6 10 45 6 1848 6185 1843 1849 6186 1844
5296 6 10 45 6 1849 6186 1844 1850 6187 1845
5297 6 10 45 6 1850 6187 1845 1851 6188 1846
5298 6 10 45 6 1851 6188 1846 1852 6189 1847
5299 6 10 45 6 1852 6189 1847 235 2112 236
5300 6 10 45 6 202 1657 201 2024 6180 2019
5301 6 10 45 6 2024 6180 2019 2025 6181 2020
5302 6 10 45 6 2025 6181 2020 2026 6182 2021
5303 6 10 45 6 2026 6182 2021 2027 6183 2022
5304 6 10 45 6 2027 6183 2022 2028 6184 2023
5305 6 10 45 6 2028 6184 2023 279 2111 280
5306 6 10 45 6 204 1655 203 2034 6170 2029
5307 6 10 45 6 2034 6170 2029 2035 6171 2030
5308 6 10 45 6 2035 6171 2030 2036 6172 2031
5309 6 10 45 6 2036 6172 2031 2037 6173 2032
5310 6 10 45 6 2037 6173 2032 2038 6174 2033
5311 6 10 45 6 2038 6174 2033 277 2109 278
5312 6 10 45 6 175 1666 174 1863 6225 1858
5313 6 10 45 6 1863 6225 1858 1864 6226 1859
5314 6 10 45 6 1864 6226 1859 1865 6227 1860
5315 6 10 45 6 1865 6227 1860 1866 6228 1861
5316 6 10 45 6 1866 6228 1861 1867 6229 1862
5317 6 10 45 6 1867 6229 1862 232 2120 233
5318 6 10 45 6 168 1654 167 2092 6165 2087
5319 6 10 45 6 2092 6165 2087 2093 6166 2088
5320 6 10 45 6 2093 6166 2088 2094 6167 2089
5321 6 10 45 6 2094 6167 2089 2095 6168 2090
5322 6 10 45 6 2095 6168 2090 2096 6169 2091
5323 6 10 45 6 2096 6169 2091 289 2108 288
5324 6 10 45 6 174 1653 173 1858 6160 1853
5325 6 10 45 6 1858 6160 1853 1859 6161 1854
5326 6 10 45 6 1859 6161 1854 1860 6162 1855
5327 6 10 45 6 1860 6162 1855 1861 6163 1856
5328 6 10 45 6 1861 6163 1856 1862 6164 1857
5329 6 10 45 6 1862 6164 1857 233 2107 234
5330 6 10 45 6 203 1668 202 2029 6235 2024
5331 6 10 45 6 2029 6235 2024 2030 6236 2025
5332 6 10 45 6 2030 6236 2025 2031 6237 2026
5333 6 10 45 6 2031 6237 2026 2032 6238 2027
5334 6 10 45 6 2032 6238 2027 2033 6239 2028
5335 6 10 45 6 2033 6239 2028 278 2122 279
5336 6 10 45 6 1667 1677 1663 6230 6280 6210
5337 6 10 45 6 6230 6280 6210 6231 6281 6211
5338 6 10 45 6 6231 6281 6211 6232 6282 6212
5339 6 10 45 6 6232 6282 6212 6233 6283 6213
5340 6 10 45 6 6233 6283 6213 6234 6284 6214
5341 6 10 45 6 6234 6284 6214 2121 2131 2117
5342 6 10 45 6 1658 1673 1667 6185 6260 6230
5343 6 10 45 6 6185 6260 6230 6186 6261 6231
5344 6 10 45 6 6186 6261 6231 6187 6262 6232
5345 6 10 45 6 6187 6262 6232 6188 6263 6233
5346 6 10 45 6 6188 6263 6233 6189 6264 6234
5347 6 10 45 6 6189 6264 6234 2112 2127 2121
5348 6 10 45 6 1653 1677 1667 6160 6280 6230
5349 6 10 45 6 6160 6280 6230 6161 6281 6231
5350 6 10 45 6 6161 6281 6231 6162 6282 6232
5351 6 10 45 6 6162 6282 6232 6163 6283 6233
5352 6 10 45 6 6163 6283 6233 6164 6284 6234
5353 6 10 45 6 6164 6284 6234 2107 2131 2121
5354 6 10 45 6 1667 1676 1658 6230 6275 6185
5355 6 10 45 6 6230 6275 6185 6231 6276 6186
5356 6 10 45 6 6231 6276 6186 6232 6277 6187
5357 6 10 45 6 6232 6277 6187 6233 6278 6188
5358 6 10 45 6 6233 6278 6188 6234 6279 6189
5359 6 10 45 6 6234 6279 6189 2121 2130 2112
5360 6 10 45 6 169 1669 168 2097 6240 2092
5361 6 10 45 6 2097 6240 2092 2098 6241 2093
5362 6 10 45 6 2098 6241 2093 2099 6242 2094
5363 6 10 45 6 2099 6242 2094 2100 6243 2095
5364 6 10 45 6 2100 6243 2095 2101 6244 2096
5365 6 10 45 6 2101 6244 2096 290 2123 289
5366 6 10 45 6 174 1666 1653 1858 6225 6160
5367 6 10 45 6 1858 6225 6160 1859 6226 6161
5368 6 10 45 6 1859 6226 6161 1860 6227 6162
5369 6 10 45 6 1860 6227 6162 1861 6228 6163
5370 6 10 45 6 1861 6228 6163 1862 6229 6164
5371 6 10 45 6 1862 6229 6164 233 2120 2107
5372 6 10 45 6 1654 1669 1662 6165 6240 6205
5373 6 10 45 6 6165 6240 6205 6166 6241 6206
5374 6 10 45 6 6166 6241 6206 6167 6242 6207
5375 6 10 45 6 6167 6242 6207 6168 6243 6208
5376 6 10 45 6 6168 6243 6208 6169 6244 6209
5377 6 10 45 6 6169 6244 6209 2108 2123 2116
5378 6 10 45 6 202 1668 1657 2024 6235 6180
5379 6 10 45 6 2024 6235 6180 2025 6236 6181
5380 6 10 45 6 2025 6236 6181 2026 6237 6182
5381 6 10 45 6 2026 6237 6182 2027 6238 6183
5382 6 10 45 6 2027 6238 6183 2028 6239 6184
5383 6 10 45 6 2028 6239 6184 279 2122 2111
5384 6 10 45 6 171 1675 2 1843 6270 237
5385 6 10 45 6 1843 6270 237 1844 6271 238
5386 6 10 45 6 1844 6271 238 1845 6272 239
5387 6 10 45 6 1845 6272 239 1846 6273 240
5388 6 10 45 6 1846 6273 240 1847 6274 241
5389 6 10 45 6 1847 6274 241 236 2129 8
5390 6 10 45 6 201 1674 6 2019 6265 247
5391 6 10 45 6 2019 6265 247 2020 6266 248
5392 6 10 45 6 2020 6266 248 2021 6267 249
5393 6 10 45 6 2021 6267 249 2022 6268 250
5394 6 10 45 6 2022 6268 250 2023 6269 251
5395 6 10 45 6 2023 6269 251 280 2128 10
5396 6 10 45 6 1665 1677 1666 6220 6280 6225
5397 6 10 45 6 6220 6280 6225 6221 6281 6226
5398 6 10 45 6 6221 6281 6226 6222 6282 6227
5399 6 10 45 6 6222 6282 6227 6223 6283 6228
5400 6 10 45 6 6223 6283 6228 6224 6284 6229
5401 6 10 45 6 6224 6284 6229 2119 2131 2120
5402 6 10 45 6 1655 1668 203 6170 6235 2029
5403 6 10 45 6 6170 6235 2029 6171 6236 2030
5404 6 10 45 6 6171 6236 2030 6172 6237 2031
5405 6 10 45 6 6172 6237 2031 6173 6238 2032
5406 6 10 45 6 6173 6238 2032 6174 6239 2033
5407 6 10 45 6 6174 6239 2033 2109 2122 278
5408 6 10 45 6 2 1675 170 237 6270 2102
5409 6 10 45 6 237 6270 2102 238 6271 2103
5410 6 10 45 6 238 6271 2103 239 6272 2104
5411 6 10 45 6 239 6272 2104 240 6273 2105
5412 6 10 45 6 240 6273 2105 241 6274 2106
5413 6 10 45 6 241 6274 2106 8 2129 291
5414 6 10 45 6 6 1674 176 247 6265 1868
5415 6 10 45 6 247 6265 1868 248 6266 1869
5416 6 10 45 6 248 6266 1869 249 6267 1870
5417 6 10 45 6 249 6267 1870 250 6268 1871
5418 6 10 45 6 250 6268 1871 251 6269 1872
5419 6 10 45 6 251 6269 1872 10 2128 231
5420 6 10 45 6 176 1670 175 1868 6245 1863
5421 6 10 45 6 1868 6245 1863 1869 6246 1864
5422 6 10 45 6 1869 6246 1864 1870 6247 1865
5423 6 10 45 6 1870 6247 1865 1871 6248 1866
5424 6 10 45 6 1871 6248 1866 1872 6249 1867
5425 6 10 45 6 1872 6249 1867 231 2124 232
5426 6 10 45 6 170 1671 169 2102 6250 2097
5427 6 10 45 6 2102 6250 2097 2103 6251 2098
5428 6 10 45 6 2103 6251 2098 2104 6252 2099
5429 6 10 45 6 2104 6252 2099 2105 6253 2100
5430 6 10 45 6 2105 6253 2100 2106 6254 2101
5431 6 10 45 6 2106 6254 2101 291 2125 290
5432 6 10 45 6 168 1669 1654 2092 6240 6165
5433 6 10 45 6 2092 6240 6165 2093 6241 6166
5434 6 10 45 6 2093 6241 6166 2094 6242 6167
5435 6 10 45 6 2094 6242 6167 2095 6243 6168
5436 6 10 45 6 2095 6243 6168 2096 6244 6169
5437 6 10 45 6 2096 6244 6169 289 2123 2108
5438 6 10 45 6 175 1670 1666 1863 6245 6225
5439 6 10 45 6 1863 6245 6225 1864 6246 6226
5440 6 10 45 6 1864 6246 6226 1865 6247 6227
5441 6 10 45 6 1865 6247 6227 1866 6248 6228
5442 6 10 45 6 1866 6248 6228 1867 6249 6229
5443 6 10 45 6 1867 6249 6229 232 2124 2120
5444 6 10 45 6 205 1672 204 2039 6255 2034
5445 6 10 45 6 2039 6255 2034 2040 6256 2035
5446 6 10 45 6 2040 6256 2035 2041 6257 2036
5447 6 10 45 6 2041 6257 2036 2042 6258 2037
5448 6 10 45 6 2042 6258 2037 2043 6259 2038
5449 6 10 45 6 2043 6259 2038 276 2126 277
5450 6 10 45 6 1653 1673 173 6160 6260 1853
5451 6 10 45 6 6160 6260 1853 6161 6261 1854
5452 6 10 45 6 6161 6261 1854 6162 6262 1855
5453 6 10 45 6 6162 6262 1855 6163 6263 1856
5454 6 10 45 6 6163 6263 1856 6164 6264 1857
5455 6 10 45 6 6164 6264 1857 2107 2127 234
5456 6 10 45 6 204 1672 1655 2034 6255 6170
5457 6 10 45 6 2034 6255 6170 2035 6256 6171
5458 6 10 45 6 2035 6256 6171 2036 6257 6172
5459 6 10 45 6 2036 6257 6172 2037 6258 6173
5460 6 10 45 6 2037 6258 6173 2038 6259 6174
5461 6 10 45 6 2038 6259 6174 277 2126 2109
5462 6 10 45 6 1667 1673 1653 6230 6260 6160
5463 6 10 45 6 6230 6260 6160 6231 6261 6161
5464 6 10 45 6 6231 6261 6161 6232 6262 6162
5465 6 10 45 6 6232 6262 6162 6233 6263 6163
5466 6 10 45 6 6233 6263 6163 6234 6264 6164
5467 6 10 45 6 6234 6264 6164 2121 2127 2107
5468 6 10 45 6 1663 1677 1665 6210 6280 6220
5469 6 10 45 6 6210 6280 6220 6211 6281 6221
5470 6 10 45 6 6211 6281 6221 6212 6282 6222
5471 6 10 45 6 6212 6282 6222 6213 6283 6223
5472 6 10 45 6 6213 6283 6223 6214 6284 6224
5473 6 10 45 6 6214 6284 6224 2117 2131 2119
5474 6 10 45 6 172 1673 1658 1848 6260 6185
5475 6 10 45 6 1848 6260 6185 1849 6261 6186
5476 6 10 45 6 1849 6261 6186 1850 6262 6187
5477 6 10 45 6 1850 6262 6187 1851 6263 6188
5478 6 10 45 6 1851 6263 6188 1852 6264 6189
5479 6 10 45 6 1852 6264 6189 235 2127 2112
5480 6 10 45 6 169 1671 1669 2097 6250 6240
5481 6 10 45 6 2097 6250 6240 2098 6251 6241
5482 6 10 45 6 2098 6251 6241 2099 6252 6242
5483 6 10 45 6 2099 6252 6242 2100 6253 6243
5484 6 10 45 6 2100 6253 6243 2101 6254 6244
5485 6 10 45 6 2101 6254 6244 290 2125 2123
5486 6 10 45 6 173 1673 172 1853 6260 1848
5487 6 10 45 6 1853 6260 1848 1854 6261 1849
5488 6 10 45 6 1854 6261 1849 1855 6262 1850
5489 6 10 45 6 1855 6262 1850 1856 6263 1851
5490 6 10 45 6 1856 6263 1851 1857 6264 1852
5491 6 10 45 6 1857 6264 1852 234 2127 235
5492 6 10 45 6 1662 1676 1667 6205 6275 6230
5493 6 10 45 6 6205 6275 6230 6206 6276 6231
5494 6 10 45 6 6206 6276 6231 6207 6277 6232
5495 6 10 45 6 6207 6277 6232 6208 6278 6233
5496 6 10 45 6 6208 6278 6233 6209 6279 6234
5497 6 10 45 6 6209 6279 6234 2116 2130 2121
5498 6 10 45 6 1671 1676 1669 6250 6275 6240
5499 6 10 45 6 6250 6275 6240 6251 6276 6241
5500 6 10 45 6 6251 6276 6241 6252 6277 6242
5501 6 10 45 6 6252 6277 6242 6253 6278 6243
5502 6 10 45 6 6253 6278 6243 6254 6279 6244
5503 6 10 45 6 6254 6279 6244 2125 2130 2123
5504 6 10 45 6 1666 1677 1653 6225 6280 6160
5505 6 10 45 6 6225 6280 6160 6226 6281 6161
5506 6 10 45 6 6226 6281 6161 6227 6282 6162
5507 6 10 45 6 6227 6282 6162 6228 6283 6163
5508 6 10 45 6 6228 6283 6163 6229 6284 6164
5509 6 10 45 6 6229 6284 6164 2120 2131 2107
5510 6 10 45 6 1657 1674 201 6180 6265 2019
5511 6 10 45 6 6180 6265 2019 6181 6266 2020
5512 6 10 45 6 6181 6266 2020 6182 6267 2021
5513 6 10 45 6 6182 6267 2021 6183 6268 2022
5514 6 10 45 6 6183 6268 2022 6184 6269 2023
5515 6 10 45 6 6184 6269 2023 2111 2128 280
5516 6 10 45 6 1658 1675 171 6185 6270 1843
5517 6 10 45 6 6185 6270 1843 6186 6271 1844
5518 6 10 45 6 6186 6271 1844 6187 6272 1845
5519 6 10 45 6 6187 6272 1845 6188 6273 1846
5520 6 10 45 6 6188 6273 1846 6189 6274 1847
5521 6 10 45 6 6189 6274 1847 2112 2129 236
5522 6 10 45 6 1669 1676 1662 6240 6275 6205
5523 6 10 45 6 6240 6275 6205 6241 6276 6206
5524 6 10 45 6 6241 6276 6206 6242 6277 6207
5525 6 10 45 6 6242 6277 6207 6243 6278 6208
5526 6 10 45 6 6243 6278 6208 6244 6279 6209
5527 6 10 45 6 6244 6279 6209 2123 2130 2116
5528 6 10 45 6 1658 1676 1671 6185 6275 6250
5529 6 10 45 6 6185 6275 6250 6186 6276 6251
5530 6 10 45 6 6186 6276 6251 6187 6277 6252
5531 6 10 45 6 6187 6277 6252 6188 6278 6253
5532 6 10 45 6 6188 6278 6253 6189 6279 6254
5533 6 10 45 6 6189 6279 6254 2112 2130 2125
5534 6 10 45 6 176 1674 1670 1868 6265 6245
5535 6 10 45 6 1868 6265 6245 1869 6266 6246
5536 6 10 45 6 1869 6266 6246 1870 6267 6247
5537 6 10 45 6 1870 6267 6247 1871 6268 6248
5538 6 10 45 6 1871 6268 6248 1872 6269 6249
5539 6 10 45 6 1872 6269 6249 231 2128 2124
5540 6 10 45 6 170 1675 1671 2102 6270 6250
5541 6 10 45 6 2102 6270 6250 2103 6271 6251
5542 6 10 45 6 2103 6271 6251 2104 6272 6252
5543 6 10 45 6 2104 6272 6252 2105 6273 6253
5544 6 10 45 6 2105 6273 6253 2106 6274 6254
5545 6 10 45 6 2106 6274 6254 291 2129 2125
5546 6 10 45 6 1670 1674 1657 6245 6265 6180
5547 6 10 45 6 6245 6265 6180 6246 6266 6181
5548 6 10 45 6 6246 6266 6181 6247 6267 6182
5549 6 10 45 6 6247 6267 6182 6248 6268 6183
5550 6 10 45 6 6248 6268 6183 6249 6269 6184
5551 6 10 45 6 6249 6269 6184 2124 2128 2111
5552 6 10 45 6 1671 1675 1658 6250 6270 6185
5553 6 10 45 6 6250 6270 6185 6251 6271 6186
5554 6 10 45 6 6251 6271 6186 6252 6272 6187
5555 6 10 45 6 6252 6272 6187 6253 6273 6188
5556 6 10 45 6 6253 6273 6188 6254 6274 6189
5557 6 10 45 6 6254 6274 6189 2125 2129 2112
5558 6 10 46 6 1692 1700 1691 6355 6395 6350
5559 6 10 46 6 6355 6395 6350 6356 6396 6351
5560 6 10 46 6 6356 6396 6351 6357 6397 6352
5561 6 10 46 6 6357 6397 6352 6358 6398 6353
5562 6 10 46 6 6358 6398 6353 6359 6399 6354
5563 6 10 46 6 6359 6399 6354 2206 2214 2205
5564 6 10 46 6 1689 1702 1688 6340 6405 6335
5565 6 10 46 6 6340 6405 6335 6341 6406 6336
5566 6 10 46 6 6341 6406 6336 6342 6407 6337
5567 6 10 46 6 6342 6407 6337 6343 6408 6338
5568 6 10 46 6 6343 6408 6338 6344 6409 6339
5569 6 10 46 6 6344 6409 6339 2203 2216 2202
5570 6 10 46 6 1680 1689 1688 6295 6340 6335
5571 6 10 46 6 6295 6340 6335 6296 6341 6336
5572 6 10 46 6 6296 6341 6336 6297 6342 6337
5573 6 10 46 6 6297 6342 6337 6298 6343 6338
5574 6 10 46 6 6298 6343 6338 6299 6344 6339
5575 6 10 46 6 6299 6344 6339 2194 2203 2202
5576 6 10 46 6 1688 1702 1694 6335 6405 6365
5577 6 10 46 6 6335 6405 6365 6336 6406 6366
5578 6 10 46 6 6336 6406 6366 6337 6407 6367
5579 6 10 46 6 6337 6407 6367 6338 6408 6368
5580 6 10 46 6 6338 6408 6368 6339 6409 6369
5581 6 10 46 6 6339 6409 6369 2202 2216 2208
5582 6 10 46 6 1685 1701 1686 6320 6400 6325
5583 6 10 46 6 6320 6400 6325 6321 6401 6326
5584 6 10 46 6 6321 6401 6326 6322 6402 6327
5585 6 10 46 6 6322 6402 6327 6323 6403 6328
5586 6 10 46 6 6323 6403 6328 6324 6404 6329
5587 6 10 46 6 6324 6404 6329 2199 2215 2200
5588 6 10 46 6 1681 1701 1685 6300 6400 6320
5589 6 10 46 6 6300 6400 6320 6301 6401 6321
5590 6 10 46 6 6301 6401 6321 6302 6402 6322
5591 6 10 46 6 6302 6402 6322 6303 6403 6323
5592 6 10 46 6 6303 6403 6323 6304 6404 6324
5593 6 10 46 6 6304 6404 6324 2195 2215 2199
5594 6 10 46 6 215 1679 214 2172 6290 2167
5595 6 10 46 6 2172 6290 2167 2173 6291 2168
5596 6 10 46 6 2173 6291 2168 2174 6292 2169
5597 6 10 46 6 2174 6292 2169 2175 6293 2170
5598 6 10 46 6 2175 6293 2170 2176 6294 2171
5599 6 10 46 6 2176 6294 2171 300 2193 299
5600 6 10 46 6 189 1683 190 2132 6310 2137
5601 6 10 46 6 2132 6310 2137 2133 6311 2138
5602 6 10 46 6 2133 6311 2138 2134 6312 2139
5603 6 10 46 6 2134 6312 2139 2135 6313 2140
5604 6 10 46 6 2135 6313 2140 2136 6314 2141
5605 6 10 46 6 2136 6314 2141 297 2197 296
5606 6 10 46 6 147 1682 148 1783 6305 1788
5607 6 10 46 6 1783 6305 1788 1784 6306 1789
5608 6 10 46 6 1784 6306 1789 1785 6307 1790
5609 6 10 46 6 1785 6307 1790 1786 6308 1791
5610 6 10 46 6 1786 6308 1791 1787 6309 1792
5611 6 10 46 6 1787 6309 1792 219 2196 220
5612 6 10 46 6 191 1680 192 2142 6295 2147
5613 6 10 46 6 2142 6295 2147 2143 6296 2148
5614 6 10 46 6 2143 6296 2148 2144 6297 2149
5615 6 10 46 6 2144 6297 2149 2145 6298 2150
5616 6 10 46 6 2145 6298 2150 2146 6299 2151
5617 6 10 46 6 2146 6299 2151 295 2194 294
5618 6 10 46 6 149 1678 150 1793 6285 1798
5619 6 10 46 6 1793 6285 1798 1794 6286 1799
5620 6 10 46 6 1794 6286 1799 1795 6287 1800
5621 6 10 46 6 1795 6287 1800 1796 6288 1801
5622 6 10 46 6 1796 6288 1801 1797 6289 1802
5623 6 10 46 6 1797 6289 1802 221 2192 222
5624 6 10 46 6 151 1684 152 1803 6315 1808
5625 6 10 46 6 1803 6315 1808 1804 6316 1809
5626 6 10 46 6 1804 6316 1809 1805 6317 1810
5627 6 10 46 6 1805 6317 1810 1806 6318 1811
5628 6 10 46 6 1806 6318 1811 1807 6319 1812
5629 6 10 46 6 1807 6319 1812 223 2198 224
5630 6 10 46 6 217 1681 216 2182 6300 2177
5631 6 10 46 6 2182 6300 2177 2183 6301 2178
5632 6 10 46 6 2183 6301 2178 2184 6302 2179
5633 6 10 46 6 2184 6302 2179 2185 6303 2180
5634 6 10 46 6 2185 6303 2180 2186 6304 2181
5635 6 10 46 6 2186 6304 2181 302 2195 301
5636 6 10 46 6 1686 1702 1689 6325 6405 6340
5637 6 10 46 6 6325 6405 6340 6326 6406 6341
5638 6 10 46 6 6326 6406 6341 6327 6407 6342
5639 6 10 46 6 6327 6407 6342 6328 6408 6343
5640 6 10 46 6 6328 6408 6343 6329 6409 6344
5641 6 10 46 6 6329 6409 6344 2200 2216 2203
5642 6 10 46 6 1678 1694 1692 6285 6365 6355
5643 6 10 46 6 6285 6365 6355 6286 6366 6356
5644 6 10 46 6 6286 6366 6356 6287 6367 6357
5645 6 10 46 6 6287 6367 6357 6288 6368 6358
5646 6 10 46 6 6288 6368 6358 6289 6369 6359
5647 6 10 46 6 6289 6369 6359 2192 2208 2206
5648 6 10 46 6 190 1693 191 2137 6360 2142
5649 6 10 46 6 2137 6360 2142 2138 6361 2143
5650 6 10 46 6 2138 6361 2143 2139 6362 2144
5651 6 10 46 6 2139 6362 2144 2140 6363 2145
5652 6 10 46 6 2140 6363 2145 2141 6364 2146
5653 6 10 46 6 2141 6364 2146 296 2207 295
5654 6 10 46 6 150 1691 151 1798 6350 1803
5655 6 10 46 6 1798 6350 1803 1799 6351 1804
5656 6 10 46 6 1799 6351 1804 1800 6352 1805
5657 6 10 46 6 1800 6352 1805 1801 6353 1806
5658 6 10 46 6 1801 6353 1806 1802 6354 1807
5659 6 10 46 6 1802 6354 1807 222 2205 223
5660 6 10 46 6 192 1687 193 2147 6330 2152
5661 6 10 46 6 2147 6330 2152 2148 6331 2153
5662 6 10 46 6 2148 6331 2153 2149 6332 2154
5663 6 10 46 6 2149 6332 2154 2150 6333 2155
5664 6 10 46 6 2150 6333 2155 2151 6334 2156
5665 6 10 46 6 2151 6334 2156 294 2201 293
5666 6 10 46 6 1694 1702 1692 6365 6405 6355
5667 6 10 46 6 6365 6405 6355 6366 6406 6356
5668 6 10 46 6 6366 6406 6356 6367 6407 6357
5669 6 10 46 6 6367 6407 6357 6368 6408 6358
5670 6 10 46 6 6368 6408 6358 6369 6409 6359
5671 6 10 46 6 6369 6409 6359 2208 2216 2206
5672 6 10 46 6 1691 1700 1684 6350 6395 6315
5673 6 10 46 6 6350 6395 6315 6351 6396 6316
5674 6 10 46 6 6351 6396 6316 6352 6397 6317
5675 6 10 46 6 6352 6397 6317 6353 6398 6318
5676 6 10 46 6 6353 6398 6318 6354 6399 6319
5677 6 10 46 6 6354 6399 6319 2205 2214 2198
5678 6 10 46 6 1685 1686 1679 6320 6325 6290
5679 6 10 46 6 6320 6325 6290 6321 6326 6291
5680 6 10 46 6 6321 6326 6291 6322 6327 6292
5681 6 10 46 6 6322 6327 6292 6323 6328 6293
5682 6 10 46 6 6323 6328 6293 6324 6329 6294
5683 6 10 46 6 6324 6329 6294 2199 2200 2193
5684 6 10 46 6 1678 1692 1691 6285 6355 6350
5685 6 10 46 6 6285 6355 6350 6286 6356 6351
5686 6 10 46 6 6286 6356 6351 6287 6357 6352
5687 6 10 46 6 6287 6357 6352 6288 6358 6353
5688 6 10 46 6 6288 6358 6353 6289 6359 6354
5689 6 10 46 6 6289 6359 6354 2192 2206 2205
5690 6 10 46 6 1680 1688 1687 6295 6335 6330
5691 6 10 46 6 6295 6335 6330 6296 6336 6331
5692 6 10 46 6 6296 6336 6331 6297 6337 6332
5693 6 10 46 6 6297 6337 6332 6298 6338 6333
5694 6 10 46 6 6298 6338 6333 6299 6339 6334
5695 6 10 46 6 6299 6339 6334 2194 2202 2201
5696 6 10 46 6 148 1690 149 1788 6345 1793
5697 6 10 46 6 1788 6345 1793 1789 6346 1794
5698 6 10 46 6 1789 6346 1794 1790 6347 1795
5699 6 10 46 6 1790 6347 1795 1791 6348 1796
5700 6 10 46 6 1791 6348 1796 1792 6349 1797
5701 6 10 46 6 1792 6349 1797 220 2204 221
5702 6 10 46 6 216 1685 215 2177 6320 2172
5703 6 10 46 6 2177 6320 2172 2178 6321 2173
5704 6 10 46 6 2178 6321 2173 2179 6322 2174
5705 6 10 46 6 2179 6322 2174 2180 6323 2175
5706 6 10 46 6 2180 6323 2175 2181 6324 2176
5707 6 10 46 6 2181 6324 2176 301 2199 300
5708 6 10 46 6 1686 1699 1679 6325 6390 6290
5709 6 10 46 6 6325 6390 6290 6326 6391 6291
5710 6 10 46 6 6326 6391 6291 6327 6392 6292
5711 6 10 46 6 6327 6392 6292 6328 6393 6293
5712 6 10 46 6 6328 6393 6293 6329 6394 6294
5713 6 10 46 6 6329 6394 6294 2200 2213 2193
5714 6 10 46 6 1692 1701 1700 6355 6400 6395
5715 6 10 46 6 6355 6400 6395 6356 6401 6396
5716 6 10 46 6 6356 6401 6396 6357 6402 6397
5717 6 10 46 6 6357 6402 6397 6358 6403 6398
5718 6 10 46 6 6358 6403 6398 6359 6404 6399
5719 6 10 46 6 6359 6404 6399 2206 2215 2214
5720 6 10 46 6 1690 1698 1694 6345 6385 6365
5721 6 10 46 6 6345 6385 6365 6346 6386 6366
5722 6 10 46 6 6346 6386 6366 6347 6387 6367
5723 6 10 46 6 6347 6387 6367 6348 6388 6368
5724 6 10 46 6 6348 6388 6368 6349 6389 6369
5725 6 10 46 6 6349 6389 6369 2204 2212 2208
5726 6 10 46 6 1689 1699 1686 6340 6390 6325
5727 6 10 46 6 6340 6390 6325 6341 6391 6326
5728 6 10 46 6 6341 6391 6326 6342 6392 6327
5729 6 10 46 6 6342 6392 6327 6343 6393 6328
5730 6 10 46 6 6343 6393 6328 6344 6394 6329
5731 6 10 46 6 6344 6394 6329 2203 2213 2200
5732 6 10 46 6 1683 1699 1693 6310 6390 6360
5733 6 10 46 6 6310 6390 6360 6311 6391 6361
5734 6 10 46 6 6311 6391 6361 6312 6392 6362
5735 6 10 46 6 6312 6392 6362 6313 6393 6363
5736 6 10 46 6 6313 6393 6363 6314 6394 6364
5737 6 10 46 6 6314 6394 6364 2197 2213 2207
5738 6 10 46 6 1682 1698 1690 6305 6385 6345
5739 6 10 46 6 6305 6385 6345 6306 6386 6346
5740 6 10 46 6 6306 6386 6346 6307 6387 6347
5741 6 10 46 6 6307 6387 6347 6308 6388 6348
5742 6 10 46 6 6308 6388 6348 6309 6389 6349
5743 6 10 46 6 6309 6389 6349 2196 2212 2204
5744 6 10 46 6 1688 1698 1687 6335 6385 6330
5745 6 10 46 6 6335 6385 6330 6336 6386 6331
5746 6 10 46 6 6336 6386 6331 6337 6387 6332
5747 6 10 46 6 6337 6387 6332 6338 6388 6333
5748 6 10 46 6 6338 6388 6333 6339 6389 6334
5749 6 10 46 6 6339 6389 6334 2202 2212 2201
5750 6 10 46 6 1693 1699 1689 6360 6390 6340
5751 6 10 46 6 6360 6390 6340 6361 6391 6341
5752 6 10 46 6 6361 6391 6341 6362 6392 6342
5753 6 10 46 6 6362 6392 6342 6363 6393 6343
5754 6 10 46 6 6363 6393 6343 6364 6394 6344
5755 6 10 46 6 6364 6394 6344 2207 2213 2203
5756 6 10 46 6 151 1691 1684 1803 6350 6315
5757 6 10 46 6 1803 6350 6315 1804 6351 6316
5758 6 10 46 6 1804 6351 6316 1805 6352 6317
5759 6 10 46 6 1805 6352 6317 1806 6353 6318
5760 6 10 46 6 1806 6353 6318 1807 6354 6319
5761 6 10 46 6 1807 6354 6319 223 2205 2198
5762 6 10 46 6 2 1705 147 237 6420 1783
5763 6 10 46 6 237 6420 1783 238 6421 1784
5764 6 10 46 6 238 6421 1784 239 6422 1785
5765 6 10 46 6 239 6422 1785 240 6423 1786
5766 6 10 46 6 240 6423 1786 241 6424 1787
5767 6 10 46 6 241 6424 1787 8 2219 219
5768 6 10 46 6 7 1703 189 304 6410 2132
5769 6 10 46 6 304 6410 2132 305 6411 2133
5770 6 10 46 6 305 6411 2133 306 6412 2134
5771 6 10 46 6 306 6412 2134 307 6413 2135
5772 6 10 46 6 307 6413 2135 308 6414 2136
5773 6 10 46 6 308 6414 2136 13 2217 297
5774 6 10 46 6 213 1703 7 2162 6410 304
5775 6 10 46 6 2162 6410 304 2163 6411 305
5776 6 10 46 6 2163 6411 305 2164 6412 306
5777 6 10 46 6 2164 6412 306 2165 6413 307
5778 6 10 46 6 2165 6413 307 2166 6414 308
5779 6 10 46 6 2166 6414 308 298 2217 13
5780 6 10 46 6 194 1705 2 2157 6420 237
5781 6 10 46 6 2157 6420 237 2158 6421 238
5782 6 10 46 6 2158 6421 238 2159 6422 239
5783 6 10 46 6 2159 6422 239 2160 6423 240
5784 6 10 46 6 2160 6423 240 2161 6424 241
5785 6 10 46 6 2161 6424 241 292 2219 8
5786 6 10 46 6 1683 1693 190 6310 6360 2137
5787 6 10 46 6 6310 6360 2137 6311 6361 2138
5788 6 10 46 6 6311 6361 2138 6312 6362 2139
5789 6 10 46 6 6312 6362 2139 6313 6363 2140
5790 6 10 46 6 6313 6363 2140 6314 6364 2141
5791 6 10 46 6 6314 6364 2141 2197 2207 296
5792 6 10 46 6 191 1693 1680 2142 6360 6295
5793 6 10 46 6 2142 6360 6295 2143 6361 6296
5794 6 10 46 6 2143 6361 6296 2144 6362 6297
5795 6 10 46 6 2144 6362 6297 2145 6363 6298
5796 6 10 46 6 2145 6363 6298 2146 6364 6299
5797 6 10 46 6 2146 6364 6299 295 2207 2194
5798 6 10 46 6 152 1704 3 1808 6415 242
5799 6 10 46 6 1808 6415 242 1809 6416 243
5800 6 10 46 6 1809 6416 243 1810 6417 244
5801 6 10 46 6 1810 6417 244 1811 6418 245
5802 6 10 46 6 1811 6418 245 1812 6419 246
5803 6 10 46 6 1812 6419 246 224 2218 9
5804 6 10 46 6 1678 1691 150 6285 6350 1798
5805 6 10 46 6 6285 6350 1798 6286 6351 1799
5806 6 10 46 6 6286 6351 1799 6287 6352 1800
5807 6 10 46 6 6287 6352 1800 6288 6353 1801
5808 6 10 46 6 6288 6353 1801 6289 6354 1802
5809 6 10 46 6 6289 6354 1802 2192 2205 222
5810 6 10 46 6 1680 1687 192 6295 6330 2147
5811 6 10 46 6 6295 6330 2147 6296 6331 2148
5812 6 10 46 6 6296 6331 2148 6297 6332 2149
5813 6 10 46 6 6297 6332 2149 6298 6333 2150
5814 6 10 46 6 6298 6333 2150 6299 6334 2151
5815 6 10 46 6 6299 6334 2151 2194 2201 294
5816 6 10 46 6 3 1704 218 242 6415 2187
5817 6 10 46 6 242 6415 2187 243 6416 2188
5818 6 10 46 6 243 6416 2188 244 6417 2189
5819 6 10 46 6 244 6417 2189 245 6418 2190
5820 6 10 46 6 245 6418 2190 246 6419 2191
5821 6 10 46 6 246 6419 2191 9 2218 303
5822 6 10 46 6 1680 1693 1689 6295 6360 6340
5823 6 10 46 6 6295 6360 6340 6296 6361 6341
5824 6 10 46 6 6296 6361 6341 6297 6362 6342
5825 6 10 46 6 6297 6362 6342 6298 6363 6343
5826 6 10 46 6 6298 6363 6343 6299 6364 6344
5827 6 10 46 6 6299 6364 6344 2194 2207 2203
5828 6 10 46 6 1682 1690 148 6305 6345 1788
5829 6 10 46 6 6305 6345 1788 6306 6346 1789
5830 6 10 46 6 6306 6346 1789 6307 6347 1790
5831 6 10 46 6 6307 6347 1790 6308 6348 1791
5832 6 10 46 6 6308 6348 1791 6309 6349 1792
5833 6 10 46 6 6309 6349 1792 2196 2204 220
5834 6 10 46 6 149 1690 1678 1793 6345 6285
5835 6 10 46 6 1793 6345 6285 1794 6346 6286
5836 6 10 46 6 1794 6346 6286 1795 6347 6287
5837 6 10 46 6 1795 6347 6287 1796 6348 6288
5838 6 10 46 6 1796 6348 6288 1797 6349 6289
5839 6 10 46 6 1797 6349 6289 221 2204 2192
5840 6 10 46 6 218 1696 217 2187 6375 2182
5841 6 10 46 6 2187 6375 2182 2188 6376 2183
5842 6 10 46 6 2188 6376 2183 2189 6377 2184
5843 6 10 46 6 2189 6377 2184 2190 6378 2185
5844 6 10 46 6 2190 6378 2185 2191 6379 2186
5845 6 10 46 6 2191 6379 2186 303 2210 302
5846 6 10 46 6 214 1697 213 2167 6380 2162
5847 6 10 46 6 2167 6380 2162 2168 6381 2163
5848 6 10 46 6 2168 6381 2163 2169 6382 2164
5849 6 10 46 6 2169 6382 2164 2170 6383 2165
5850 6 10 46 6 2170 6383 2165 2171 6384 2166
5851 6 10 46 6 2171 6384 2166 299 2211 298
5852 6 10 46 6 193 1695 194 2152 6370 2157
5853 6 10 46 6 2152 6370 2157 2153 6371 2158
5854 6 10 46 6 2153 6371 2158 2154 6372 2159
5855 6 10 46 6 2154 6372 2159 2155 6373 2160
5856 6 10 46 6 2155 6373 2160 2156 6374 2161
5857 6 10 46 6 2156 6374 2161 293 2209 292
5858 6 10 46 6 215 1685 1679 2172 6320 6290
5859 6 10 46 6 2172 6320 6290 2173 6321 6291
5860 6 10 46 6 2173 6321 6291 2174 6322 6292
5861 6 10 46 6 2174 6322 6292 2175 6323 6293
5862 6 10 46 6 2175 6323 6293 2176 6324 6294
5863 6 10 46 6 2176 6324 6294 300 2199 2193
5864 6 10 46 6 1681 1685 216 6300 6320 2177
5865 6 10 46 6 6300 6320 2177 6301 6321 2178
5866 6 10 46 6 6301 6321 2178 6302 6322 2179
5867 6 10 46 6 6302 6322 2179 6303 6323 2180
5868 6 10 46 6 6303 6323 2180 6304 6324 2181
5869 6 10 46 6 6304 6324 2181 2195 2199 301
5870 6 10 46 6 1694 1698 1688 6365 6385 6335
5871 6 10 46 6 6365 6385 6335 6366 6386 6336
5872 6 10 46 6 6366 6386 6336 6367 6387 6337
5873 6 10 46 6 6367 6387 6337 6368 6388 6338
5874 6 10 46 6 6368 6388 6338 6369 6389 6339
5875 6 10 46 6 6369 6389 6339 2208 2212 2202
5876 6 10 46 6 1690 1694 1678 6345 6365 6285
5877 6 10 46 6 6345 6365 6285 6346 6366 6286
5878 6 10 46 6 6346 6366 6286 6347 6367 6287
5879 6 10 46 6 6347 6367 6287 6348 6368 6288
5880 6 10 46 6 6348 6368 6288 6349 6369 6289
5881 6 10 46 6 6349 6369 6289 2204 2208 2192
5882 6 10 46 6 217 1696 1681 2182 6375 6300
5883 6 10 46 6 2182 6375 6300 2183 6376 6301
5884 6 10 46 6 2183 6376 6301 2184 6377 6302
5885 6 10 46 6 2184 6377 6302 2185 6378 6303
5886 6 10 46 6 2185 6378 6303 2186 6379 6304
5887 6 10 46 6 2186 6379 6304 302 2210 2195
5888 6 10 46 6 1679 1697 214 6290 6380 2167
5889 6 10 46 6 6290 6380 2167 6291 6381 2168
5890 6 10 46 6 6291 6381 2168 6292 6382 2169
5891 6 10 46 6 6292 6382 2169 6293 6383 2170
5892 6 10 46 6 6293 6383 2170 6294 6384 2171
5893 6 10 46 6 6294 6384 2171 2193 2211 299
5894 6 10 46 6 1687 1695 193 6330 6370 2152
5895 6 10 46 6 6330 6370 2152 6331 6371 2153
5896 6 10 46 6 6331 6371 2153 6332 6372 2154
5897 6 10 46 6 6332 6372 2154 6333 6373 2155
5898 6 10 46 6 6333 6373 2155 6334 6374 2156
5899 6 10 46 6 6334 6374 2156 2201 2209 293
5900 6 10 46 6 1687 1698 1695 6330 6385 6370
5901 6 10 46 6 6330 6385 6370 6331 6386 6371
5902 6 10 46 6 6331 6386 6371 6332 6387 6372
5903 6 10 46 6 6332 6387 6372 6333 6388 6373
5904 6 10 46 6 6333 6388 6373 6334 6389 6374
5905 6 10 46 6 6334 6389 6374 2201 2212 2209
5906 6 10 46 6 1700 1701 1681 6395 6400 6300
5907 6 10 46 6 6395 6400 6300 6396 6401 6301
5908 6 10 46 6 6396 6401 6301 6397 6402 6302
5909 6 10 46 6 6397 6402 6302 6398 6403 6303
5910 6 10 46 6 6398 6403 6303 6399 6404 6304
5911 6 10 46 6 6399 6404 6304 2214 2215 2195
5912 6 10 46 6 1679 1699 1697 6290 6390 6380
5913 6 10 46 6 6290 6390 6380 6291 6391 6381
5914 6 10 46 6 6291 6391 6381 6292 6392 6382
5915 6 10 46 6 6292 6392 6382 6293 6393 6383
5916 6 10 46 6 6293 6393 6383 6294 6394 6384
5917 6 10 46 6 6294 6394 6384 2193 2213 2211
5918 6 10 46 6 1692 1702 1701 6355 6405 6400
5919 6 10 46 6 6355 6405 6400 6356 6406 6401
5920 6 10 46 6 6356 6406 6401 6357 6407 6402
5921 6 10 46 6 6357 6407 6402 6358 6408 6403
5922 6 10 46 6 6358 6408 6403 6359 6409 6404
5923 6 10 46 6 6359 6409 6404 2206 2216 2215
5924 6 10 46 6 1695 1698 1682 6370 6385 6305
5925 6 10 46 6 6370 6385 6305 6371 6386 6306
5926 6 10 46 6 6371 6386 6306 6372 6387 6307
5927 6 10 46 6 6372 6387 6307 6373 6388 6308
5928 6 10 46 6 6373 6388 6308 6374 6389 6309
5929 6 10 46 6 6374 6389 6309 2209 2212 2196
5930 6 10 46 6 1697 1699 1683 6380 6390 6310
5931 6 10 46 6 6380 6390 6310 6381 6391 6311
5932 6 10 46 6 6381 6391 6311 6382 6392 6312
5933 6 10 46 6 6382 6392 6312 6383 6393 6313
5934 6 10 46 6 6383 6393 6313 6384 6394 6314
5935 6 10 46 6 6384 6394 6314 2211 2213 2197
5936 6 10 46 6 1701 1702 1686 6400 6405 6325
5937 6 10 46 6 6400 6405 6325 6401 6406 6326
5938 6 10 46 6 6401 6406 6326 6402 6407 6327
5939 6 10 46 6 6402 6407 6327 6403 6408 6328
5940 6 10 46 6 6403 6408 6328 6404 6409 6329
5941 6 10 46 6 6404 6409 6329 2215 2216 2200
5942 6 10 46 6 1696 1700 1681 6375 6395 6300
5943 6 10 46 6 6375 6395 6300 6376 6396 6301
5944 6 10 46 6 6376 6396 6301 6377 6397 6302
5945 6 10 46 6 6377 6397 6302 6378 6398 6303
5946 6 10 46 6 6378 6398 6303 6379 6399 6304
5947 6 10 46 6 6379 6399 6304 2210 2214 2195
5948 6 10 46 6 1684 1704 152 6315 6415 1808
5949 6 10 46 6 6315 6415 1808 6316 6416 1809
5950 6 10 46 6 6316 6416 1809 6317 6417 1810
5951 6 10 46 6 6317 6417 1810 6318 6418 1811
5952 6 10 46 6 6318 6418 1811 6319 6419 1812
5953 6 10 46 6 6319 6419 1812 2198 2218 224
5954 6 10 46 6 147 1705 1682 1783 6420 6305
5955 6 10 46 6 1783 6420 6305 1784 6421 6306
5956 6 10 46 6 1784 6421 6306 1785 6422 6307
5957 6 10 46 6 1785 6422 6307 1786 6423 6308
5958 6 10 46 6 1786 6423 6308 1787 6424 6309
5959 6 10 46 6 1787 6424 6309 219 2219 2196
5960 6 10 46 6 189 1703 1683 2132 6410 6310
5961 6 10 46 6 2132 6410 6310 2133 6411 6311
5962 6 10 46 6 2133 6411 6311 2134 6412 6312
5963 6 10 46 6 2134 6412 6312 2135 6413 6313
5964 6 10 46 6 2135 6413 6313 2136 6414 6314
5965 6 10 46 6 2136 6414 6314 297 2217 2197
5966 6 10 46 6 1684 1700 1696 6315 6395 6375
5967 6 10 46 6 6315 6395 6375 6316 6396 6376
5968 6 10 46 6 6316 6396 6376 6317 6397 6377
5969 6 10 46 6 6317 6397 6377 6318 6398 6378
5970 6 10 46 6 6318 6398 6378 6319 6399 6379
5971 6 10 46 6 6319 6399 6379 2198 2214 2210
5972 6 10 46 6 218 1704 1696 2187 6415 6375
5973 6 10 46 6 2187 6415 6375 2188 6416 6376
5974 6 10 46 6 2188 6416 6376 2189 6417 6377
5975 6 10 46 6 2189 6417 6377 2190 6418 6378
5976 6 10 46 6 2190 6418 6378 2191 6419 6379
5977 6 10 46 6 2191 6419 6379 303 2218 2210
5978 6 10 46 6 1697 1703 213 6380 6410 2162
5979 6 10 46 6 6380 6410 2162 6381 6411 2163
5980 6 10 46 6 6381 6411 2163 6382 6412 2164
5981 6 10 46 6 6382 6412 2164 6383 6413 2165
5982 6 10 46 6 6383 6413 2165 6384 6414 2166
5983 6 10 46 6 6384 6414 2166 2211 2217 298
5984 6 10 46 6 1695 1705 194 6370 6420 2157
5985 6 10 46 6 6370 6420 2157 6371 6421 2158
5986 6 10 46 6 6371 6421 2158 6372 6422 2159
5987 6 10 46 6 6372 6422 2159 6373 6423 2160
5988 6 10 46 6 6373 6423 2160 6374 6424 2161
5989 6 10 46 6 6374 6424 2161 2209 2219 292
5990 6 10 46 6 1696 1704 1684 6375 6415 6315
5991 6 10 46 6 6375 6415 6315 6376 6416 6316
5992 6 10 46 6 6376 6416 6316 6377 6417 6317
5993 6 10 46 6 6377 6417 6317 6378 6418 6318
5994 6 10 46 6 6378 6418 6318 6379 6419 6319
5995 6 10 46 6 6379 6419 6319 2210 2218 2198
5996 6 10 46 6 1682 1705 1695 6305 6420 6370
5997 6 10 46 6 6305 6420 6370 6306 6421 6371
5998 6 10 46 6 6306 6421 6371 6307 6422 6372
5999 6 10 46 6 6307 6422 6372 6308 6423 6373
6000 6 10 46 6 6308 6423 6373 6309 6424 6374
6001 6 10 46 6 6309 6424 6374 2196 2219 2209
6002 6 10 46 6 1683 1703 1697 6310 6410 6380
6003 6 10 46 6 6310 6410 6380 6311 6411 6381
6004 6 10 46 6 6311 6411 6381 6312 6412 6382
6005 6 10 46 6 6312 6412 6382 6313 6413 6383
6006 6 10 46 6 6313 6413 6383 6314 6414 6384
6007 6 10 46 6 6314 6414 6384 2197 2217 2211
6008 6 10 47 6 188 213 7 2245 2162 304
6009 6 10 47 6 2245 2162 304 2246 2163 305
6010 6 10 47 6 2246 2163 305 2247 2164 306
6011 6 10 47 6 2247 2164 306 2248 2165 307
6012 6 10 47 6 2248 2165 307 2249 2166 308
6013 6 10 47 6 2249 2166 308 309 298 13
6014 6 10 47 6 1717 1721 1718 6480 6500 6485
6015 6 10 47 6 6480 6500 6485 6481 6501 6486
6016 6 10 47 6 6481 6501 6486 6482 6502 6487
6017 6 10 47 6 6482 6502 6487 6483 6503 6488
6018 6 10 47 6 6483 6503 6488 6484 6504 6489
6019 6 10 47 6 6484 6504 6489 2261 2265 2262
6020 6 10 47 6 1710 1724 1718 6445 6515 6485
6021 6 10 47 6 6445 6515 6485 6446 6516 6486
6022 6 10 47 6 6446 6516 6486 6447 6517 6487
6023 6 10 47 6 6447 6517 6487 6448 6518 6488
6024 6 10 47 6 6448 6518 6488 6449 6519 6489
6025 6 10 47 6 6449 6519 6489 2254 2268 2262
6026 6 10 47 6 188 1709 213 2245 6440 2162
6027 6 10 47 6 2245 6440 2162 2246 6441 2163
6028 6 10 47 6 2246 6441 2163 2247 6442 2164
6029 6 10 47 6 2247 6442 2164 2248 6443 2165
6030 6 10 47 6 2248 6443 2165 2249 6444 2166
6031 6 10 47 6 2249 6444 2166 309 2253 298
6032 6 10 47 6 1708 1721 1717 6435 6500 6480
6033 6 10 47 6 6435 6500 6480 6436 6501 6481
6034 6 10 47 6 6436 6501 6481 6437 6502 6482
6035 6 10 47 6 6437 6502 6482 6438 6503 6483
6036 6 10 47 6 6438 6503 6483 6439 6504 6484
6037 6 10 47 6 6439 6504 6484 2252 2265 2261
6038 6 10 47 6 1718 1724 1719 6485 6515 6490
6039 6 10 47 6 6485 6515 6490 6486 6516 6491
6040 6 10 47 6 6486 6516 6491 6487 6517 6492
6041 6 10 47 6 6487 6517 6492 6488 6518 6493
6042 6 10 47 6 6488 6518 6493 6489 6519 6494
6043 6 10 47 6 6489 6519 6494 2262 2268 2263
6044 6 10 47 6 213 1709 214 2162 6440 2167
6045 6 10 47 6 2162 6440 2167 2163 6441 2168
6046 6 10 47 6 2163 6441 2168 2164 6442 2169
6047 6 10 47 6 2164 6442 2169 2165 6443 2170
6048 6 10 47 6 2165 6443 2170 2166 6444 2171
6049 6 10 47 6 2166 6444 2171 298 2253 299
6050 6 10 47 6 187 1709 188 2240 6440 2245
6051 6 10 47 6 2240 6440 2245 2241 6441 2246
6052 6 10 47 6 2241 6441 2246 2242 6442 2247
6053 6 10 47 6 2242 6442 2247 2243 6443 2248
6054 6 10 47 6 2243 6443 2248 2244 6444 2249
6055 6 10 47 6 2244 6444 2249 310 2253 309
6056 6 10 47 6 1718 1721 1710 6485 6500 6445
6057 6 10 47 6 6485 6500 6445 6486 6501 6446
6058 6 10 47 6 6486 6501 6446 6487 6502 6447
6059 6 10 47 6 6487 6502 6447 6488 6503 6448
6060 6 10 47 6 6488 6503 6448 6489 6504 6449
6061 6 10 47 6 6489 6504 6449 2262 2265 2254
6062 6 10 47 6 187 1714 1709 2240 6465 6440
6063 6 10 47 6 2240 6465 6440 2241 6466 6441
6064 6 10 47 6 2241 6466 6441 2242 6467 6442
6065 6 10 47 6 2242 6467 6442 2243 6468 6443
6066 6 10 47 6 2243 6468 6443 2244 6469 6444
6067 6 10 47 6 2244 6469 6444 310 2258 2253
6068 6 10 47 6 1709 1712 214 6440 6455 2167
6069 6 10 47 6 6440 6455 2167 6441 6456 2168
6070 6 10 47 6 6441 6456 2168 6442 6457 2169
6071 6 10 47 6 6442 6457 2169 6443 6458 2170
6072 6 10 47 6 6443 6458 2170 6444 6459 2171
6073 6 10 47 6 6444 6459 2171 2253 2256 299
6074 6 10 47 6 186 1714 187 2235 6465 2240
6075 6 10 47 6 2235 6465 2240 2236 6466 2241
6076 6 10 47 6 2236 6466 2241 2237 6467 2242
6077 6 10 47 6 2237 6467 2242 2238 6468 2243
6078 6 10 47 6 2238 6468 2243 2239 6469 2244
6079 6 10 47 6 2239 6469 2244 311 2258 310
6080 6 10 47 6 214 1712 215 2167 6455 2172
6081 6 10 47 6 2167 6455 2172 2168 6456 2173
6082 6 10 47 6 2168 6456 2173 2169 6457 2174
6083 6 10 47 6 2169 6457 2174 2170 6458 2175
6084 6 10 47 6 2170 6458 2175 2171 6459 2176
6085 6 10 47 6 2171 6459 2176 299 2256 300
6086 6 10 47 6 1708 1717 1714 6435 6480 6465
6087 6 10 47 6 6435 6480 6465 6436 6481 6466
6088 6 10 47 6 6436 6481 6466 6437 6482 6467
6089 6 10 47 6 6437 6482 6467 6438 6483 6468
6090 6 10 47 6 6438 6483 6468 6439 6484 6469
6091 6 10 47 6 6439 6484 6469 2252 2261 2258
6092 6 10 47 6 215 1712 1707 2172 6455 6430
6093 6 10 47 6 2172 6455 6430 2173 6456 6431
6094 6 10 47 6 2173 6456 6431 2174 6457 6432
6095 6 10 47 6 2174 6457 6432 2175 6458 6433
6096 6 10 47 6 2175 6458 6433 2176 6459 6434
6097 6 10 47 6 2176 6459 6434 300 2256 2251
6098 6 10 47 6 1708 1714 186 6435 6465 2235
6099 6 10 47 6 6435 6465 2235 6436 6466 2236
6100 6 10 47 6 6436 6466 2236 6437 6467 2237
6101 6 10 47 6 6437 6467 2237 6438 6468 2238
6102 6 10 47 6 6438 6468 2238 6439 6469 2239
6103 6 10 47 6 6439 6469 2239 2252 2258 311
6104 6 10 47 6 1717 1726 1714 6480 6525 6465
6105 6 10 47 6 6480 6525 6465 6481 6526 6466
6106 6 10 47 6 6481 6526 6466 6482 6527 6467
6107 6 10 47 6 6482 6527 6467 6483 6528 6468
6108 6 10 47 6 6483 6528 6468 6484 6529 6469
6109 6 10 47 6 6484 6529 6469 2261 2270 2258
6110 6 10 47 6 1712 1713 1707 6455 6460 6430
6111 6 10 47 6 6455 6460 6430 6456 6461 6431
6112 6 10 47 6 6456 6461 6431 6457 6462 6432
6113 6 10 47 6 6457 6462 6432 6458 6463 6433
6114 6 10 47 6 6458 6463 6433 6459 6464 6434
6115 6 10 47 6 6459 6464 6434 2256 2257 2251
6116 6 10 47 6 1713 1715 1707 6460 6470 6430
6117 6 10 47 6 6460 6470 6430 6461 6471 6431
6118 6 10 47 6 6461 6471 6431 6462 6472 6432
6119 6 10 47 6 6462 6472 6432 6463 6473 6433
6120 6 10 47 6 6463 6473 6433 6464 6474 6434
6121 6 10 47 6 6464 6474 6434 2257 2259 2251
6122 6 10 47 6 1713 1716 1715 6460 6475 6470
6123 6 10 47 6 6460 6475 6470 6461 6476 6471
6124 6 10 47 6 6461 6476 6471 6462 6477 6472
6125 6 10 47 6 6462 6477 6472 6463 6478 6473
6126 6 10 47 6 6463 6478 6473 6464 6479 6474
6127 6 10 47 6 6464 6479 6474 2257 2260 2259
6128 6 10 47 6 1717 1718 1716 6480 6485 6475
6129 6 10 47 6 6480 6485 6475 6481 6486 6476
6130 6 10 47 6 6481 6486 6476 6482 6487 6477
6131 6 10 47 6 6482 6487 6477 6483 6488 6478
6132 6 10 47 6 6483 6488 6478 6484 6489 6479
6133 6 10 47 6 6484 6489 6479 2261 2262 2260
6134 6 10 47 6 1713 1717 1716 6460 6480 6475
6135 6 10 47 6 6460 6480 6475 6461 6481 6476
6136 6 10 47 6 6461 6481 6476 6462 6482 6477
6137 6 10 47 6 6462 6482 6477 6463 6483 6478
6138 6 10 47 6 6463 6483 6478 6464 6484 6479
6139 6 10 47 6 6464 6484 6479 2257 2261 2260
6140 6 10 47 6 1716 1720 1715 6475 6495 6470
6141 6 10 47 6 6475 6495 6470 6476 6496 6471
6142 6 10 47 6 6476 6496 6471 6477 6497 6472
6143 6 10 47 6 6477 6497 6472 6478 6498 6473
6144 6 10 47 6 6478 6498 6473 6479 6499 6474
6145 6 10 47 6 6479 6499 6474 2260 2264 2259
6146 6 10 47 6 1714 1726 1709 6465 6525 6440
6147 6 10 47 6 6465 6525 6440 6466 6526 6441
6148 6 10 47 6 6466 6526 6441 6467 6527 6442
6149 6 10 47 6 6467 6527 6442 6468 6528 6443
6150 6 10 47 6 6468 6528 6443 6469 6529 6444
6151 6 10 47 6 6469 6529 6444 2258 2270 2253
6152 6 10 47 6 1709 1726 1712 6440 6525 6455
6153 6 10 47 6 6440 6525 6455 6441 6526 6456
6154 6 10 47 6 6441 6526 6456 6442 6527 6457
6155 6 10 47 6 6442 6527 6457 6443 6528 6458
6156 6 10 47 6 6443 6528 6458 6444 6529 6459
6157 6 10 47 6 6444 6529 6459 2253 2270 2256
6158 6 10 47 6 183 1710 184 2220 6445 2225
6159 6 10 47 6 2220 6445 2225 2221 6446 2226
6160 6 10 47 6 2221 6446 2226 2222 6447 2227
6161 6 10 47 6 2222 6447 2227 2223 6448 2228
6162 6 10 47 6 2223 6448 2228 2224 6449 2229
6163 6 10 47 6 2224 6449 2229 314 2254 313
6164 6 10 47 6 153 1711 154 1901 6450 1906
6165 6 10 47 6 1901 6450 1906 1902 6451 1907
6166 6 10 47 6 1902 6451 1907 1903 6452 1908
6167 6 10 47 6 1903 6452 1908 1904 6453 1909
6168 6 10 47 6 1904 6453 1909 1905 6454 1910
6169 6 10 47 6 1905 6454 1910 252 2255 253
6170 6 10 47 6 215 1707 216 2172 6430 2177
6171 6 10 47 6 2172 6430 2177 2173 6431 2178
6172 6 10 47 6 2173 6431 2178 2174 6432 2179
6173 6 10 47 6 2174 6432 2179 2175 6433 2180
6174 6 10 47 6 2175 6433 2180 2176 6434 2181
6175 6 10 47 6 2176 6434 2181 300 2251 301
6176 6 10 47 6 185 1708 186 2230 6435 2235
6177 6 10 47 6 2230 6435 2235 2231 6436 2236
6178 6 10 47 6 2231 6436 2236 2232 6437 2237
6179 6 10 47 6 2232 6437 2237 2233 6438 2238
6180 6 10 47 6 2233 6438 2238 2234 6439 2239
6181 6 10 47 6 2234 6439 2239 312 2252 311
6182 6 10 47 6 155 1706 156 1911 6425 1916
6183 6 10 47 6 1911 6425 1916 1912 6426 1917
6184 6 10 47 6 1912 6426 1917 1913 6427 1918
6185 6 10 47 6 1913 6427 1918 1914 6428 1919
6186 6 10 47 6 1914 6428 1919 1915 6429 1920
6187 6 10 47 6 1915 6429 1920 254 2250 255
6188 6 10 47 6 156 1719 157 1916 6490 1921
6189 6 10 47 6 1916 6490 1921 1917 6491 1922
6190 6 10 47 6 1917 6491 1922 1918 6492 1923
6191 6 10 47 6 1918 6492 1923 1919 6493 1924
6192 6 10 47 6 1919 6493 1924 1920 6494 1925
6193 6 10 47 6 1920 6494 1925 255 2263 256
6194 6 10 47 6 1713 1726 1717 6460 6525 6480
6195 6 10 47 6 6460 6525 6480 6461 6526 6481
6196 6 10 47 6 6461 6526 6481 6462 6527 6482
6197 6 10 47 6 6462 6527 6482 6463 6528 6483
6198 6 10 47 6 6463 6528 6483 6464 6529 6484
6199 6 10 47 6 6464 6529 6484 2257 2270 2261
6200 6 10 47 6 184 1721 185 2225 6500 2230
6201 6 10 47 6 2225 6500 2230 2226 6501 2231
6202 6 10 47 6 2226 6501 2231 2227 6502 2232
6203 6 10 47 6 2227 6502 2232 2228 6503 2233
6204 6 10 47 6 2228 6503 2233 2229 6504 2234
6205 6 10 47 6 2229 6504 2234 313 2265 312
6206 6 10 47 6 1716 1730 1720 6475 6545 6495
6207 6 10 47 6 6475 6545 6495 6476 6546 6496
6208 6 10 47 6 6476 6546 6496 6477 6547 6497
6209 6 10 47 6 6477 6547 6497 6478 6548 6498
6210 6 10 47 6 6478 6548 6498 6479 6549 6499
6211 6 10 47 6 6479 6549 6499 2260 2274 2264
6212 6 10 47 6 1720 1725 1711 6495 6520 6450
6213 6 10 47 6 6495 6520 6450 6496 6521 6451
6214 6 10 47 6 6496 6521 6451 6497 6522 6452
6215 6 10 47 6 6497 6522 6452 6498 6523 6453
6216 6 10 47 6 6498 6523 6453 6499 6524 6454
6217 6 10 47 6 6499 6524 6454 2264 2269 2255
6218 6 10 47 6 1720 1730 1706 6495 6545 6425
6219 6 10 47 6 6495 6545 6425 6496 6546 6426
6220 6 10 47 6 6496 6546 6426 6497 6547 6427
6221 6 10 47 6 6497 6547 6427 6498 6548 6428
6222 6 10 47 6 6498 6548 6428 6499 6549 6429
6223 6 10 47 6 6499 6549 6429 2264 2274 2250
6224 6 10 47 6 216 1722 217 2177 6505 2182
6225 6 10 47 6 2177 6505 2182 2178 6506 2183
6226 6 10 47 6 2178 6506 2183 2179 6507 2184
6227 6 10 47 6 2179 6507 2184 2180 6508 2185
6228 6 10 47 6 2180 6508 2185 2181 6509 2186
6229 6 10 47 6 2181 6509 2186 301 2266 302
6230 6 10 47 6 1711 1729 1720 6450 6540 6495
6231 6 10 47 6 6450 6540 6495 6451 6541 6496
6232 6 10 47 6 6451 6541 6496 6452 6542 6497
6233 6 10 47 6 6452 6542 6497 6453 6543 6498
6234 6 10 47 6 6453 6543 6498 6454 6544 6499
6235 6 10 47 6 6454 6544 6499 2255 2273 2264
6236 6 10 47 6 1706 1719 156 6425 6490 1916
6237 6 10 47 6 6425 6490 1916 6426 6491 1917
6238 6 10 47 6 6426 6491 1917 6427 6492 1918
6239 6 10 47 6 6427 6492 1918 6428 6493 1919
6240 6 10 47 6 6428 6493 1919 6429 6494 1920
6241 6 10 47 6 6429 6494 1920 2250 2263 255
6242 6 10 47 6 1715 1722 1707 6470 6505 6430
6243 6 10 47 6 6470 6505 6430 6471 6506 6431
6244 6 10 47 6 6471 6506 6431 6472 6507 6432
6245 6 10 47 6 6472 6507 6432 6473 6508 6433
6246 6 10 47 6 6473 6508 6433 6474 6509 6434
6247 6 10 47 6 6474 6509 6434 2259 2266 2251
6248 6 10 47 6 1719 1730 1718 6490 6545 6485
6249 6 10 47 6 6490 6545 6485 6491 6546 6486
6250 6 10 47 6 6491 6546 6486 6492 6547 6487
6251 6 10 47 6 6492 6547 6487 6493 6548 6488
6252 6 10 47 6 6493 6548 6488 6494 6549 6489
6253 6 10 47 6 6494 6549 6489 2263 2274 2262
6254 6 10 47 6 4 1728 183 264 6535 2220
6255 6 10 47 6 264 6535 2220 265 6536 2221
6256 6 10 47 6 265 6536 2221 266 6537 2222
6257 6 10 47 6 266 6537 2222 267 6538 2223
6258 6 10 47 6 267 6538 2223 268 6539 2224
6259 6 10 47 6 268 6539 2224 11 2272 314
6260 6 10 47 6 3 1727 153 242 6530 1901
6261 6 10 47 6 242 6530 1901 243 6531 1902
6262 6 10 47 6 243 6531 1902 244 6532 1903
6263 6 10 47 6 244 6532 1903 245 6533 1904
6264 6 10 47 6 245 6533 1904 246 6534 1905
6265 6 10 47 6 246 6534 1905 9 2271 252
6266 6 10 47 6 218 1727 3 2187 6530 242
6267 6 10 47 6 2187 6530 242 2188 6531 243
6268 6 10 47 6 2188 6531 243 2189 6532 244
6269 6 10 47 6 2189 6532 244 2190 6533 245
6270 6 10 47 6 2190 6533 245 2191 6534 246
6271 6 10 47 6 2191 6534 246 303 2271 9
6272 6 10 47 6 158 1728 4 1926 6535 264
6273 6 10 47 6 1926 6535 264 1927 6536 265
6274 6 10 47 6 1927 6536 265 1928 6537 266
6275 6 10 47 6 1928 6537 266 1929 6538 267
6276 6 10 47 6 1929 6538 267 1930 6539 268
6277 6 10 47 6 1930 6539 268 257 2272 11
6278 6 10 47 6 1710 1721 184 6445 6500 2225
6279 6 10 47 6 6445 6500 2225 6446 6501 2226
6280 6 10 47 6 6446 6501 2226 6447 6502 2227
6281 6 10 47 6 6447 6502 2227 6448 6503 2228
6282 6 10 47 6 6448 6503 2228 6449 6504 2229
6283 6 10 47 6 6449 6504 2229 2254 2265 313
6284 6 10 47 6 185 1721 1708 2230 6500 6435
6285 6 10 47 6 2230 6500 6435 2231 6501 6436
6286 6 10 47 6 2231 6501 6436 2232 6502 6437
6287 6 10 47 6 2232 6502 6437 2233 6503 6438
6288 6 10 47 6 2233 6503 6438 2234 6504 6439
6289 6 10 47 6 2234 6504 6439 312 2265 2252
6290 6 10 47 6 217 1723 218 2182 6510 2187
6291 6 10 47 6 2182 6510 2187 2183 6511 2188
6292 6 10 47 6 2183 6511 2188 2184 6512 2189
6293 6 10 47 6 2184 6512 2189 2185 6513 2190
6294 6 10 47 6 2185 6513 2190 2186 6514 2191
6295 6 10 47 6 2186 6514 2191 302 2267 303
6296 6 10 47 6 157 1724 158 1921 6515 1926
6297 6 10 47 6 1921 6515 1926 1922 6516 1927
6298 6 10 47 6 1922 6516 1927 1923 6517 1928
6299 6 10 47 6 1923 6517 1928 1924 6518 1929
6300 6 10 47 6 1924 6518 1929 1925 6519 1930
6301 6 10 47 6 1925 6519 1930 256 2268 257
6302 6 10 47 6 1707 1722 216 6430 6505 2177
6303 6 10 47 6 6430 6505 2177 6431 6506 2178
6304 6 10 47 6 6431 6506 2178 6432 6507 2179
6305 6 10 47 6 6432 6507 2179 6433 6508 2180
6306 6 10 47 6 6433 6508 2180 6434 6509 2181
6307 6 10 47 6 6434 6509 2181 2251 2266 301
6308 6 10 47 6 1719 1724 157 6490 6515 1921
6309 6 10 47 6 6490 6515 1921 6491 6516 1922
6310 6 10 47 6 6491 6516 1922 6492 6517 1923
6311 6 10 47 6 6492 6517 1923 6493 6518 1924
6312 6 10 47 6 6493 6518 1924 6494 6519 1925
6313 6 10 47 6 6494 6519 1925 2263 2268 256
6314 6 10 47 6 1712 1726 1713 6455 6525 6460
6315 6 10 47 6 6455 6525 6460 6456 6526 6461
6316 6 10 47 6 6456 6526 6461 6457 6527 6462
6317 6 10 47 6 6457 6527 6462 6458 6528 6463
6318 6 10 47 6 6458 6528 6463 6459 6529 6464
6319 6 10 47 6 6459 6529 6464 2256 2270 2257
6320 6 10 47 6 1711 1725 154 6450 6520 1906
6321 6 10 47 6 6450 6520 1906 6451 6521 1907
6322 6 10 47 6 6451 6521 1907 6452 6522 1908
6323 6 10 47 6 6452 6522 1908 6453 6523 1909
6324 6 10 47 6 6453 6523 1909 6454 6524 1910
6325 6 10 47 6 6454 6524 1910 2255 2269 253
6326 6 10 47 6 155 1725 1706 1911 6520 6425
6327 6 10 47 6 1911 6520 6425 1912 6521 6426
6328 6 10 47 6 1912 6521 6426 1913 6522 6427
6329 6 10 47 6 1913 6522 6427 1914 6523 6428
6330 6 10 47 6 1914 6523 6428 1915 6524 6429
6331 6 10 47 6 1915 6524 6429 254 2269 2250
6332 6 10 47 6 1718 1730 1716 6485 6545 6475
6333 6 10 47 6 6485 6545 6475 6486 6546 6476
6334 6 10 47 6 6486 6546 6476 6487 6547 6477
6335 6 10 47 6 6487 6547 6477 6488 6548 6478
6336 6 10 47 6 6488 6548 6478 6489 6549 6479
6337 6 10 47 6 6489 6549 6479 2262 2274 2260
6338 6 10 47 6 1722 1723 217 6505 6510 2182
6339 6 10 47 6 6505 6510 2182 6506 6511 2183
6340 6 10 47 6 6506 6511 2183 6507 6512 2184
6341 6 10 47 6 6507 6512 2184 6508 6513 2185
6342 6 10 47 6 6508 6513 2185 6509 6514 2186
6343 6 10 47 6 6509 6514 2186 2266 2267 302
6344 6 10 47 6 1706 1725 1720 6425 6520 6495
6345 6 10 47 6 6425 6520 6495 6426 6521 6496
6346 6 10 47 6 6426 6521 6496 6427 6522 6497
6347 6 10 47 6 6427 6522 6497 6428 6523 6498
6348 6 10 47 6 6428 6523 6498 6429 6524 6499
6349 6 10 47 6 6429 6524 6499 2250 2269 2264
6350 6 10 47 6 154 1725 155 1906 6520 1911
6351 6 10 47 6 1906 6520 1911 1907 6521 1912
6352 6 10 47 6 1907 6521 1912 1908 6522 1913
6353 6 10 47 6 1908 6522 1913 1909 6523 1914
6354 6 10 47 6 1909 6523 1914 1910 6524 1915
6355 6 10 47 6 1910 6524 1915 253 2269 254
6356 6 10 47 6 1720 1729 1715 6495 6540 6470
6357 6 10 47 6 6495 6540 6470 6496 6541 6471
6358 6 10 47 6 6496 6541 6471 6497 6542 6472
6359 6 10 47 6 6497 6542 6472 6498 6543 6473
6360 6 10 47 6 6498 6543 6473 6499 6544 6474
6361 6 10 47 6 6499 6544 6474 2264 2273 2259
6362 6 10 47 6 1706 1730 1719 6425 6545 6490
6363 6 10 47 6 6425 6545 6490 6426 6546 6491
6364 6 10 47 6 6426 6546 6491 6427 6547 6492
6365 6 10 47 6 6427 6547 6492 6428 6548 6493
6366 6 10 47 6 6428 6548 6493 6429 6549 6494
6367 6 10 47 6 6429 6549 6494 2250 2274 2263
6368 6 10 47 6 1722 1729 1723 6505 6540 6510
6369 6 10 47 6 6505 6540 6510 6506 6541 6511
6370 6 10 47 6 6506 6541 6511 6507 6542 6512
6371 6 10 47 6 6507 6542 6512 6508 6543 6513
6372 6 10 47 6 6508 6543 6513 6509 6544 6514
6373 6 10 47 6 6509 6544 6514 2266 2273 2267
6374 6 10 47 6 1715 1729 1722 6470 6540 6505
6375 6 10 47 6 6470 6540 6505 6471 6541 6506
6376 6 10 47 6 6471 6541 6506 6472 6542 6507
6377 6 10 47 6 6472 6542 6507 6473 6543 6508
6378 6 10 47 6 6473 6543 6508 6474 6544 6509
6379 6 10 47 6 6474 6544 6509 2259 2273 2266
6380 6 10 47 6 183 1728 1710 2220 6535 6445
6381 6 10 47 6 2220 6535 6445 2221 6536 6446
6382 6 10 47 6 2221 6536 6446 2222 6537 6447
6383 6 10 47 6 2222 6537 6447 2223 6538 6448
6384 6 10 47 6 2223 6538 6448 2224 6539 6449
6385 6 10 47 6 2224 6539 6449 314 2272 2254
6386 6 10 47 6 153 1727 1711 1901 6530 6450
6387 6 10 47 6 1901 6530 6450 1902 6531 6451
6388 6 10 47 6 1902 6531 6451 1903 6532 6452
6389 6 10 47 6 1903 6532 6452 1904 6533 6453
6390 6 10 47 6 1904 6533 6453 1905 6534 6454
6391 6 10 47 6 1905 6534 6454 252 2271 2255
6392 6 10 47 6 1723 1729 1711 6510 6540 6450
6393 6 10 47 6 6510 6540 6450 6511 6541 6451
6394 6 10 47 6 6511 6541 6451 6512 6542 6452
6395 6 10 47 6 6512 6542 6452 6513 6543 6453
6396 6 10 47 6 6513 6543 6453 6514 6544 6454
6397 6 10 47 6 6514 6544 6454 2267 2273 2255
6398 6 10 47 6 1723 1727 218 6510 6530 2187
6399 6 10 47 6 6510 6530 2187 6511 6531 2188
6400 6 10 47 6 6511 6531 2188 6512 6532 2189
6401 6 10 47 6 6512 6532 2189 6513 6533 2190
6402 6 10 47 6 6513 6533 2190 6514 6534 2191
6403 6 10 47 6 6514 6534 2191 2267 2271 303
6404 6 10 47 6 1724 1728 158 6515 6535 1926
6405 6 10 47 6 6515 6535 1926 6516 6536 1927
6406 6 10 47 6 6516 6536 1927 6517 6537 1928
6407 6 10 47 6 6517 6537 1928 6518 6538 1929
6408 6 10 47 6 6518 6538 1929 6519 6539 1930
6409 6 10 47 6 6519 6539 1930 2268 2272 257
6410 6 10 47 6 1710 1728 1724 6445 6535 6515
6411 6 10 47 6 6445 6535 6515 6446 6536 6516
6412 6 10 47 6 6446 6536 6516 6447 6537 6517
6413 6 10 47 6 6447 6537 6517 6448 6538 6518
6414 6 10 47 6 6448 6538 6518 6449 6539 6519
6415 6 10 47 6 6449 6539 6519 2254 2272 2268
6416 6 10 47 6 1711 1727 1723 6450 6530 6510
6417 6 10 47 6 6450 6530 6510 6451 6531 6511
6418 6 10 47 6 6451 6531 6511 6452 6532 6512
6419 6 10 47 6 6452 6532 6512 6453 6533 6513
6420 6 10 47 6 6453 6533 6513 6454 6534 6514
6421 6 10 47 6 6454 6534 6514 2255 2271 2267
6422 6 10 48 6 1739 1750 1731 6590 6645 6550
6423 6 10 48 6 6590 6645 6550 6591 6646 6551
6424 6 10 48 6 6591 6646 6551 6592 6647 6552
6425 6 10 48 6 6592 6647 6552 6593 6648 6553
6426 6 10 48 6 6593 6648 6553 6594 6649 6554
6427 6 10 48 6 6594 6649 6554 2313 2324 2305
6428 6 10 48 6 1740 1750 1739 6595 6645 6590
6429 6 10 48 6 6595 6645 6590 6596 6646 6591
6430 6 10 48 6 6596 6646 6591 6597 6647 6592
6431 6 10 48 6 6597 6647 6592 6598 6648 6593
6432 6 10 48 6 6598 6648 6593 6599 6649 6594
6433 6 10 48 6 6599 6649 6594 2314 2324 2313
6434 6 10 48 6 1741 1751 1732 6600 6650 6555
6435 6 10 48 6 6600 6650 6555 6601 6651 6556
6436 6 10 48 6 6601 6651 6556 6602 6652 6557
6437 6 10 48 6 6602 6652 6557 6603 6653 6558
6438 6 10 48 6 6603 6653 6558 6604 6654 6559
6439 6 10 48 6 6604 6654 6559 2315 2325 2306
6440 6 10 48 6 1738 1751 1741 6585 6650 6600
6441 6 10 48 6 6585 6650 6600 6586 6651 6601
6442 6 10 48 6 6586 6651 6601 6587 6652 6602
6443 6 10 48 6 6587 6652 6602 6588 6653 6603
6444 6 10 48 6 6588 6653 6603 6589 6654 6604
6445 6 10 48 6 6589 6654 6604 2312 2325 2315
6446 6 10 48 6 1750 1753 1731 6645 6660 6550
6447 6 10 48 6 6645 6660 6550 6646 6661 6551
6448 6 10 48 6 6646 6661 6551 6647 6662 6552
6449 6 10 48 6 6647 6662 6552 6648 6663 6553
6450 6 10 48 6 6648 6663 6553 6649 6664 6554
6451 6 10 48 6 6649 6664 6554 2324 2327 2305
6452 6 10 48 6 1742 1752 1733 6605 6655 6560
6453 6 10 48 6 6605 6655 6560 6606 6656 6561
6454 6 10 48 6 6606 6656 6561 6607 6657 6562
6455 6 10 48 6 6607 6657 6562 6608 6658 6563
6456 6 10 48 6 6608 6658 6563 6609 6659 6564
6457 6 10 48 6 6609 6659 6564 2316 2326 2307
6458 6 10 48 6 1743 1752 1742 6610 6655 6605
6459 6 10 48 6 6610 6655 6605 6611 6656 6606
6460 6 10 48 6 6611 6656 6606 6612 6657 6607
6461 6 10 48 6 6612 6657 6607 6613 6658 6608
6462 6 10 48 6 6613 6658 6608 6614 6659 6609
6463 6 10 48 6 6614 6659 6609 2317 2326 2316
6464 6 10 48 6 1732 1751 1749 6555 6650 6640
6465 6 10 48 6 6555 6650 6640 6556 6651 6641
6466 6 10 48 6 6556 6651 6641 6557 6652 6642
6467 6 10 48 6 6557 6652 6642 6558 6653 6643
6468 6 10 48 6 6558 6653 6643 6559 6654 6644
6469 6 10 48 6 6559 6654 6644 2306 2325 2323
6470 6 10 48 6 1743 1747 1745 6610 6630 6620
6471 6 10 48 6 6610 6630 6620 6611 6631 6621
6472 6 10 48 6 6611 6631 6621 6612 6632 6622
6473 6 10 48 6 6612 6632 6622 6613 6633 6623
6474 6 10 48 6 6613 6633 6623 6614 6634 6624
6475 6 10 48 6 6614 6634 6624 2317 2321 2319
6476 6 10 48 6 1740 1746 1744 6595 6625 6615
6477 6 10 48 6 6595 6625 6615 6596 6626 6616
6478 6 10 48 6 6596 6626 6616 6597 6627 6617
6479 6 10 48 6 6597 6627 6617 6598 6628 6618
6480 6 10 48 6 6598 6628 6618 6599 6629 6619
6481 6 10 48 6 6599 6629 6619 2314 2320 2318
6482 6 10 48 6 1741 1748 1738 6600 6635 6585
6483 6 10 48 6 6600 6635 6585 6601 6636 6586
6484 6 10 48 6 6601 6636 6586 6602 6637 6587
6485 6 10 48 6 6602 6637 6587 6603 6638 6588
6486 6 10 48 6 6603 6638 6588 6604 6639 6589
6487 6 10 48 6 6604 6639 6589 2315 2322 2312
6488 6 10 48 6 1734 1747 1743 6565 6630 6610
6489 6 10 48 6 6565 6630 6610 6566 6631 6611
6490 6 10 48 6 6566 6631 6611 6567 6632 6612
6491 6 10 48 6 6567 6632 6612 6568 6633 6613
6492 6 10 48 6 6568 6633 6613 6569 6634 6614
6493 6 10 48 6 6569 6634 6614 2308 2321 2317
6494 6 10 48 6 1736 1746 1740 6575 6625 6595
6495 6 10 48 6 6575 6625 6595 6576 6626 6596
6496 6 10 48 6 6576 6626 6596 6577 6627 6597
6497 6 10 48 6 6577 6627 6597 6578 6628 6598
6498 6 10 48 6 6578 6628 6598 6579 6629 6599
6499 6 10 48 6 6579 6629 6599 2310 2320 2314
6500 6 10 48 6 1752 1754 1733 6655 6665 6560
6501 6 10 48 6 6655 6665 6560 6656 6666 6561
6502 6 10 48 6 6656 6666 6561 6657 6667 6562
6503 6 10 48 6 6657 6667 6562 6658 6668 6563
6504 6 10 48 6 6658 6668 6563 6659 6669 6564
6505 6 10 48 6 6659 6669 6564 2326 2328 2307
6506 6 10 48 6 1738 1748 1735 6585 6635 6570
6507 6 10 48 6 6585 6635 6570 6586 6636 6571
6508 6 10 48 6 6586 6636 6571 6587 6637 6572
6509 6 10 48 6 6587 6637 6572 6588 6638 6573
6510 6 10 48 6 6588 6638 6573 6589 6639 6574
6511 6 10 48 6 6589 6639 6574 2312 2322 2309
6512 6 10 48 6 207 1734 208 2275 6565 2280
6513 6 10 48 6 2275 6565 2280 2276 6566 2281
6514 6 10 48 6 2276 6566 2281 2277 6567 2282
6515 6 10 48 6 2277 6567 2282 2278 6568 2283
6516 6 10 48 6 2278 6568 2283 2279 6569 2284
6517 6 10 48 6 2279 6569 2284 320 2308 319
6518 6 10 48 6 159 1736 160 1989 6575 1994
6519 6 10 48 6 1989 6575 1994 1990 6576 1995
6520 6 10 48 6 1990 6576 1995 1991 6577 1996
6521 6 10 48 6 1991 6577 1996 1992 6578 1997
6522 6 10 48 6 1992 6578 1997 1993 6579 1998
6523 6 10 48 6 1993 6579 1998 269 2310 270
6524 6 10 48 6 186 1732 185 2235 6555 2230
6525 6 10 48 6 2235 6555 2230 2236 6556 2231
6526 6 10 48 6 2236 6556 2231 2237 6557 2232
6527 6 10 48 6 2237 6557 2232 2238 6558 2233
6528 6 10 48 6 2238 6558 2233 2239 6559 2234
6529 6 10 48 6 2239 6559 2234 311 2306 312
6530 6 10 48 6 209 1733 210 2285 6560 2290
6531 6 10 48 6 2285 6560 2290 2286 6561 2291
6532 6 10 48 6 2286 6561 2291 2287 6562 2292
6533 6 10 48 6 2287 6562 2292 2288 6563 2293
6534 6 10 48 6 2288 6563 2293 2289 6564 2294
6535 6 10 48 6 2289 6564 2294 318 2307 317
6536 6 10 48 6 161 1731 162 1999 6550 2004
6537 6 10 48 6 1999 6550 2004 2000 6551 2005
6538 6 10 48 6 2000 6551 2005 2001 6552 2006
6539 6 10 48 6 2001 6552 2006 2002 6553 2007
6540 6 10 48 6 2002 6553 2007 2003 6554 2008
6541 6 10 48 6 2003 6554 2008 271 2305 272
6542 6 10 48 6 211 1735 212 2295 6570 2300
6543 6 10 48 6 2295 6570 2300 2296 6571 2301
6544 6 10 48 6 2296 6571 2301 2297 6572 2302
6545 6 10 48 6 2297 6572 2302 2298 6573 2303
6546 6 10 48 6 2298 6573 2303 2299 6574 2304
6547 6 10 48 6 2299 6574 2304 316 2309 315
6548 6 10 48 6 1751 1752 1750 6650 6655 6645
6549 6 10 48 6 6650 6655 6645 6651 6656 6646
6550 6 10 48 6 6651 6656 6646 6652 6657 6647
6551 6 10 48 6 6652 6657 6647 6653 6658 6648
6552 6 10 48 6 6653 6658 6648 6654 6659 6649
6553 6 10 48 6 6654 6659 6649 2325 2326 2324
6554 6 10 48 6 185 1744 184 2230 6615 2225
6555 6 10 48 6 2230 6615 2225 2231 6616 2226
6556 6 10 48 6 2231 6616 2226 2232 6617 2227
6557 6 10 48 6 2232 6617 2227 2233 6618 2228
6558 6 10 48 6 2233 6618 2228 2234 6619 2229
6559 6 10 48 6 2234 6619 2229 312 2318 313
6560 6 10 48 6 162 1745 163 2004 6620 2009
6561 6 10 48 6 2004 6620 2009 2005 6621 2010
6562 6 10 48 6 2005 6621 2010 2006 6622 2011
6563 6 10 48 6 2006 6622 2011 2007 6623 2012
6564 6 10 48 6 2007 6623 2012 2008 6624 2013
6565 6 10 48 6 2008 6624 2013 272 2319 273
6566 6 10 48 6 210 1737 211 2290 6580 2295
6567 6 10 48 6 2290 6580 2295 2291 6581 2296
6568 6 10 48 6 2291 6581 2296 2292 6582 2297
6569 6 10 48 6 2292 6582 2297 2293 6583 2298
6570 6 10 48 6 2293 6583 2298 2294 6584 2299
6571 6 10 48 6 2294 6584 2299 317 2311 316
6572 6 10 48 6 1737 1738 1735 6580 6585 6570
6573 6 10 48 6 6580 6585 6570 6581 6586 6571
6574 6 10 48 6 6581 6586 6571 6582 6587 6572
6575 6 10 48 6 6582 6587 6572 6583 6588 6573
6576 6 10 48 6 6583 6588 6573 6584 6589 6574
6577 6 10 48 6 6584 6589 6574 2311 2312 2309
6578 6 10 48 6 1734 1743 1742 6565 6610 6605
6579 6 10 48 6 6565 6610 6605 6566 6611 6606
6580 6 10 48 6 6566 6611 6606 6567 6612 6607
6581 6 10 48 6 6567 6612 6607 6568 6613 6608
6582 6 10 48 6 6568 6613 6608 6569 6614 6609
6583 6 10 48 6 6569 6614 6609 2308 2317 2316
6584 6 10 48 6 1736 1740 1739 6575 6595 6590
6585 6 10 48 6 6575 6595 6590 6576 6596 6591
6586 6 10 48 6 6576 6596 6591 6577 6597 6592
6587 6 10 48 6 6577 6597 6592 6578 6598 6593
6588 6 10 48 6 6578 6598 6593 6579 6599 6594
6589 6 10 48 6 6579 6599 6594 2310 2314 2313
6590 6 10 48 6 208 1742 209 2280 6605 2285
6591 6 10 48 6 2280 6605 2285 2281 6606 2286
6592 6 10 48 6 2281 6606 2286 2282 6607 2287
6593 6 10 48 6 2282 6607 2287 2283 6608 2288
6594 6 10 48 6 2283 6608 2288 2284 6609 2289
6595 6 10 48 6 2284 6609 2289 319 2316 318
6596 6 10 48 6 187 1741 186 2240 6600 2235
6597 6 10 48 6 2240 6600 2235 2241 6601 2236
6598 6 10 48 6 2241 6601 2236 2242 6602 2237
6599 6 10 48 6 2242 6602 2237 2243 6603 2238
6600 6 10 48 6 2243 6603 2238 2244 6604 2239
6601 6 10 48 6 2244 6604 2239 310 2315 311
6602 6 10 48 6 160 1739 161 1994 6590 1999
6603 6 10 48 6 1994 6590 1999 1995 6591 2000
6604 6 10 48 6 1995 6591 2000 1996 6592 2001
6605 6 10 48 6 1996 6592 2001 1997 6593 2002
6606 6 10 48 6 1997 6593 2002 1998 6594 2003
6607 6 10 48 6 1998 6594 2003 270 2313 271
6608 6 10 48 6 1752 1753 1750 6655 6660 6645
6609 6 10 48 6 6655 6660 6645 6656 6661 6646
6610 6 10 48 6 6656 6661 6646 6657 6662 6647
6611 6 10 48 6 6657 6662 6647 6658 6663 6648
6612 6 10 48 6 6658 6663 6648 6659 6664 6649
6613 6 10 48 6 6659 6664 6649 2326 2327 2324
6614 6 10 48 6 1749 1751 1750 6640 6650 6645
6615 6 10 48 6 6640 6650 6645 6641 6651 6646
6616 6 10 48 6 6641 6651 6646 6642 6652 6647
6617 6 10 48 6 6642 6652 6647 6643 6653 6648
6618 6 10 48 6 6643 6653 6648 6644 6654 6649
6619 6 10 48 6 6644 6654 6649 2323 2325 2324
6620 6 10 48 6 1749 1750 1740 6640 6645 6595
6621 6 10 48 6 6640 6645 6595 6641 6646 6596
6622 6 10 48 6 6641 6646 6596 6642 6647 6597
6623 6 10 48 6 6642 6647 6597 6643 6648 6598
6624 6 10 48 6 6643 6648 6598 6644 6649 6599
6625 6 10 48 6 6644 6649 6599 2323 2324 2314
6626 6 10 48 6 1751 1754 1752 6650 6665 6655
6627 6 10 48 6 6650 6665 6655 6651 6666 6656
6628 6 10 48 6 6651 6666 6656 6652 6667 6657
6629 6 10 48 6 6652 6667 6657 6653 6668 6658
6630 6 10 48 6 6653 6668 6658 6654 6669 6659
6631 6 10 48 6 6654 6669 6659 2325 2328 2326
6632 6 10 48 6 211 1737 1735 2295 6580 6570
6633 6 10 48 6 2295 6580 6570 2296 6581 6571
6634 6 10 48 6 2296 6581 6571 2297 6582 6572
6635 6 10 48 6 2297 6582 6572 2298 6583 6573
6636 6 10 48 6 2298 6583 6573 2299 6584 6574
6637 6 10 48 6 2299 6584 6574 316 2311 2309
6638 6 10 48 6 5 1757 207 281 6680 2275
6639 6 10 48 6 281 6680 2275 282 6681 2276
6640 6 10 48 6 282 6681 2276 283 6682 2277
6641 6 10 48 6 283 6682 2277 284 6683 2278
6642 6 10 48 6 284 6683 2278 285 6684 2279
6643 6 10 48 6 285 6684 2279 12 2331 320
6644 6 10 48 6 4 1755 159 264 6670 1989
6645 6 10 48 6 264 6670 1989 265 6671 1990
6646 6 10 48 6 265 6671 1990 266 6672 1991
6647 6 10 48 6 266 6672 1991 267 6673 1992
6648 6 10 48 6 267 6673 1992 268 6674 1993
6649 6 10 48 6 268 6674 1993 11 2329 269
6650 6 10 48 6 183 1755 4 2220 6670 264
6651 6 10 48 6 2220 6670 264 2221 6671 265
6652 6 10 48 6 2221 6671 265 2222 6672 266
6653 6 10 48 6 2222 6672 266 2223 6673 267
6654 6 10 48 6 2223 6673 267 2224 6674 268
6655 6 10 48 6 2224 6674 268 314 2329 11
6656 6 10 48 6 164 1757 5 2014 6680 281
6657 6 10 48 6 2014 6680 281 2015 6681 282
6658 6 10 48 6 2015 6681 282 2016 6682 283
6659 6 10 48 6 2016 6682 283 2017 6683 284
6660 6 10 48 6 2017 6683 284 2018 6684 285
6661 6 10 48 6 2018 6684 285 274 2331 12
6662 6 10 48 6 1743 1753 1752 6610 6660 6655
6663 6 10 48 6 6610 6660 6655 6611 6661 6656
6664 6 10 48 6 6611 6661 6656 6612 6662 6657
6665 6 10 48 6 6612 6662 6657 6613 6663 6658
6666 6 10 48 6 6613 6663 6658 6614 6664 6659
6667 6 10 48 6 6614 6664 6659 2317 2327 2326
6668 6 10 48 6 212 1756 7 2300 6675 304
6669 6 10 48 6 2300 6675 304 2301 6676 305
6670 6 10 48 6 2301 6676 305 2302 6677 306
6671 6 10 48 6 2302 6677 306 2303 6678 307
6672 6 10 48 6 2303 6678 307 2304 6679 308
6673 6 10 48 6 2304 6679 308 315 2330 13
6674 6 10 48 6 1732 1744 185 6555 6615 2230
6675 6 10 48 6 6555 6615 2230 6556 6616 2231
6676 6 10 48 6 6556 6616 2231 6557 6617 2232
6677 6 10 48 6 6557 6617 2232 6558 6618 2233
6678 6 10 48 6 6558 6618 2233 6559 6619 2234
6679 6 10 48 6 6559 6619 2234 2306 2318 312
6680 6 10 48 6 1731 1745 162 6550 6620 2004
6681 6 10 48 6 6550 6620 2004 6551 6621 2005
6682 6 10 48 6 6551 6621 2005 6552 6622 2006
6683 6 10 48 6 6552 6622 2006 6553 6623 2007
6684 6 10 48 6 6553 6623 2007 6554 6624 2008
6685 6 10 48 6 6554 6624 2008 2305 2319 272
6686 6 10 48 6 1733 1737 210 6560 6580 2290
6687 6 10 48 6 6560 6580 2290 6561 6581 2291
6688 6 10 48 6 6561 6581 2291 6562 6582 2292
6689 6 10 48 6 6562 6582 2292 6563 6583 2293
6690 6 10 48 6 6563 6583 2293 6564 6584 2294
6691 6 10 48 6 6564 6584 2294 2307 2311 317
6692 6 10 48 6 7 1756 188 304 6675 2245
6693 6 10 48 6 304 6675 2245 305 6676 2246
6694 6 10 48 6 305 6676 2246 306 6677 2247
6695 6 10 48 6 306 6677 2247 307 6678 2248
6696 6 10 48 6 307 6678 2248 308 6679 2249
6697 6 10 48 6 308 6679 2249 13 2330 309
6698 6 10 48 6 1734 1742 208 6565 6605 2280
6699 6 10 48 6 6565 6605 2280 6566 6606 2281
6700 6 10 48 6 6566 6606 2281 6567 6607 2282
6701 6 10 48 6 6567 6607 2282 6568 6608 2283
6702 6 10 48 6 6568 6608 2283 6569 6609 2284
6703 6 10 48 6 6569 6609 2284 2308 2316 319
6704 6 10 48 6 209 1742 1733 2285 6605 6560
6705 6 10 48 6 2285 6605 6560 2286 6606 6561
6706 6 10 48 6 2286 6606 6561 2287 6607 6562
6707 6 10 48 6 2287 6607 6562 2288 6608 6563
6708 6 10 48 6 2288 6608 6563 2289 6609 6564
6709 6 10 48 6 2289 6609 6564 318 2316 2307
6710 6 10 48 6 186 1741 1732 2235 6600 6555
6711 6 10 48 6 2235 6600 6555 2236 6601 6556
6712 6 10 48 6 2236 6601 6556 2237 6602 6557
6713 6 10 48 6 2237 6602 6557 2238 6603 6558
6714 6 10 48 6 2238 6603 6558 2239 6604 6559
6715 6 10 48 6 2239 6604 6559 311 2315 2306
6716 6 10 48 6 1736 1739 160 6575 6590 1994
6717 6 10 48 6 6575 6590 1994 6576 6591 1995
6718 6 10 48 6 6576 6591 1995 6577 6592 1996
6719 6 10 48 6 6577 6592 1996 6578 6593 1997
6720 6 10 48 6 6578 6593 1997 6579 6594 1998
6721 6 10 48 6 6579 6594 1998 2310 2313 270
6722 6 10 48 6 161 1739 1731 1999 6590 6550
6723 6 10 48 6 1999 6590 6550 2000 6591 6551
6724 6 10 48 6 2000 6591 6551 2001 6592 6552
6725 6 10 48 6 2001 6592 6552 2002 6593 6553
6726 6 10 48 6 2002 6593 6553 2003 6594 6554
6727 6 10 48 6 2003 6594 6554 271 2313 2305
6728 6 10 48 6 184 1746 183 2225 6625 2220
6729 6 10 48 6 2225 6625 2220 2226 6626 2221
6730 6 10 48 6 2226 6626 2221 2227 6627 2222
6731 6 10 48 6 2227 6627 2222 2228 6628 2223
6732 6 10 48 6 2228 6628 2223 2229 6629 2224
6733 6 10 48 6 2229 6629 2224 313 2320 314
6734 6 10 48 6 188 1748 187 2245 6635 2240
6735 6 10 48 6 2245 6635 2240 2246 6636 2241
6736 6 10 48 6 2246 6636 2241 2247 6637 2242
6737 6 10 48 6 2247 6637 2242 2248 6638 2243
6738 6 10 48 6 2248 6638 2243 2249 6639 2244
6739 6 10 48 6 2249 6639 2244 309 2322 310
6740 6 10 48 6 163 1747 164 2009 6630 2014
6741 6 10 48 6 2009 6630 2014 2010 6631 2015
6742 6 10 48 6 2010 6631 2015 2011 6632 2016
6743 6 10 48 6 2011 6632 2016 2012 6633 2017
6744 6 10 48 6 2012 6633 2017 2013 6634 2018
6745 6 10 48 6 2013 6634 2018 273 2321 274
6746 6 10 48 6 1745 1753 1743 6620 6660 6610
6747 6 10 48 6 6620 6660 6610 6621 6661 6611
6748 6 10 48 6 6621 6661 6611 6622 6662 6612
6749 6 10 48 6 6622 6662 6612 6623 6663 6613
6750 6 10 48 6 6623 6663 6613 6624 6664 6614
6751 6 10 48 6 6624 6664 6614 2319 2327 2317
6752 6 10 48 6 1745 1747 163 6620 6630 2009
6753 6 10 48 6 6620 6630 2009 6621 6631 2010
6754 6 10 48 6 6621 6631 2010 6622 6632 2011
6755 6 10 48 6 6622 6632 2011 6623 6633 2012
6756 6 10 48 6 6623 6633 2012 6624 6634 2013
6757 6 10 48 6 6624 6634 2013 2319 2321 273
6758 6 10 48 6 1744 1746 184 6615 6625 2225
6759 6 10 48 6 6615 6625 2225 6616 6626 2226
6760 6 10 48 6 6616 6626 2226 6617 6627 2227
6761 6 10 48 6 6617 6627 2227 6618 6628 2228
6762 6 10 48 6 6618 6628 2228 6619 6629 2229
6763 6 10 48 6 6619 6629 2229 2318 2320 313
6764 6 10 48 6 1737 1754 1738 6580 6665 6585
6765 6 10 48 6 6580 6665 6585 6581 6666 6586
6766 6 10 48 6 6581 6666 6586 6582 6667 6587
6767 6 10 48 6 6582 6667 6587 6583 6668 6588
6768 6 10 48 6 6583 6668 6588 6584 6669 6589
6769 6 10 48 6 6584 6669 6589 2311 2328 2312
6770 6 10 48 6 1738 1754 1751 6585 6665 6650
6771 6 10 48 6 6585 6665 6650 6586 6666 6651
6772 6 10 48 6 6586 6666 6651 6587 6667 6652
6773 6 10 48 6 6587 6667 6652 6588 6668 6653
6774 6 10 48 6 6588 6668 6653 6589 6669 6654
6775 6 10 48 6 6589 6669 6654 2312 2328 2325
6776 6 10 48 6 1744 1749 1740 6615 6640 6595
6777 6 10 48 6 6615 6640 6595 6616 6641 6596
6778 6 10 48 6 6616 6641 6596 6617 6642 6597
6779 6 10 48 6 6617 6642 6597 6618 6643 6598
6780 6 10 48 6 6618 6643 6598 6619 6644 6599
6781 6 10 48 6 6619 6644 6599 2318 2323 2314
6782 6 10 48 6 187 1748 1741 2240 6635 6600
6783 6 10 48 6 2240 6635 6600 2241 6636 6601
6784 6 10 48 6 2241 6636 6601 2242 6637 6602
6785 6 10 48 6 2242 6637 6602 2243 6638 6603
6786 6 10 48 6 2243 6638 6603 2244 6639 6604
6787 6 10 48 6 2244 6639 6604 310 2322 2315
6788 6 10 48 6 1731 1753 1745 6550 6660 6620
6789 6 10 48 6 6550 6660 6620 6551 6661 6621
6790 6 10 48 6 6551 6661 6621 6552 6662 6622
6791 6 10 48 6 6552 6662 6622 6553 6663 6623
6792 6 10 48 6 6553 6663 6623 6554 6664 6624
6793 6 10 48 6 6554 6664 6624 2305 2327 2319
6794 6 10 48 6 1733 1754 1737 6560 6665 6580
6795 6 10 48 6 6560 6665 6580 6561 6666 6581
6796 6 10 48 6 6561 6666 6581 6562 6667 6582
6797 6 10 48 6 6562 6667 6582 6563 6668 6583
6798 6 10 48 6 6563 6668 6583 6564 6669 6584
6799 6 10 48 6 6564 6669 6584 2307 2328 2311
6800 6 10 48 6 1732 1749 1744 6555 6640 6615
6801 6 10 48 6 6555 6640 6615 6556 6641 6616
6802 6 10 48 6 6556 6641 6616 6557 6642 6617
6803 6 10 48 6 6557 6642 6617 6558 6643 6618
6804 6 10 48 6 6558 6643 6618 6559 6644 6619
6805 6 10 48 6 6559 6644 6619 2306 2323 2318
6806 6 10 48 6 1735 1756 212 6570 6675 2300
6807 6 10 48 6 6570 6675 2300 6571 6676 2301
6808 6 10 48 6 6571 6676 2301 6572 6677 2302
6809 6 10 48 6 6572 6677 2302 6573 6678 2303
6810 6 10 48 6 6573 6678 2303 6574 6679 2304
6811 6 10 48 6 6574 6679 2304 2309 2330 315
6812 6 10 48 6 207 1757 1734 2275 6680 6565
6813 6 10 48 6 2275 6680 6565 2276 6681 6566
6814 6 10 48 6 2276 6681 6566 2277 6682 6567
6815 6 10 48 6 2277 6682 6567 2278 6683 6568
6816 6 10 48 6 2278 6683 6568 2279 6684 6569
6817 6 10 48 6 2279 6684 6569 320 2331 2308
6818 6 10 48 6 159 1755 1736 1989 6670 6575
6819 6 10 48 6 1989 6670 6575 1990 6671 6576
6820 6 10 48 6 1990 6671 6576 1991 6672 6577
6821 6 10 48 6 1991 6672 6577 1992 6673 6578
6822 6 10 48 6 1992 6673 6578 1993 6674 6579
6823 6 10 48 6 1993 6674 6579 269 2329 2310
6824 6 10 48 6 188 1756 1748 2245 6675 6635
6825 6 10 48 6 2245 6675 6635 2246 6676 6636
6826 6 10 48 6 2246 6676 6636 2247 6677 6637
6827 6 10 48 6 2247 6677 6637 2248 6678 6638
6828 6 10 48 6 2248 6678 6638 2249 6679 6639
6829 6 10 48 6 2249 6679 6639 309 2330 2322
6830 6 10 48 6 1746 1755 183 6625 6670 2220
6831 6 10 48 6 6625 6670 2220 6626 6671 2221
6832 6 10 48 6 6626 6671 2221 6627 6672 2222
6833 6 10 48 6 6627 6672 2222 6628 6673 2223
6834 6 10 48 6 6628 6673 2223 6629 6674 2224
6835 6 10 48 6 6629 6674 2224 2320 2329 314
6836 6 10 48 6 1747 1757 164 6630 6680 2014
6837 6 10 48 6 6630 6680 2014 6631 6681 2015
6838 6 10 48 6 6631 6681 2015 6632 6682 2016
6839 6 10 48 6 6632 6682 2016 6633 6683 2017
6840 6 10 48 6 6633 6683 2017 6634 6684 2018
6841 6 10 48 6 6634 6684 2018 2321 2331 274
6842 6 10 48 6 1748 1756 1735 6635 6675 6570
6843 6 10 48 6 6635 6675 6570 6636 6676 6571
6844 6 10 48 6 6636 6676 6571 6637 6677 6572
6845 6 10 48 6 6637 6677 6572 6638 6678 6573
6846 6 10 48 6 6638 6678 6573 6639 6679 6574
6847 6 10 48 6 6639 6679 6574 2322 2330 2309
6848 6 10 48 6 1734 1757 1747 6565 6680 6630
6849 6 10 48 6 6565 6680 6630 6566 6681 6631
6850 6 10 48 6 6566 6681 6631 6567 6682 6632
6851 6 10 48 6 6567 6682 6632 6568 6683 6633
6852 6 10 48 6 6568 6683 6633 6569 6684 6634
6853 6 10 48 6 6569 6684 6634 2308 2331 2321
6854 6 10 48 6 1736 1755 1746 6575 6670 6625
6855 6 10 48 6 6575 6670 6625 6576 6671 6626
6856 6 10 48 6 6576 6671 6626 6577 6672 6627
6857 6 10 48 6 6577 6672 6627 6578 6673 6628
6858 6 10 48 6 6578 6673 6628 6579 6674 6629
6859 6 10 48 6 6579 6674 6629 2310 2329 2320
6860 6 10 49 6 5 207 165 281 2275 2077
6861 6 10 49 6 281 2275 2077 282 2276 2078
6862 6 10 49 6 282 2276 2078 283 2277 2079
6863 6 10 49 6 283 2277 2079 284 2278 2080
6864 6 10 49 6 284 2278 2080 285 2279 2081
6865 6 10 49 6 285 2279 2081 12 320 286
6866 6 10 49 6 207 1762 165 2275 6705 2077
6867 6 10 49 6 2275 6705 2077 2276 6706 2078
6868 6 10 49 6 2276 6706 2078 2277 6707 2079
6869 6 10 49 6 2277 6707 2079 2278 6708 2080
6870 6 10 49 6 2278 6708 2080 2279 6709 2081
6871 6 10 49 6 2279 6709 2081 320 2336 286
6872 6 10 49 6 1770 1772 1761 6745 6755 6700
6873 6 10 49 6 6745 6755 6700 6746 6756 6701
6874 6 10 49 6 6746 6756 6701 6747 6757 6702
6875 6 10 49 6 6747 6757 6702 6748 6758 6703
6876 6 10 49 6 6748 6758 6703 6749 6759 6704
6877 6 10 49 6 6749 6759 6704 2344 2346 2335
6878 6 10 49 6 208 1762 207 2280 6705 2275
6879 6 10 49 6 2280 6705 2275 2281 6706 2276
6880 6 10 49 6 2281 6706 2276 2282 6707 2277
6881 6 10 49 6 2282 6707 2277 2283 6708 2278
6882 6 10 49 6 2283 6708 2278 2284 6709 2279
6883 6 10 49 6 2284 6709 2279 319 2336 320
6884 6 10 49 6 165 1762 166 2077 6705 2082
6885 6 10 49 6 2077 6705 2082 2078 6706 2083
6886 6 10 49 6 2078 6706 2083 2079 6707 2084
6887 6 10 49 6 2079 6707 2084 2080 6708 2085
6888 6 10 49 6 2080 6708 2085 2081 6709 2086
6889 6 10 49 6 2081 6709 2086 286 2336 287
6890 6 10 49 6 1762 1777 166 6705 6780 2082
6891 6 10 49 6 6705 6780 2082 6706 6781 2083
6892 6 10 49 6 6706 6781 2083 6707 6782 2084
6893 6 10 49 6 6707 6782 2084 6708 6783 2085
6894 6 10 49 6 6708 6783 2085 6709 6784 2086
6895 6 10 49 6 6709 6784 2086 2336 2351 287
6896 6 10 49 6 1769 1772 1770 6740 6755 6745
6897 6 10 49 6 6740 6755 6745 6741 6756 6746
6898 6 10 49 6 6741 6756 6746 6742 6757 6747
6899 6 10 49 6 6742 6757 6747 6743 6758 6748
6900 6 10 49 6 6743 6758 6748 6744 6759 6749
6901 6 10 49 6 6744 6759 6749 2343 2346 2344
6902 6 10 49 6 208 1764 1762 2280 6715 6705
6903 6 10 49 6 2280 6715 6705 2281 6716 6706
6904 6 10 49 6 2281 6716 6706 2282 6717 6707
6905 6 10 49 6 2282 6717 6707 2283 6718 6708
6906 6 10 49 6 2283 6718 6708 2284 6719 6709
6907 6 10 49 6 2284 6719 6709 319 2338 2336
6908 6 10 49 6 1768 1772 1769 6735 6755 6740
6909 6 10 49 6 6735 6755 6740 6736 6756 6741
6910 6 10 49 6 6736 6756 6741 6737 6757 6742
6911 6 10 49 6 6737 6757 6742 6738 6758 6743
6912 6 10 49 6 6738 6758 6743 6739 6759 6744
6913 6 10 49 6 6739 6759 6744 2342 2346 2343
6914 6 10 49 6 1760 1772 1768 6695 6755 6735
6915 6 10 49 6 6695 6755 6735 6696 6756 6736
6916 6 10 49 6 6696 6756 6736 6697 6757 6737
6917 6 10 49 6 6697 6757 6737 6698 6758 6738
6918 6 10 49 6 6698 6758 6738 6699 6759 6739
6919 6 10 49 6 6699 6759 6739 2334 2346 2342
6920 6 10 49 6 1761 1776 1770 6700 6775 6745
6921 6 10 49 6 6700 6775 6745 6701 6776 6746
6922 6 10 49 6 6701 6776 6746 6702 6777 6747
6923 6 10 49 6 6702 6777 6747 6703 6778 6748
6924 6 10 49 6 6703 6778 6748 6704 6779 6749
6925 6 10 49 6 6704 6779 6749 2335 2350 2344
6926 6 10 49 6 1768 1771 1760 6735 6750 6695
6927 6 10 49 6 6735 6750 6695 6736 6751 6696
6928 6 10 49 6 6736 6751 6696 6737 6752 6697
6929 6 10 49 6 6737 6752 6697 6738 6753 6698
6930 6 10 49 6 6738 6753 6698 6739 6754 6699
6931 6 10 49 6 6739 6754 6699 2342 2345 2334
6932 6 10 49 6 209 1764 208 2285 6715 2280
6933 6 10 49 6 2285 6715 2280 2286 6716 2281
6934 6 10 49 6 2286 6716 2281 2287 6717 2282
6935 6 10 49 6 2287 6717 2282 2288 6718 2283
6936 6 10 49 6 2288 6718 2283 2289 6719 2284
6937 6 10 49 6 2289 6719 2284 318 2338 319
6938 6 10 49 6 1766 1769 1759 6725 6740 6690
6939 6 10 49 6 6725 6740 6690 6726 6741 6691
6940 6 10 49 6 6726 6741 6691 6727 6742 6692
6941 6 10 49 6 6727 6742 6692 6728 6743 6693
6942 6 10 49 6 6728 6743 6693 6729 6744 6694
6943 6 10 49 6 6729 6744 6694 2340 2343 2333
6944 6 10 49 6 1758 1764 209 6685 6715 2285
6945 6 10 49 6 6685 6715 2285 6686 6716 2286
6946 6 10 49 6 6686 6716 2286 6687 6717 2287
6947 6 10 49 6 6687 6717 2287 6688 6718 2288
6948 6 10 49 6 6688 6718 2288 6689 6719 2289
6949 6 10 49 6 6689 6719 2289 2332 2338 318
6950 6 10 49 6 1766 1777 1762 6725 6780 6705
6951 6 10 49 6 6725 6780 6705 6726 6781 6706
6952 6 10 49 6 6726 6781 6706 6727 6782 6707
6953 6 10 49 6 6727 6782 6707 6728 6783 6708
6954 6 10 49 6 6728 6783 6708 6729 6784 6709
6955 6 10 49 6 6729 6784 6709 2340 2351 2336
6956 6 10 49 6 1759 1777 1766 6690 6780 6725
6957 6 10 49 6 6690 6780 6725 6691 6781 6726
6958 6 10 49 6 6691 6781 6726 6692 6782 6727
6959 6 10 49 6 6692 6782 6727 6693 6783 6728
6960 6 10 49 6 6693 6783 6728 6694 6784 6729
6961 6 10 49 6 6694 6784 6729 2333 2351 2340
6962 6 10 49 6 1772 1774 1761 6755 6765 6700
6963 6 10 49 6 6755 6765 6700 6756 6766 6701
6964 6 10 49 6 6756 6766 6701 6757 6767 6702
6965 6 10 49 6 6757 6767 6702 6758 6768 6703
6966 6 10 49 6 6758 6768 6703 6759 6769 6704
6967 6 10 49 6 6759 6769 6704 2346 2348 2335
6968 6 10 49 6 1765 1766 1764 6720 6725 6715
6969 6 10 49 6 6720 6725 6715 6721 6726 6716
6970 6 10 49 6 6721 6726 6716 6722 6727 6717
6971 6 10 49 6 6722 6727 6717 6723 6728 6718
6972 6 10 49 6 6723 6728 6718 6724 6729 6719
6973 6 10 49 6 6724 6729 6719 2339 2340 2338
6974 6 10 49 6 1765 1769 1766 6720 6740 6725
6975 6 10 49 6 6720 6740 6725 6721 6741 6726
6976 6 10 49 6 6721 6741 6726 6722 6742 6727
6977 6 10 49 6 6722 6742 6727 6723 6743 6728
6978 6 10 49 6 6723 6743 6728 6724 6744 6729
6979 6 10 49 6 6724 6744 6729 2339 2343 2340
6980 6 10 49 6 1758 1765 1764 6685 6720 6715
6981 6 10 49 6 6685 6720 6715 6686 6721 6716
6982 6 10 49 6 6686 6721 6716 6687 6722 6717
6983 6 10 49 6 6687 6722 6717 6688 6723 6718
6984 6 10 49 6 6688 6723 6718 6689 6724 6719
6985 6 10 49 6 6689 6724 6719 2332 2339 2338
6986 6 10 49 6 1758 1767 1765 6685 6730 6720
6987 6 10 49 6 6685 6730 6720 6686 6731 6721
6988 6 10 49 6 6686 6731 6721 6687 6732 6722
6989 6 10 49 6 6687 6732 6722 6688 6733 6723
6990 6 10 49 6 6688 6733 6723 6689 6734 6724
6991 6 10 49 6 6689 6734 6724 2332 2341 2339
6992 6 10 49 6 1767 1768 1765 6730 6735 6720
6993 6 10 49 6 6730 6735 6720 6731 6736 6721
6994 6 10 49 6 6731 6736 6721 6732 6737 6722
6995 6 10 49 6 6732 6737 6722 6733 6738 6723
6996 6 10 49 6 6733 6738 6723 6734 6739 6724
6997 6 10 49 6 6734 6739 6724 2341 2342 2339
6998 6 10 49 6 1769 1770 1759 6740 6745 6690
6999 6 10 49 6 6740 6745 6690 6741 6746 6691
7000 6 10 49 6 6741 6746 6691 6742 6747 6692
7001 6 10 49 6 6742 6747 6692 6743 6748 6693
7002 6 10 49 6 6743 6748 6693 6744 6749 6694
7003 6 10 49 6 6744 6749 6694 2343 2344 2333
7004 6 10 49 6 1764 1766 1762 6715 6725 6705
7005 6 10 49 6 6715 6725 6705 6716 6726 6706
7006 6 10 49 6 6716 6726 6706 6717 6727 6707
7007 6 10 49 6 6717 6727 6707 6718 6728 6708
7008 6 10 49 6 6718 6728 6708 6719 6729 6709
7009 6 10 49 6 6719 6729 6709 2338 2340 2336
7010 6 10 49 6 1768 1769 1765 6735 6740 6720
7011 6 10 49 6 6735 6740 6720 6736 6741 6721
7012 6 10 49 6 6736 6741 6721 6737 6742 6722
7013 6 10 49 6 6737 6742 6722 6738 6743 6723
7014 6 10 49 6 6738 6743 6723 6739 6744 6724
7015 6 10 49 6 6739 6744 6724 2342 2343 2339
7016 6 10 49 6 1767 1771 1768 6730 6750 6735
7017 6 10 49 6 6730 6750 6735 6731 6751 6736
7018 6 10 49 6 6731 6751 6736 6732 6752 6737
7019 6 10 49 6 6732 6752 6737 6733 6753 6738
7020 6 10 49 6 6733 6753 6738 6734 6754 6739
7021 6 10 49 6 6734 6754 6739 2341 2345 2342
7022 6 10 49 6 194 1761 193 2157 6700 2152
7023 6 10 49 6 2157 6700 2152 2158 6701 2153
7024 6 10 49 6 2158 6701 2153 2159 6702 2154
7025 6 10 49 6 2159 6702 2154 2160 6703 2155
7026 6 10 49 6 2160 6703 2155 2161 6704 2156
7027 6 10 49 6 2161 6704 2156 292 2335 293
7028 6 10 49 6 190 1763 189 2137 6710 2132
7029 6 10 49 6 2137 6710 2132 2138 6711 2133
7030 6 10 49 6 2138 6711 2133 2139 6712 2134
7031 6 10 49 6 2139 6712 2134 2140 6713 2135
7032 6 10 49 6 2140 6713 2135 2141 6714 2136
7033 6 10 49 6 2141 6714 2136 296 2337 297
7034 6 10 49 6 192 1760 191 2147 6695 2142
7035 6 10 49 6 2147 6695 2142 2148 6696 2143
7036 6 10 49 6 2148 6696 2143 2149 6697 2144
7037 6 10 49 6 2149 6697 2144 2150 6698 2145
7038 6 10 49 6 2150 6698 2145 2151 6699 2146
7039 6 10 49 6 2151 6699 2146 294 2334 295
7040 6 10 49 6 210 1758 209 2290 6685 2285
7041 6 10 49 6 2290 6685 2285 2291 6686 2286
7042 6 10 49 6 2291 6686 2286 2292 6687 2287
7043 6 10 49 6 2292 6687 2287 2293 6688 2288
7044 6 10 49 6 2293 6688 2288 2294 6689 2289
7045 6 10 49 6 2294 6689 2289 317 2332 318
7046 6 10 49 6 167 1759 168 2087 6690 2092
7047 6 10 49 6 2087 6690 2092 2088 6691 2093
7048 6 10 49 6 2088 6691 2093 2089 6692 2094
7049 6 10 49 6 2089 6692 2094 2090 6693 2095
7050 6 10 49 6 2090 6693 2095 2091 6694 2096
7051 6 10 49 6 2091 6694 2096 288 2333 289
7052 6 10 49 6 1763 1778 1771 6710 6785 6750
7053 6 10 49 6 6710 6785 6750 6711 6786 6751
7054 6 10 49 6 6711 6786 6751 6712 6787 6752
7055 6 10 49 6 6712 6787 6752 6713 6788 6753
7056 6 10 49 6 6713 6788 6753 6714 6789 6754
7057 6 10 49 6 6714 6789 6754 2337 2352 2345
7058 6 10 49 6 1776 1779 1770 6775 6790 6745
7059 6 10 49 6 6775 6790 6745 6776 6791 6746
7060 6 10 49 6 6776 6791 6746 6777 6792 6747
7061 6 10 49 6 6777 6792 6747 6778 6793 6748
7062 6 10 49 6 6778 6793 6748 6779 6794 6749
7063 6 10 49 6 6779 6794 6749 2350 2353 2344
7064 6 10 49 6 1771 1782 1763 6750 6805 6710
7065 6 10 49 6 6750 6805 6710 6751 6806 6711
7066 6 10 49 6 6751 6806 6711 6752 6807 6712
7067 6 10 49 6 6752 6807 6712 6753 6808 6713
7068 6 10 49 6 6753 6808 6713 6754 6809 6714
7069 6 10 49 6 6754 6809 6714 2345 2356 2337
7070 6 10 49 6 211 1773 210 2295 6760 2290
7071 6 10 49 6 2295 6760 2290 2296 6761 2291
7072 6 10 49 6 2296 6761 2291 2297 6762 2292
7073 6 10 49 6 2297 6762 2292 2298 6763 2293
7074 6 10 49 6 2298 6763 2293 2299 6764 2294
7075 6 10 49 6 2299 6764 2294 316 2347 317
7076 6 10 49 6 1758 1773 1767 6685 6760 6730
7077 6 10 49 6 6685 6760 6730 6686 6761 6731
7078 6 10 49 6 6686 6761 6731 6687 6762 6732
7079 6 10 49 6 6687 6762 6732 6688 6763 6733
7080 6 10 49 6 6688 6763 6733 6689 6764 6734
7081 6 10 49 6 6689 6764 6734 2332 2347 2341
7082 6 10 49 6 2 1780 194 237 6795 2157
7083 6 10 49 6 237 6795 2157 238 6796 2158
7084 6 10 49 6 238 6796 2158 239 6797 2159
7085 6 10 49 6 239 6797 2159 240 6798 2160
7086 6 10 49 6 240 6798 2160 241 6799 2161
7087 6 10 49 6 241 6799 2161 8 2354 292
7088 6 10 49 6 193 1774 192 2152 6765 2147
7089 6 10 49 6 2152 6765 2147 2153 6766 2148
7090 6 10 49 6 2153 6766 2148 2154 6767 2149
7091 6 10 49 6 2154 6767 2149 2155 6768 2150
7092 6 10 49 6 2155 6768 2150 2156 6769 2151
7093 6 10 49 6 2156 6769 2151 293 2348 294
7094 6 10 49 6 170 1780 2 2102 6795 237
7095 6 10 49 6 2102 6795 237 2103 6796 238
7096 6 10 49 6 2103 6796 238 2104 6797 239
7097 6 10 49 6 2104 6797 239 2105 6798 240
7098 6 10 49 6 2105 6798 240 2106 6799 241
7099 6 10 49 6 2106 6799 241 291 2354 8
7100 6 10 49 6 189 1781 7 2132 6800 304
7101 6 10 49 6 2132 6800 304 2133 6801 305
7102 6 10 49 6 2133 6801 305 2134 6802 306
7103 6 10 49 6 2134 6802 306 2135 6803 307
7104 6 10 49 6 2135 6803 307 2136 6804 308
7105 6 10 49 6 2136 6804 308 297 2355 13
7106 6 10 49 6 7 1781 212 304 6800 2300
7107 6 10 49 6 304 6800 2300 305 6801 2301
7108 6 10 49 6 305 6801 2301 306 6802 2302
7109 6 10 49 6 306 6802 2302 307 6803 2303
7110 6 10 49 6 307 6803 2303 308 6804 2304
7111 6 10 49 6 308 6804 2304 13 2355 315
7112 6 10 49 6 1770 1779 1759 6745 6790 6690
7113 6 10 49 6 6745 6790 6690 6746 6791 6691
7114 6 10 49 6 6746 6791 6691 6747 6792 6692
7115 6 10 49 6 6747 6792 6692 6748 6793 6693
7116 6 10 49 6 6748 6793 6693 6749 6794 6694
7117 6 10 49 6 6749 6794 6694 2344 2353 2333
7118 6 10 49 6 169 1776 170 2097 6775 2102
7119 6 10 49 6 2097 6775 2102 2098 6776 2103
7120 6 10 49 6 2098 6776 2103 2099 6777 2104
7121 6 10 49 6 2099 6777 2104 2100 6778 2105
7122 6 10 49 6 2100 6778 2105 2101 6779 2106
7123 6 10 49 6 2101 6779 2106 290 2350 291
7124 6 10 49 6 212 1775 211 2300 6770 2295
7125 6 10 49 6 2300 6770 2295 2301 6771 2296
7126 6 10 49 6 2301 6771 2296 2302 6772 2297
7127 6 10 49 6 2302 6772 2297 2303 6773 2298
7128 6 10 49 6 2303 6773 2298 2304 6774 2299
7129 6 10 49 6 2304 6774 2299 315 2349 316
7130 6 10 49 6 210 1773 1758 2290 6760 6685
7131 6 10 49 6 2290 6760 6685 2291 6761 6686
7132 6 10 49 6 2291 6761 6686 2292 6762 6687
7133 6 10 49 6 2292 6762 6687 2293 6763 6688
7134 6 10 49 6 2293 6763 6688 2294 6764 6689
7135 6 10 49 6 2294 6764 6689 317 2347 2332
7136 6 10 49 6 1760 1774 1772 6695 6765 6755
7137 6 10 49 6 6695 6765 6755 6696 6766 6756
7138 6 10 49 6 6696 6766 6756 6697 6767 6757
7139 6 10 49 6 6697 6767 6757 6698 6768 6758
7140 6 10 49 6 6698 6768 6758 6699 6769 6759
7141 6 10 49 6 6699 6769 6759 2334 2348 2346
7142 6 10 49 6 1761 1774 193 6700 6765 2152
7143 6 10 49 6 6700 6765 2152 6701 6766 2153
7144 6 10 49 6 6701 6766 2153 6702 6767 2154
7145 6 10 49 6 6702 6767 2154 6703 6768 2155
7146 6 10 49 6 6703 6768 2155 6704 6769 2156
7147 6 10 49 6 6704 6769 2156 2335 2348 293
7148 6 10 49 6 192 1774 1760 2147 6765 6695
7149 6 10 49 6 2147 6765 6695 2148 6766 6696
7150 6 10 49 6 2148 6766 6696 2149 6767 6697
7151 6 10 49 6 2149 6767 6697 2150 6768 6698
7152 6 10 49 6 2150 6768 6698 2151 6769 6699
7153 6 10 49 6 2151 6769 6699 294 2348 2334
7154 6 10 49 6 166 1777 167 2082 6780 2087
7155 6 10 49 6 2082 6780 2087 2083 6781 2088
7156 6 10 49 6 2083 6781 2088 2084 6782 2089
7157 6 10 49 6 2084 6782 2089 2085 6783 2090
7158 6 10 49 6 2085 6783 2090 2086 6784 2091
7159 6 10 49 6 2086 6784 2091 287 2351 288
7160 6 10 49 6 1760 1778 191 6695 6785 2142
7161 6 10 49 6 6695 6785 2142 6696 6786 2143
7162 6 10 49 6 6696 6786 2143 6697 6787 2144
7163 6 10 49 6 6697 6787 2144 6698 6788 2145
7164 6 10 49 6 6698 6788 2145 6699 6789 2146
7165 6 10 49 6 6699 6789 2146 2334 2352 295
7166 6 10 49 6 1759 1779 168 6690 6790 2092
7167 6 10 49 6 6690 6790 2092 6691 6791 2093
7168 6 10 49 6 6691 6791 2093 6692 6792 2094
7169 6 10 49 6 6692 6792 2094 6693 6793 2095
7170 6 10 49 6 6693 6793 2095 6694 6794 2096
7171 6 10 49 6 6694 6794 2096 2333 2353 289
7172 6 10 49 6 167 1777 1759 2087 6780 6690
7173 6 10 49 6 2087 6780 6690 2088 6781 6691
7174 6 10 49 6 2088 6781 6691 2089 6782 6692
7175 6 10 49 6 2089 6782 6692 2090 6783 6693
7176 6 10 49 6 2090 6783 6693 2091 6784 6694
7177 6 10 49 6 2091 6784 6694 288 2351 2333
7178 6 10 49 6 1771 1778 1760 6750 6785 6695
7179 6 10 49 6 6750 6785 6695 6751 6786 6696
7180 6 10 49 6 6751 6786 6696 6752 6787 6697
7181 6 10 49 6 6752 6787 6697 6753 6788 6698
7182 6 10 49 6 6753 6788 6698 6754 6789 6699
7183 6 10 49 6 6754 6789 6699 2345 2352 2334
7184 6 10 49 6 190 1778 1763 2137 6785 6710
7185 6 10 49 6 2137 6785 6710 2138 6786 6711
7186 6 10 49 6 2138 6786 6711 2139 6787 6712
7187 6 10 49 6 2139 6787 6712 2140 6788 6713
7188 6 10 49 6 2140 6788 6713 2141 6789 6714
7189 6 10 49 6 2141 6789 6714 296 2352 2337
7190 6 10 49 6 211 1775 1773 2295 6770 6760
7191 6 10 49 6 2295 6770 6760 2296 6771 6761
7192 6 10 49 6 2296 6771 6761 2297 6772 6762
7193 6 10 49 6 2297 6772 6762 2298 6773 6763
7194 6 10 49 6 2298 6773 6763 2299 6774 6764
7195 6 10 49 6 2299 6774 6764 316 2349 2347
7196 6 10 49 6 191 1778 190 2142 6785 2137
7197 6 10 49 6 2142 6785 2137 2143 6786 2138
7198 6 10 49 6 2143 6786 2138 2144 6787 2139
7199 6 10 49 6 2144 6787 2139 2145 6788 2140
7200 6 10 49 6 2145 6788 2140 2146 6789 2141
7201 6 10 49 6 2146 6789 2141 295 2352 296
7202 6 10 49 6 168 1779 169 2092 6790 2097
7203 6 10 49 6 2092 6790 2097 2093 6791 2098
7204 6 10 49 6 2093 6791 2098 2094 6792 2099
7205 6 10 49 6 2094 6792 2099 2095 6793 2100
7206 6 10 49 6 2095 6793 2100 2096 6794 2101
7207 6 10 49 6 2096 6794 2101 289 2353 290
7208 6 10 49 6 1767 1782 1771 6730 6805 6750
7209 6 10 49 6 6730 6805 6750 6731 6806 6751
7210 6 10 49 6 6731 6806 6751 6732 6807 6752
7211 6 10 49 6 6732 6807 6752 6733 6808 6753
7212 6 10 49 6 6733 6808 6753 6734 6809 6754
7213 6 10 49 6 6734 6809 6754 2341 2356 2345
7214 6 10 49 6 169 1779 1776 2097 6790 6775
7215 6 10 49 6 2097 6790 6775 2098 6791 6776
7216 6 10 49 6 2098 6791 6776 2099 6792 6777
7217 6 10 49 6 2099 6792 6777 2100 6793 6778
7218 6 10 49 6 2100 6793 6778 2101 6794 6779
7219 6 10 49 6 2101 6794 6779 290 2353 2350
7220 6 10 49 6 1775 1782 1773 6770 6805 6760
7221 6 10 49 6 6770 6805 6760 6771 6806 6761
7222 6 10 49 6 6771 6806 6761 6772 6807 6762
7223 6 10 49 6 6772 6807 6762 6773 6808 6763
7224 6 10 49 6 6773 6808 6763 6774 6809 6764
7225 6 10 49 6 6774 6809 6764 2349 2356 2347
7226 6 10 49 6 1763 1781 189 6710 6800 2132
7227 6 10 49 6 6710 6800 2132 6711 6801 2133
7228 6 10 49 6 6711 6801 2133 6712 6802 2134
7229 6 10 49 6 6712 6802 2134 6713 6803 2135
7230 6 10 49 6 6713 6803 2135 6714 6804 2136
7231 6 10 49 6 6714 6804 2136 2337 2355 297
7232 6 10 49 6 194 1780 1761 2157 6795 6700
7233 6 10 49 6 2157 6795 6700 2158 6796 6701
7234 6 10 49 6 2158 6796 6701 2159 6797 6702
7235 6 10 49 6 2159 6797 6702 2160 6798 6703
7236 6 10 49 6 2160 6798 6703 2161 6799 6704
7237 6 10 49 6 2161 6799 6704 292 2354 2335
7238 6 10 49 6 1773 1782 1767 6760 6805 6730
7239 6 10 49 6 6760 6805 6730 6761 6806 6731
7240 6 10 49 6 6761 6806 6731 6762 6807 6732
7241 6 10 49 6 6762 6807 6732 6763 6808 6733
7242 6 10 49 6 6763 6808 6733 6764 6809 6734
7243 6 10 49 6 6764 6809 6734 2347 2356 2341
7244 6 10 49 6 1763 1782 1775 6710 6805 6770
7245 6 10 49 6 6710 6805 6770 6711 6806 6771
7246 6 10 49 6 6711 6806 6771 6712 6807 6772
7247 6 10 49 6 6712 6807 6772 6713 6808 6773
7248 6 10 49 6 6713 6808 6773 6714 6809 6774
7249 6 10 49 6 6714 6809 6774 2337 2356 2349
7250 6 10 49 6 212 1781 1775 2300 6800 6770
7251 6 10 49 6 2300 6800 6770 2301 6801 6771
7252 6 10 49 6 2301 6801 6771 2302 6802 6772
7253 6 10 49 6 2302 6802 6772 2303 6803 6773
7254 6 10 49 6 2303 6803 6773 2304 6804 6774
7255 6 10 49 6 2304 6804 6774 315 2355 2349
7256 6 10 49 6 1776 1780 170 6775 6795 2102
7257 6 10 49 6 6775 6795 2102 6776 6796 2103
7258 6 10 49 6 6776 6796 2103 6777 6797 2104
7259 6 10 49 6 6777 6797 2104 6778 6798 2105
7260 6 10 49 6 6778 6798 2105 6779 6799 2106
7261 6 10 49 6 6779 6799 2106 2350 2354 291
7262 6 10 49 6 1775 1781 1763 6770 6800 6710
7263 6 10 49 6 6770 6800 6710 6771 6801 6711
7264 6 10 49 6 6771 6801 6711 6772 6802 6712
7265 6 10 49 6 6772 6802 6712 6773 6803 6713
7266 6 10 49 6 6773 6803 6713 6774 6804 6714
7267 6 10 49 6 6774 6804 6714 2349 2355 2337
7268 6 10 49 6 1761 1780 1776 6700 6795 6775
7269 6 10 49 6 6700 6795 6775 6701 6796 6776
7270 6 10 49 6 6701 6796 6776 6702 6797 6777
7271 6 10 49 6 6702 6797 6777 6703 6798 6778
7272 6 10 49 6 6703 6798 6778 6704 6799 6779
7273 6 10 49 6 6704 6799 6779 2335 2354 2350
7274 6 11 50 6 2531 2368 2579 6984 6821 7032
7275 6 11 50 6 6984 6821 7032 3913 3750 3961
7276 6 11 50 6 2509 2366 2649 6962 6819 7102
7277 6 11 50 6 6962 6819 7102 3891 3748 4031
7278 6 11 50 6 2567 2364 2584 7020 6817 7037
7279 6 11 50 6 7020 6817 7037 3949 3746 3966
7280 6 11 50 6 2360 2512 2569 6813 6965 7022
7281 6 11 50 6 6813 6965 7022 3742 3894 3951
7282 6 11 50 6 16 2369 2490 958 6822 6943
7283 6 11 50 6 958 6822 6943 84 3751 3872
7284 6 11 50 6 2365 356 2520 6818 3730 6973
7285 6 11 50 6 6818 3730 6973 3747 948 3902
7286 6 11 50 6 361 2361 2547 3735 6814 7000
7287 6 11 50 6 3735 6814 7000 953 3743 3929
7288 6 11 50 6 2544 344 2628 6997 3718 7081
7289 6 11 50 6 6997 3718 7081 3926 936 4010
7290 6 11 50 6 2512 2360 2695 6965 6813 7148
7291 6 11 50 6 6965 6813 7148 3894 3742 4077
7292 6 11 50 6 2469 2567 2584 6922 7020 7037
7293 6 11 50 6 6922 7020 7037 3851 3949 3966
7294 6 11 50 6 2371 321 2697 6824 3695 7150
7295 6 11 50 6 6824 3695 7150 3753 913 4079
7296 6 11 50 6 2366 2509 2690 6819 6962 7143
7297 6 11 50 6 6819 6962 7143 3748 3891 4072
7298 6 11 50 6 2366 2535 2649 6819 6988 7102
7299 6 11 50 6 6819 6988 7102 3748 3917 4031
7300 6 11 50 6 2358 2530 2678 6811 6983 7131
7301 6 11 50 6 6811 6983 7131 3740 3912 4060
7302 6 11 50 6 339 2362 2679 3713 6815 7132
7303 6 11 50 6 3713 6815 7132 931 3744 4061
7304 6 11 50 6 321 2642 2697 3695 7095 7150
7305 6 11 50 6 3695 7095 7150 913 4024 4079
7306 6 11 50 6 2369 332 2375 6822 3706 6828
7307 6 11 50 6 6822 3706 6828 3751 924 3757
7308 6 11 50 6 355 2365 2510 3729 6818 6963
7309 6 11 50 6 3729 6818 6963 947 3747 3892
7310 6 11 50 6 2360 337 2553 6813 3711 7006
7311 6 11 50 6 6813 3711 7006 3742 929 3935
7312 6 11 50 6 2358 327 2530 6811 3701 6983
7313 6 11 50 6 6811 3701 6983 3740 919 3912
7314 6 11 50 6 2357 349 2551 6810 3723 7004
7315 6 11 50 6 6810 3723 7004 3739 941 3933
7316 6 11 50 6 2554 339 2679 7007 3713 7132
7317 6 11 50 6 7007 3713 7132 3936 931 4061
7318 6 11 50 6 2502 2561 2667 6955 7014 7120
7319 6 11 50 6 6955 7014 7120 3884 3943 4049
7320 6 11 50 6 2369 2375 2376 6822 6828 6829
7321 6 11 50 6 6822 6828 6829 3751 3757 3758
7322 6 11 50 6 2510 2365 2518 6963 6818 6971
7323 6 11 50 6 6963 6818 6971 3892 3747 3900
7324 6 11 50 6 2555 2566 2698 7008 7019 7151
7325 6 11 50 6 7008 7019 7151 3937 3948 4080
7326 6 11 50 6 2689 2574 2696 7142 7027 7149
7327 6 11 50 6 7142 7027 7149 4071 3956 4078
7328 6 11 50 6 2368 2552 2579 6821 7005 7032
7329 6 11 50 6 6821 7005 7032 3750 3934 3961
7330 6 11 50 6 2574 2541 2696 7027 6994 7149
7331 6 11 50 6 7027 6994 7149 3956 3923 4078
7332 6 11 50 6 2370 354 2693 6823 3728 7146
7333 6 11 50 6 6823 3728 7146 3752 946 4075
7334 6 11 50 6 341 2373 2537 3715 6826 6990
7335 6 11 50 6 3715 6826 6990 933 3755 3919
7336 6 11 50 6 363 2374 2536 3737 6827 6989
7337 6 11 50 6 3737 6827 6989 955 3756 3918
7338 6 11 50 6 2570 2484 2681 7023 6937 7134
7339 6 11 50 6 7023 6937 7134 3952 3866 4063
7340 6 11 50 6 2561 2502 2652 7014 6955 7105
7341 6 11 50 6 7014 6955 7105 3943 3884 4034
7342 6 11 50 6 2546 2457 2548 6999 6910 7001
7343 6 11 50 6 6999 6910 7001 3928 3839 3930
7344 6 11 50 6 2539 2538 2540 6992 6991 6993
7345 6 11 50 6 6992 6991 6993 3921 3920 3922
7346 6 11 50 6 2532 14 2533 6985 7164 6986
7347 6 11 50 6 6985 7164 6986 3914 4093 3915
7348 6 11 50 6 2571 2570 2681 7024 7023 7134
7349 6 11 50 6 7024 7023 7134 3953 3952 4063
7350 6 11 50 6 2361 362 2536 6814 3736 6989
7351 6 11 50 6 6814 3736 6989 3743 954 3918
7352 6 11 50 6 2362 340 2537 6815 3714 6990
7353 6 11 50 6 6815 3714 6990 3744 932 3919
7354 6 11 50 6 16 2490 2672 958 6943 7125
7355 6 11 50 6 958 6943 7125 84 3872 4054
7356 6 11 50 6 2557 2556 2558 7010 7009 7011
7357 6 11 50 6 7010 7009 7011 3939 3938 3940
7358 6 11 50 6 2520 356 2673 6973 3730 7126
7359 6 11 50 6 6973 3730 7126 3902 948 4055
7360 6 11 50 6 2360 2553 2565 6813 7006 7018
7361 6 11 50 6 6813 7006 7018 3742 3935 3947
7362 6 11 50 6 361 2547 2687 3735 7000 7140
7363 6 11 50 6 3735 7000 7140 953 3929 4069
7364 6 11 50 6 18 2370 2696 960 6823 7149
7365 6 11 50 6 960 6823 7149 86 3752 4078
7366 6 11 50 6 353 2538 2539 3727 6991 6992
7367 6 11 50 6 3727 6991 6992 945 3920 3921
7368 6 11 50 6 2363 330 2676 6816 3704 7129
7369 6 11 50 6 6816 3704 7129 3745 922 4058
7370 6 11 50 6 2357 2551 2570 6810 7004 7023
7371 6 11 50 6 6810 7004 7023 3739 3933 3952
7372 6 11 50 6 2466 2504 2518 6919 6957 6971
7373 6 11 50 6 6919 6957 6971 3848 3886 3900
7374 6 11 50 6 2555 348 2707 7008 3722 7160
7375 6 11 50 6 7008 3722 7160 3937 940 4089
7376 6 11 50 6 2361 2536 2545 6814 6989 6998
7377 6 11 50 6 6814 6989 6998 3743 3918 3927
7378 6 11 50 6 358 2359 2563 3732 6812 7016
7379 6 11 50 6 3732 6812 7016 950 3741 3945
7380 6 11 50 6 323 2367 2564 3697 6820 7017
7381 6 11 50 6 3697 6820 7017 915 3749 3946
7382 6 11 50 6 2553 338 2554 7006 3712 7007
7383 6 11 50 6 7006 3712 7007 3935 930 3936
7384 6 11 50 6 2538 18 2696 6991 960 7149
7385 6 11 50 6 6991 960 7149 3920 86 4078
7386 6 11 50 6 351 2364 2567 3725 6817 7020
7387 6 11 50 6 3725 6817 7020 943 3746 3949
7388 6 11 50 6 344 2544 2665 3718 6997 7118
7389 6 11 50 6 3718 6997 7118 936 3926 4047
7390 6 11 50 6 2527 2651 2686 6980 7104 7139
7391 6 11 50 6 6980 7104 7139 3909 4033 4068
7392 6 11 50 6 325 2556 2557 3699 7009 7010
7393 6 11 50 6 3699 7009 7010 917 3938 3939
7394 6 11 50 6 326 2358 2701 3700 6811 7154
7395 6 11 50 6 3700 6811 7154 918 3740 4083
7396 6 11 50 6 2529 2527 2686 6982 6980 7139
7397 6 11 50 6 6982 6980 7139 3911 3909 4068
7398 6 11 50 6 14 2532 2562 7164 6985 7015
7399 6 11 50 6 7164 6985 7015 4093 3914 3944
7400 6 11 50 6 2564 2503 2642 7017 6956 7095
7401 6 11 50 6 7017 6956 7095 3946 3885 4024
7402 6 11 50 6 336 2360 2569 3710 6813 7022
7403 6 11 50 6 3710 6813 7022 928 3742 3951
7404 6 11 50 6 2618 2645 2683 7071 7098 7136
7405 6 11 50 6 7071 7098 7136 4000 4027 4065
7406 6 11 50 6 2586 2439 2621 7039 6892 7074
7407 6 11 50 6 7039 6892 7074 3968 3821 4003
7408 6 11 50 6 2548 2457 2550 7001 6910 7003
7409 6 11 50 6 7001 6910 7003 3930 3839 3932
7410 6 11 50 6 2638 335 2639 7091 3709 7092
7411 6 11 50 6 7091 3709 7092 4020 927 4021
7412 6 11 50 6 329 2363 2657 3703 6816 7110
7413 6 11 50 6 3703 6816 7110 921 3745 4039
7414 6 11 50 6 15 2371 2631 957 6824 7084
7415 6 11 50 6 957 6824 7084 83 3753 4013
7416 6 11 50 6 17 2372 2632 959 6825 7085
7417 6 11 50 6 959 6825 7085 85 3754 4014
7418 6 11 50 6 2362 2517 2679 6815 6970 7132
7419 6 11 50 6 6815 6970 7132 3744 3899 4061
7420 6 11 50 6 2368 2531 2628 6821 6984 7081
7421 6 11 50 6 6821 6984 7081 3750 3913 4010
7422 6 11 50 6 18 354 2370 960 3728 6823
7423 6 11 50 6 960 3728 6823 86 946 3752
7424 6 11 50 6 16 332 2369 958 3706 6822
7425 6 11 50 6 958 3706 6822 84 924 3751
7426 6 11 50 6 333 334 2366 3707 3708 6819
7427 6 11 50 6 3707 3708 6819 925 926 3748
7428 6 11 50 6 351 352 2364 3725 3726 6817
7429 6 11 50 6 3725 3726 6817 943 944 3746
7430 6 11 50 6 355 356 2365 3729 3730 6818
7431 6 11 50 6 3729 3730 6818 947 948 3747
7432 6 11 50 6 329 330 2363 3703 3704 6816
7433 6 11 50 6 3703 3704 6816 921 922 3745
7434 6 11 50 6 336 337 2360 3710 3711 6813
7435 6 11 50 6 3710 3711 6813 928 929 3742
7436 6 11 50 6 326 327 2358 3700 3701 6811
7437 6 11 50 6 3700 3701 6811 918 919 3740
7438 6 11 50 6 345 346 2368 3719 3720 6821
7439 6 11 50 6 3719 3720 6821 937 938 3750
7440 6 11 50 6 323 324 2367 3697 3698 6820
7441 6 11 50 6 3697 3698 6820 915 916 3749
7442 6 11 50 6 361 362 2361 3735 3736 6814
7443 6 11 50 6 3735 3736 6814 953 954 3743
7444 6 11 50 6 339 340 2362 3713 3714 6815
7445 6 11 50 6 3713 3714 6815 931 932 3744
7446 6 11 50 6 363 364 2374 3737 3738 6827
7447 6 11 50 6 3737 3738 6827 955 956 3756
7448 6 11 50 6 341 342 2373 3715 3716 6826
7449 6 11 50 6 3715 3716 6826 933 934 3755
7450 6 11 50 6 15 321 2371 957 3695 6824
7451 6 11 50 6 957 3695 6824 83 913 3753
7452 6 11 50 6 17 343 2372 959 3717 6825
7453 6 11 50 6 959 3717 6825 85 935 3754
7454 6 11 50 6 2553 2554 2643 7006 7007 7096
7455 6 11 50 6 7006 7007 7096 3935 3936 4025
7456 6 11 50 6 2468 2484 2641 6921 6937 7094
7457 6 11 50 6 6921 6937 7094 3850 3866 4023
7458 6 11 50 6 2374 364 2631 6827 3738 7084
7459 6 11 50 6 6827 3738 7084 3756 956 4013
7460 6 11 50 6 2373 342 2632 6826 3716 7085
7461 6 11 50 6 6826 3716 7085 3755 934 4014
7462 6 11 50 6 357 2563 2699 3731 7016 7152
7463 6 11 50 6 3731 7016 7152 949 3945 4081
7464 6 11 50 6 358 359 2671 3732 3733 7124
7465 6 11 50 6 3732 3733 7124 950 951 4053
7466 6 11 50 6 2526 2588 2668 6979 7041 7121
7467 6 11 50 6 6979 7041 7121 3908 3970 4050
7468 6 11 50 6 2686 2572 2704 7139 7025 7157
7469 6 11 50 6 7139 7025 7157 4068 3954 4086
7470 6 11 50 6 2537 2373 2626 6990 6826 7079
7471 6 11 50 6 6990 6826 7079 3919 3755 4008
7472 6 11 50 6 2645 2363 2683 7098 6816 7136
7473 6 11 50 6 7098 6816 7136 4027 3745 4065
7474 6 11 50 6 2364 352 2688 6817 3726 7141
7475 6 11 50 6 6817 3726 7141 3746 944 4070
7476 6 11 50 6 2372 343 2665 6825 3717 7118
7477 6 11 50 6 6825 3717 7118 3754 935 4047
7478 6 11 50 6 345 2368 2628 3719 6821 7081
7479 6 11 50 6 3719 6821 7081 937 3750 4010
7480 6 11 50 6 333 2366 2690 3707 6819 7143
7481 6 11 50 6 3707 6819 7143 925 3748 4072
7482 6 11 50 6 2366 334 2638 6819 3708 7091
7483 6 11 50 6 6819 3708 7091 3748 926 4020
7484 6 11 50 6 2517 2362 2653 6970 6815 7106
7485 6 11 50 6 6970 6815 7106 3899 3744 4035
7486 6 11 50 6 2367 324 2702 6820 3698 7155
7487 6 11 50 6 6820 3698 7155 3749 916 4084
7488 6 11 50 6 354 2510 2693 3728 6963 7146
7489 6 11 50 6 3728 6963 7146 946 3892 4075
7490 6 11 50 6 2368 346 2669 6821 3720 7122
7491 6 11 50 6 6821 3720 7122 3750 938 4051
7492 6 11 50 6 2556 326 2701 7009 3700 7154
7493 6 11 50 6 7009 3700 7154 3938 918 4083
7494 6 11 50 6 2362 2537 2653 6815 6990 7106
7495 6 11 50 6 6815 6990 7106 3744 3919 4035
7496 6 11 50 6 2573 2572 2686 7026 7025 7139
7497 6 11 50 6 7026 7025 7139 3955 3954 4068
7498 6 11 50 6 2543 2497 2694 6996 6950 7147
7499 6 11 50 6 6996 6950 7147 3925 3879 4076
7500 6 11 50 6 2536 2374 2700 6989 6827 7153
7501 6 11 50 6 6989 6827 7153 3918 3756 4082
7502 6 11 50 6 350 2567 2654 3724 7020 7107
7503 6 11 50 6 3724 7020 7107 942 3949 4036
7504 6 11 50 6 2535 2366 2710 6988 6819 7163
7505 6 11 50 6 6988 6819 7163 3917 3748 4092
7506 6 11 50 6 353 18 2538 3727 960 6991
7507 6 11 50 6 3727 960 6991 945 86 3920
7508 6 11 50 6 2567 2469 2654 7020 6922 7107
7509 6 11 50 6 7020 6922 7107 3949 3851 4036
7510 6 11 50 6 335 2569 2639 3709 7022 7092
7511 6 11 50 6 3709 7022 7092 927 3951 4021
7512 6 11 50 6 352 2539 2688 3726 6992 7141
7513 6 11 50 6 3726 6992 7141 944 3921 4070
7514 6 11 50 6 2375 333 2690 6828 3707 7143
7515 6 11 50 6 6828 3707 7143 3757 925 4072
7516 6 11 50 6 2363 2645 2657 6816 7098 7110
7517 6 11 50 6 6816 7098 7110 3745 4027 4039
7518 6 11 50 6 2374 2631 2635 6827 7084 7088
7519 6 11 50 6 6827 7084 7088 3756 4013 4017
7520 6 11 50 6 2497 2543 2647 6950 6996 7100
7521 6 11 50 6 6950 6996 7100 3879 3925 4029
7522 6 11 50 6 2457 2546 2661 6910 6999 7114
7523 6 11 50 6 6910 6999 7114 3839 3928 4043
7524 6 11 50 6 2372 2534 2660 6825 6987 7113
7525 6 11 50 6 6825 6987 7113 3754 3916 4042
7526 6 11 50 6 347 2555 2698 3721 7008 7151
7527 6 11 50 6 3721 7008 7151 939 3937 4080
7528 6 11 50 6 2530 328 2658 6983 3702 7111
7529 6 11 50 6 6983 3702 7111 3912 920 4040
7530 6 11 50 6 2586 2621 2677 7039 7074 7130
7531 6 11 50 6 7039 7074 7130 3968 4003 4059
7532 6 11 50 6 2648 2600 2659 7101 7053 7112
7533 6 11 50 6 7101 7053 7112 4030 3982 4041
7534 6 11 50 6 344 345 2628 3718 3719 7081
7535 6 11 50 6 3718 3719 7081 936 937 4010
7536 6 11 50 6 347 348 2555 3721 3722 7008
7537 6 11 50 6 3721 3722 7008 939 940 3937
7538 6 11 50 6 325 326 2556 3699 3700 7009
7539 6 11 50 6 3699 3700 7009 917 918 3938
7540 6 11 50 6 348 349 2707 3722 3723 7160
7541 6 11 50 6 3722 3723 7160 940 941 4089
7542 6 11 50 6 2533 14 2629 6986 7164 7082
7543 6 11 50 6 6986 7164 7082 3915 4093 4011
7544 6 11 50 6 338 339 2554 3712 3713 7007
7545 6 11 50 6 3712 3713 7007 930 931 3936
7546 6 11 50 6 2632 2372 2660 7085 6825 7113
7547 6 11 50 6 7085 6825 7113 4014 3754 4042
7548 6 11 50 6 2466 2518 2656 6919 6971 7109
7549 6 11 50 6 6919 6971 7109 3848 3900 4038
7550 6 11 50 6 2484 2570 2641 6937 7023 7094
7551 6 11 50 6 6937 7023 7094 3866 3952 4023
7552 6 11 50 6 332 333 2375 3706 3707 6828
7553 6 11 50 6 3706 3707 6828 924 925 3757
7554 6 11 50 6 2551 350 2654 7004 3724 7107
7555 6 11 50 6 7004 3724 7107 3933 942 4036
7556 6 11 50 6 354 355 2510 3728 3729 6963
7557 6 11 50 6 3728 3729 6963 946 947 3892
7558 6 11 50 6 2503 2564 2666 6956 7017 7119
7559 6 11 50 6 6956 7017 7119 3885 3946 4048
7560 6 11 50 6 352 353 2539 3726 3727 6992
7561 6 11 50 6 3726 3727 6992 944 945 3921
7562 6 11 50 6 327 328 2530 3701 3702 6983
7563 6 11 50 6 3701 3702 6983 919 920 3912
7564 6 11 50 6 349 350 2551 3723 3724 7004
7565 6 11 50 6 3723 3724 7004 941 942 3933
7566 6 11 50 6 2588 2452 2668 7041 6905 7121
7567 6 11 50 6 7041 6905 7121 3970 3834 4050
7568 6 11 50 6 2494 2545 2700 6947 6998 7153
7569 6 11 50 6 6947 6998 7153 3876 3927 4082
7570 6 11 50 6 337 338 2553 3711 3712 7006
7571 6 11 50 6 3711 3712 7006 929 930 3935
7572 6 11 50 6 2620 2644 2649 7073 7097 7102
7573 6 11 50 6 7073 7097 7102 4002 4026 4031
7574 6 11 50 6 2576 2502 2667 7029 6955 7120
7575 6 11 50 6 7029 6955 7120 3958 3884 4049
7576 6 11 50 6 2563 2359 2651 7016 6812 7104
7577 6 11 50 6 7016 6812 7104 3945 3741 4033
7578 6 11 50 6 2658 2511 2682 7111 6964 7135
7579 6 11 50 6 7111 6964 7135 4040 3893 4064
7580 6 11 50 6 2650 2494 2700 7103 6947 7153
7581 6 11 50 6 7103 6947 7153 4032 3876 4082
7582 6 11 50 6 2564 2367 2666 7017 6820 7119
7583 6 11 50 6 7017 6820 7119 3946 3749 4048
7584 6 11 50 6 350 351 2567 3724 3725 7020
7585 6 11 50 6 3724 3725 7020 942 943 3949
7586 6 11 50 6 2576 2560 2637 7029 7013 7090
7587 6 11 50 6 7029 7013 7090 3958 3942 4019
7588 6 11 50 6 2588 2526 2664 7041 6979 7117
7589 6 11 50 6 7041 6979 7117 3970 3908 4046
7590 6 11 50 6 2357 2684 2707 6810 7137 7160
7591 6 11 50 6 6810 7137 7160 3739 4066 4089
7592 6 11 50 6 357 358 2563 3731 3732 7016
7593 6 11 50 6 3731 3732 7016 949 950 3945
7594 6 11 50 6 324 2557 2702 3698 7010 7155
7595 6 11 50 6 3698 7010 7155 916 3939 4084
7596 6 11 50 6 334 335 2638 3708 3709 7091
7597 6 11 50 6 3708 3709 7091 926 927 4020
7598 6 11 50 6 2518 2504 2692 6971 6957 7145
7599 6 11 50 6 6971 6957 7145 3900 3886 4074
7600 6 11 50 6 324 325 2557 3698 3699 7010
7601 6 11 50 6 3698 3699 7010 916 917 3939
7602 6 11 50 6 335 336 2569 3709 3710 7022
7603 6 11 50 6 3709 3710 7022 927 928 3951
7604 6 11 50 6 2374 2635 2650 6827 7088 7103
7605 6 11 50 6 6827 7088 7103 3756 4017 4032
7606 6 11 50 6 330 2675 2676 3704 7128 7129
7607 6 11 50 6 3704 7128 7129 922 4057 4058
7608 6 11 50 6 2516 2638 2639 6969 7091 7092
7609 6 11 50 6 6969 7091 7092 3898 4020 4021
7610 6 11 50 6 2481 2562 2625 6934 7015 7078
7611 6 11 50 6 6934 7015 7078 3863 3944 4007
7612 6 11 50 6 2562 2532 2625 7015 6985 7078
7613 6 11 50 6 7015 6985 7078 3944 3914 4007
7614 6 11 50 6 2369 2376 2377 6822 6829 6830
7615 6 11 50 6 6822 6829 6830 3751 3758 3759
7616 6 11 50 6 2376 2375 2509 6829 6828 6962
7617 6 11 50 6 6829 6828 6962 3758 3757 3891
7618 6 11 50 6 2518 2365 2519 6971 6818 6972
7619 6 11 50 6 6971 6818 6972 3900 3747 3901
7620 6 11 50 6 2540 2538 2541 6993 6991 6994
7621 6 11 50 6 6993 6991 6994 3922 3920 3923
7622 6 11 50 6 2539 2540 2542 6992 6993 6995
7623 6 11 50 6 6992 6993 6995 3921 3922 3924
7624 6 11 50 6 14 2648 2659 7164 7101 7112
7625 6 11 50 6 7164 7101 7112 4093 4030 4041
7626 6 11 50 6 2557 2558 2561 7010 7011 7014
7627 6 11 50 6 7010 7011 7014 3939 3940 3943
7628 6 11 50 6 2558 2556 2559 7011 7009 7012
7629 6 11 50 6 7011 7009 7012 3940 3938 3941
7630 6 11 50 6 2358 2646 2701 6811 7099 7154
7631 6 11 50 6 6811 7099 7154 3740 4028 4083
7632 6 11 50 6 2361 2545 2546 6814 6998 6999
7633 6 11 50 6 6814 6998 6999 3743 3927 3928
7634 6 11 50 6 2469 2468 2641 6922 6921 7094
7635 6 11 50 6 6922 6921 7094 3851 3850 4023
7636 6 11 50 6 2631 2371 2635 7084 6824 7088
7637 6 11 50 6 7084 6824 7088 4013 3753 4017
7638 6 11 50 6 340 341 2537 3714 3715 6990
7639 6 11 50 6 3714 3715 6990 932 933 3919
7640 6 11 50 6 362 363 2536 3736 3737 6989
7641 6 11 50 6 3736 3737 6989 954 955 3918
7642 6 11 50 6 2565 2553 2643 7018 7006 7096
7643 6 11 50 6 7018 7006 7096 3947 3935 4025
7644 6 11 50 6 2569 2512 2663 7022 6965 7116
7645 6 11 50 6 7022 6965 7116 3951 3894 4045
7646 6 11 50 6 2529 2686 2704 6982 7139 7157
7647 6 11 50 6 6982 7139 7157 3911 4068 4086
7648 6 11 50 6 2530 2658 2682 6983 7111 7135
7649 6 11 50 6 6983 7111 7135 3912 4040 4064
7650 6 11 50 6 2559 2646 2662 7012 7099 7115
7651 6 11 50 6 7012 7099 7115 3941 4028 4044
7652 6 11 50 6 2674 2364 2688 7127 6817 7141
7653 6 11 50 6 7127 6817 7141 4056 3746 4070
7654 6 11 50 6 322 323 2564 3696 3697 7017
7655 6 11 50 6 3696 3697 7017 914 915 3946
7656 6 11 50 6 2534 2372 2680 6987 6825 7133
7657 6 11 50 6 6987 6825 7133 3916 3754 4062
7658 6 11 50 6 2548 2550 2572 7001 7003 7025
7659 6 11 50 6 7001 7003 7025 3930 3932 3954
7660 6 11 50 6 322 2564 2642 3696 7017 7095
7661 6 11 50 6 3696 7017 7095 914 3946 4024
7662 6 11 50 6 2584 2364 2674 7037 6817 7127
7663 6 11 50 6 7037 6817 7127 3966 3746 4056
7664 6 11 50 6 2644 2509 2649 7097 6962 7102
7665 6 11 50 6 7097 6962 7102 4026 3891 4031
7666 6 11 50 6 2497 2595 2694 6950 7048 7147
7667 6 11 50 6 6950 7048 7147 3879 3977 4076
7668 6 11 50 6 2367 2561 2652 6820 7014 7105
7669 6 11 50 6 6820 7014 7105 3749 3943 4034
7670 6 11 50 6 328 2657 2658 3702 7110 7111
7671 6 11 50 6 3702 7110 7111 920 4039 4040
7672 6 11 50 6 321 322 2642 3695 3696 7095
7673 6 11 50 6 3695 3696 7095 913 914 4024
7674 6 11 50 6 2560 2576 2667 7013 7029 7120
7675 6 11 50 6 7013 7029 7120 3942 3958 4049
7676 6 11 50 6 2560 2559 2662 7013 7012 7115
7677 6 11 50 6 7013 7012 7115 3942 3941 4044
7678 6 11 50 6 2561 2367 2702 7014 6820 7155
7679 6 11 50 6 7014 6820 7155 3943 3749 4084
7680 6 11 50 6 2646 2358 2678 7099 6811 7131
7681 6 11 50 6 7099 6811 7131 4028 3740 4060
7682 6 11 50 6 2357 2571 2684 6810 7024 7137
7683 6 11 50 6 6810 7024 7137 3739 3953 4066
7684 6 11 50 6 2377 2376 2378 6830 6829 6831
7685 6 11 50 6 6830 6829 6831 3759 3758 3760
7686 6 11 50 6 2369 2377 2490 6822 6830 6943
7687 6 11 50 6 6822 6830 6943 3751 3759 3872
7688 6 11 50 6 2519 2365 2520 6972 6818 6973
7689 6 11 50 6 6972 6818 6973 3901 3747 3902
7690 6 11 50 6 2540 2541 2543 6993 6994 6996
7691 6 11 50 6 6993 6994 6996 3922 3923 3925
7692 6 11 50 6 2558 2559 2560 7011 7012 7013
7693 6 11 50 6 7011 7012 7013 3940 3941 3942
7694 6 11 50 6 2562 2481 2633 7015 6934 7086
7695 6 11 50 6 7015 6934 7086 3944 3863 4015
7696 6 11 50 6 328 329 2657 3702 3703 7110
7697 6 11 50 6 3702 3703 7110 920 921 4039
7698 6 11 50 6 2361 2546 2547 6814 6999 7000
7699 6 11 50 6 6814 6999 7000 3743 3928 3929
7700 6 11 50 6 2517 2587 2679 6970 7040 7132
7701 6 11 50 6 6970 7040 7132 3899 3969 4061
7702 6 11 50 6 2357 2570 2571 6810 7023 7024
7703 6 11 50 6 6810 7023 7024 3739 3952 3953
7704 6 11 50 6 330 331 2675 3704 3705 7128
7705 6 11 50 6 3704 3705 7128 922 923 4057
7706 6 11 50 6 2377 2378 2379 6830 6831 6832
7707 6 11 50 6 6830 6831 6832 3759 3760 3761
7708 6 11 50 6 2519 2520 2521 6972 6973 6974
7709 6 11 50 6 6972 6973 6974 3901 3902 3903
7710 6 11 50 6 2510 2518 2692 6963 6971 7145
7711 6 11 50 6 6963 6971 7145 3892 3900 4074
7712 6 11 50 6 2547 2546 2548 7000 6999 7001
7713 6 11 50 6 7000 6999 7001 3929 3928 3930
7714 6 11 50 6 2554 2587 2643 7007 7040 7096
7715 6 11 50 6 7007 7040 7096 3936 3969 4025
7716 6 11 50 6 2379 2378 2380 6832 6831 6833
7717 6 11 50 6 6832 6831 6833 3761 3760 3762
7718 6 11 50 6 2521 2520 2522 6974 6973 6975
7719 6 11 50 6 6974 6973 6975 3903 3902 3904
7720 6 11 50 6 2547 2548 2549 7000 7001 7002
7721 6 11 50 6 7000 7001 7002 3929 3930 3931
7722 6 11 50 6 2481 2625 2627 6934 7078 7080
7723 6 11 50 6 6934 7078 7080 3863 4007 4009
7724 6 11 50 6 2625 2496 2627 7078 6949 7080
7725 6 11 50 6 7078 6949 7080 4007 3878 4009
7726 6 11 50 6 2379 2380 2382 6832 6833 6835
7727 6 11 50 6 6832 6833 6835 3761 3762 3764
7728 6 11 50 6 2380 2378 2381 6833 6831 6834
7729 6 11 50 6 6833 6831 6834 3762 3760 3763
7730 6 11 50 6 2521 2522 2523 6974 6975 6976
7731 6 11 50 6 6974 6975 6976 3903 3904 3905
7732 6 11 50 6 2549 2548 2572 7002 7001 7025
7733 6 11 50 6 7002 7001 7025 3931 3930 3954
7734 6 11 50 6 2379 2382 2383 6832 6835 6836
7735 6 11 50 6 6832 6835 6836 3761 3764 3765
7736 6 11 50 6 2380 2381 2385 6833 6834 6838
7737 6 11 50 6 6833 6834 6838 3762 3763 3767
7738 6 11 50 6 2521 2523 2524 6974 6976 6977
7739 6 11 50 6 6974 6976 6977 3903 3905 3906
7740 6 11 50 6 2549 2572 2573 7002 7025 7026
7741 6 11 50 6 7002 7025 7026 3931 3954 3955
7742 6 11 50 6 2370 2689 2696 6823 7142 7149
7743 6 11 50 6 6823 7142 7149 3752 4071 4078
7744 6 11 50 6 2383 2382 2384 6836 6835 6837
7745 6 11 50 6 6836 6835 6837 3765 3764 3766
7746 6 11 50 6 2385 2381 2386 6838 6834 6839
7747 6 11 50 6 6838 6834 6839 3767 3763 3768
7748 6 11 50 6 2524 2523 2525 6977 6976 6978
7749 6 11 50 6 6977 6976 6978 3906 3905 3907
7750 6 11 50 6 2383 2384 2421 6836 6837 6874
7751 6 11 50 6 6836 6837 6874 3765 3766 3803
7752 6 11 50 6 2385 2386 2387 6838 6839 6840
7753 6 11 50 6 6838 6839 6840 3767 3768 3769
7754 6 11 50 6 2524 2525 2526 6977 6978 6979
7755 6 11 50 6 6977 6978 6979 3906 3907 3908
7756 6 11 50 6 2525 2523 2527 6978 6976 6980
7757 6 11 50 6 6978 6976 6980 3907 3905 3909
7758 6 11 50 6 2421 2384 2422 6874 6837 6875
7759 6 11 50 6 6874 6837 6875 3803 3766 3804
7760 6 11 50 6 2385 2387 2485 6838 6840 6938
7761 6 11 50 6 6838 6840 6938 3767 3769 3867
7762 6 11 50 6 2387 2386 2388 6840 6839 6841
7763 6 11 50 6 6840 6839 6841 3769 3768 3770
7764 6 11 50 6 2383 2421 2483 6836 6874 6936
7765 6 11 50 6 6836 6874 6936 3765 3803 3865
7766 6 11 50 6 2525 2527 2528 6978 6980 6981
7767 6 11 50 6 6978 6980 6981 3907 3909 3910
7768 6 11 50 6 2597 2614 2615 7050 7067 7068
7769 6 11 50 6 7050 7067 7068 3979 3996 3997
7770 6 11 50 6 2388 2386 2411 6841 6839 6864
7771 6 11 50 6 6841 6839 6864 3770 3768 3793
7772 6 11 50 6 2422 2384 2423 6875 6837 6876
7773 6 11 50 6 6875 6837 6876 3804 3766 3805
7774 6 11 50 6 2387 2388 2389 6840 6841 6842
7775 6 11 50 6 6840 6841 6842 3769 3770 3771
7776 6 11 50 6 2483 2421 2499 6936 6874 6952
7777 6 11 50 6 6936 6874 6952 3865 3803 3881
7778 6 11 50 6 2528 2527 2529 6981 6980 6982
7779 6 11 50 6 6981 6980 6982 3910 3909 3911
7780 6 11 50 6 2389 2388 2390 6842 6841 6843
7781 6 11 50 6 6842 6841 6843 3771 3770 3772
7782 6 11 50 6 2422 2423 2424 6875 6876 6877
7783 6 11 50 6 6875 6876 6877 3804 3805 3806
7784 6 11 50 6 2483 2499 2500 6936 6952 6953
7785 6 11 50 6 6936 6952 6953 3865 3881 3882
7786 6 11 50 6 2528 2529 2568 6981 6982 7021
7787 6 11 50 6 6981 6982 7021 3910 3911 3950
7788 6 11 50 6 2422 2424 2425 6875 6877 6878
7789 6 11 50 6 6875 6877 6878 3804 3806 3807
7790 6 11 50 6 2389 2390 2391 6842 6843 6844
7791 6 11 50 6 6842 6843 6844 3771 3772 3773
7792 6 11 50 6 2391 2390 2392 6844 6843 6845
7793 6 11 50 6 6844 6843 6845 3773 3772 3774
7794 6 11 50 6 2425 2424 2426 6878 6877 6879
7795 6 11 50 6 6878 6877 6879 3807 3806 3808
7796 6 11 50 6 2391 2392 2393 6844 6845 6846
7797 6 11 50 6 6844 6845 6846 3773 3774 3775
7798 6 11 50 6 2426 2424 2427 6879 6877 6880
7799 6 11 50 6 6879 6877 6880 3808 3806 3809
7800 6 11 50 6 2425 2426 2440 6878 6879 6893
7801 6 11 50 6 6878 6879 6893 3807 3808 3822
7802 6 11 50 6 2426 2428 2606 6879 6881 7059
7803 6 11 50 6 6879 6881 7059 3808 3810 3988
7804 6 11 50 6 2426 2427 2428 6879 6880 6881
7805 6 11 50 6 6879 6880 6881 3808 3809 3810
7806 6 11 50 6 2425 2440 2462 6878 6893 6915
7807 6 11 50 6 6878 6893 6915 3807 3822 3844
7808 6 11 50 6 2393 2392 2394 6846 6845 6847
7809 6 11 50 6 6846 6845 6847 3775 3774 3776
7810 6 11 50 6 2393 2400 2603 6846 6853 7056
7811 6 11 50 6 6846 6853 7056 3775 3782 3985
7812 6 11 50 6 2391 2393 2603 6844 6846 7056
7813 6 11 50 6 6844 6846 7056 3773 3775 3985
7814 6 11 50 6 2440 2426 2606 6893 6879 7059
7815 6 11 50 6 6893 6879 7059 3822 3808 3988
7816 6 11 50 6 2393 2394 2399 6846 6847 6852
7817 6 11 50 6 6846 6847 6852 3775 3776 3781
7818 6 11 50 6 2462 2440 2463 6915 6893 6916
7819 6 11 50 6 6915 6893 6916 3844 3822 3845
7820 6 11 50 6 2428 2427 2429 6881 6880 6882
7821 6 11 50 6 6881 6880 6882 3810 3809 3811
7822 6 11 50 6 2394 2392 2395 6847 6845 6848
7823 6 11 50 6 6847 6845 6848 3776 3774 3777
7824 6 11 50 6 2393 2399 2400 6846 6852 6853
7825 6 11 50 6 6846 6852 6853 3775 3781 3782
7826 6 11 50 6 2428 2429 2430 6881 6882 6883
7827 6 11 50 6 6881 6882 6883 3810 3811 3812
7828 6 11 50 6 2462 2463 2487 6915 6916 6940
7829 6 11 50 6 6915 6916 6940 3844 3845 3869
7830 6 11 50 6 2394 2395 2396 6847 6848 6849
7831 6 11 50 6 6847 6848 6849 3776 3777 3778
7832 6 11 50 6 2428 2430 2431 6881 6883 6884
7833 6 11 50 6 6881 6883 6884 3810 3812 3813
7834 6 11 50 6 2430 2429 2436 6883 6882 6889
7835 6 11 50 6 6883 6882 6889 3812 3811 3818
7836 6 11 50 6 2487 2463 2488 6940 6916 6941
7837 6 11 50 6 6940 6916 6941 3869 3845 3870
7838 6 11 50 6 2400 2399 2408 6853 6852 6861
7839 6 11 50 6 6853 6852 6861 3782 3781 3790
7840 6 11 50 6 2396 2395 2397 6849 6848 6850
7841 6 11 50 6 6849 6848 6850 3778 3777 3779
7842 6 11 50 6 2400 2408 2409 6853 6861 6862
7843 6 11 50 6 6853 6861 6862 3782 3790 3791
7844 6 11 50 6 2397 2395 2403 6850 6848 6856
7845 6 11 50 6 6850 6848 6856 3779 3777 3785
7846 6 11 50 6 2436 2429 2448 6889 6882 6901
7847 6 11 50 6 6889 6882 6901 3818 3811 3830
7848 6 11 50 6 2431 2430 2432 6884 6883 6885
7849 6 11 50 6 6884 6883 6885 3813 3812 3814
7850 6 11 50 6 2396 2397 2398 6849 6850 6851
7851 6 11 50 6 6849 6850 6851 3778 3779 3780
7852 6 11 50 6 2488 2463 2489 6941 6916 6942
7853 6 11 50 6 6941 6916 6942 3870 3845 3871
7854 6 11 50 6 2487 2488 2511 6940 6941 6964
7855 6 11 50 6 6940 6941 6964 3869 3870 3893
7856 6 11 50 6 2401 2397 2594 6854 6850 7047
7857 6 11 50 6 6854 6850 7047 3783 3779 3976
7858 6 11 50 6 2488 2489 2507 6941 6942 6960
7859 6 11 50 6 6941 6942 6960 3870 3871 3889
7860 6 11 50 6 2436 2448 2449 6889 6901 6902
7861 6 11 50 6 6889 6901 6902 3818 3830 3831
7862 6 11 50 6 2398 2397 2401 6851 6850 6854
7863 6 11 50 6 6851 6850 6854 3780 3779 3783
7864 6 11 50 6 2409 2408 2419 6862 6861 6872
7865 6 11 50 6 6862 6861 6872 3791 3790 3801
7866 6 11 50 6 2396 2398 2404 6849 6851 6857
7867 6 11 50 6 6849 6851 6857 3778 3780 3786
7868 6 11 50 6 2400 2409 2417 6853 6862 6870
7869 6 11 50 6 6853 6862 6870 3782 3791 3799
7870 6 11 50 6 2431 2432 2433 6884 6885 6886
7871 6 11 50 6 6884 6885 6886 3813 3814 3815
7872 6 11 50 6 2478 2594 2596 6931 7047 7049
7873 6 11 50 6 6931 7047 7049 3860 3976 3978
7874 6 11 50 6 2397 2403 2594 6850 6856 7047
7875 6 11 50 6 6850 6856 7047 3779 3785 3976
7876 6 11 50 6 2417 2409 2418 6870 6862 6871
7877 6 11 50 6 6870 6862 6871 3799 3791 3800
7878 6 11 50 6 2398 2401 2402 6851 6854 6855
7879 6 11 50 6 6851 6854 6855 3780 3783 3784
7880 6 11 50 6 2419 2408 2420 6872 6861 6873
7881 6 11 50 6 6872 6861 6873 3801 3790 3802
7882 6 11 50 6 2433 2432 2434 6886 6885 6887
7883 6 11 50 6 6886 6885 6887 3815 3814 3816
7884 6 11 50 6 2507 2489 2508 6960 6942 6961
7885 6 11 50 6 6960 6942 6961 3889 3871 3890
7886 6 11 50 6 2449 2448 2450 6902 6901 6903
7887 6 11 50 6 6902 6901 6903 3831 3830 3832
7888 6 11 50 6 2434 2432 2439 6887 6885 6892
7889 6 11 50 6 6887 6885 6892 3816 3814 3821
7890 6 11 50 6 2449 2450 2451 6902 6903 6904
7891 6 11 50 6 6902 6903 6904 3831 3832 3833
7892 6 11 50 6 2450 2448 2493 6903 6901 6946
7893 6 11 50 6 6903 6901 6946 3832 3830 3875
7894 6 11 50 6 2402 2401 2405 6855 6854 6858
7895 6 11 50 6 6855 6854 6858 3784 3783 3787
7896 6 11 50 6 2417 2418 2461 6870 6871 6914
7897 6 11 50 6 6870 6871 6914 3799 3800 3843
7898 6 11 50 6 2419 2420 2467 6872 6873 6920
7899 6 11 50 6 6872 6873 6920 3801 3802 3849
7900 6 11 50 6 2433 2434 2435 6886 6887 6888
7901 6 11 50 6 6886 6887 6888 3815 3816 3817
7902 6 11 50 6 2412 2410 2578 6865 6863 7031
7903 6 11 50 6 6865 6863 7031 3794 3792 3960
7904 6 11 50 6 2552 2486 2579 7005 6939 7032
7905 6 11 50 6 7005 6939 7032 3934 3868 3961
7906 6 11 50 6 2442 2447 2575 6895 6900 7028
7907 6 11 50 6 6895 6900 7028 3824 3829 3957
7908 6 11 50 6 2405 2415 2580 6858 6868 7033
7909 6 11 50 6 6858 6868 7033 3787 3797 3962
7910 6 11 50 6 2410 2416 2578 6863 6869 7031
7911 6 11 50 6 6863 6869 7031 3792 3798 3960
7912 6 11 50 6 2435 2437 2438 6888 6890 6891
7913 6 11 50 6 6888 6890 6891 3817 3819 3820
7914 6 11 50 6 2486 2412 2578 6939 6865 7031
7915 6 11 50 6 6939 6865 7031 3868 3794 3960
7916 6 11 50 6 2435 2434 2437 6888 6887 6890
7917 6 11 50 6 6888 6887 6890 3817 3816 3819
7918 6 11 50 6 2467 2420 2468 6920 6873 6921
7919 6 11 50 6 6920 6873 6921 3849 3802 3850
7920 6 11 50 6 2402 2405 2406 6855 6858 6859
7921 6 11 50 6 6855 6858 6859 3784 3787 3788
7922 6 11 50 6 2461 2418 2496 6914 6871 6949
7923 6 11 50 6 6914 6871 6949 3843 3800 3878
7924 6 11 50 6 2443 2442 2575 6896 6895 7028
7925 6 11 50 6 6896 6895 7028 3825 3824 3957
7926 6 11 50 6 2449 2451 2452 6902 6904 6905
7927 6 11 50 6 6902 6904 6905 3831 3833 3834
7928 6 11 50 6 2443 2575 2576 6896 7028 7029
7929 6 11 50 6 6896 7028 7029 3825 3957 3958
7930 6 11 50 6 2451 2450 2453 6904 6903 6906
7931 6 11 50 6 6904 6903 6906 3833 3832 3835
7932 6 11 50 6 2419 2467 2470 6872 6920 6923
7933 6 11 50 6 6872 6920 6923 3801 3849 3852
7934 6 11 50 6 2495 2474 2517 6948 6927 6970
7935 6 11 50 6 6948 6927 6970 3877 3856 3899
7936 6 11 50 6 2475 2476 2477 6928 6929 6930
7937 6 11 50 6 6928 6929 6930 3857 3858 3859
7938 6 11 50 6 2513 2514 2515 6966 6967 6968
7939 6 11 50 6 6966 6967 6968 3895 3896 3897
7940 6 11 50 6 2405 2401 2414 6858 6854 6867
7941 6 11 50 6 6858 6854 6867 3787 3783 3796
7942 6 11 50 6 2405 2414 2415 6858 6867 6868
7943 6 11 50 6 6858 6867 6868 3787 3796 3797
7944 6 11 50 6 2416 2473 2482 6869 6926 6935
7945 6 11 50 6 6869 6926 6935 3798 3855 3864
7946 6 11 50 6 2492 2552 2566 6945 7005 7019
7947 6 11 50 6 6945 7005 7019 3874 3934 3948
7948 6 11 50 6 2513 2515 2516 6966 6968 6969
7949 6 11 50 6 6966 6968 6969 3895 3897 3898
7950 6 11 50 6 2417 2461 2480 6870 6914 6933
7951 6 11 50 6 6870 6914 6933 3799 3843 3862
7952 6 11 50 6 2433 2435 2444 6886 6888 6897
7953 6 11 50 6 6886 6888 6897 3815 3817 3826
7954 6 11 50 6 2447 2456 2458 6900 6909 6911
7955 6 11 50 6 6900 6909 6911 3829 3838 3840
7956 6 11 50 6 2460 2458 2491 6913 6911 6944
7957 6 11 50 6 6913 6911 6944 3842 3840 3873
7958 6 11 50 6 2410 2406 2413 6863 6859 6866
7959 6 11 50 6 6863 6859 6866 3792 3788 3795
7960 6 11 50 6 2407 2406 2410 6860 6859 6863
7961 6 11 50 6 6860 6859 6863 3789 3788 3792
7962 6 11 50 6 2438 2442 2443 6891 6895 6896
7963 6 11 50 6 6891 6895 6896 3820 3824 3825
7964 6 11 50 6 2447 2458 2460 6900 6911 6913
7965 6 11 50 6 6900 6911 6913 3829 3840 3842
7966 6 11 50 6 2464 2465 2574 6917 6918 7027
7967 6 11 50 6 6917 6918 7027 3846 3847 3956
7968 6 11 50 6 2505 2478 2506 6958 6931 6959
7969 6 11 50 6 6958 6931 6959 3887 3860 3888
7970 6 11 50 6 2486 2578 2579 6939 7031 7032
7971 6 11 50 6 6939 7031 7032 3868 3960 3961
7972 6 11 50 6 2531 2498 2544 6984 6951 6997
7973 6 11 50 6 6984 6951 6997 3913 3880 3926
7974 6 11 50 6 2476 2412 2486 6929 6865 6939
7975 6 11 50 6 6929 6865 6939 3858 3794 3868
7976 6 11 50 6 2480 2532 2533 6933 6985 6986
7977 6 11 50 6 6933 6985 6986 3862 3914 3915
7978 6 11 50 6 2492 2486 2552 6945 6939 7005
7979 6 11 50 6 6945 6939 7005 3874 3868 3934
7980 6 11 50 6 2475 2412 2476 6928 6865 6929
7981 6 11 50 6 6928 6865 6929 3857 3794 3858
7982 6 11 50 6 2442 2446 2447 6895 6899 6900
7983 6 11 50 6 6895 6899 6900 3824 3828 3829
7984 6 11 50 6 2447 2460 2575 6900 6913 7028
7985 6 11 50 6 6900 6913 7028 3829 3842 3957
7986 6 11 50 6 2455 2453 2481 6908 6906 6934
7987 6 11 50 6 6908 6906 6934 3837 3835 3863
7988 6 11 50 6 2454 2464 2466 6907 6917 6919
7989 6 11 50 6 6907 6917 6919 3836 3846 3848
7990 6 11 50 6 2464 2455 2465 6917 6908 6918
7991 6 11 50 6 6917 6908 6918 3846 3837 3847
7992 6 11 50 6 2496 2418 2497 6949 6871 6950
7993 6 11 50 6 6949 6871 6950 3878 3800 3879
7994 6 11 50 6 2410 2413 2416 6863 6866 6869
7995 6 11 50 6 6863 6866 6869 3792 3795 3798
7996 6 11 50 6 2442 2441 2446 6895 6894 6899
7997 6 11 50 6 6895 6894 6899 3824 3823 3828
7998 6 11 50 6 2451 2453 2454 6904 6906 6907
7999 6 11 50 6 6904 6906 6907 3833 3835 3836
8000 6 11 50 6 2480 2461 2532 6933 6914 6985
8001 6 11 50 6 6933 6914 6985 3862 3843 3914
8002 6 11 50 6 2504 2464 2574 6957 6917 7027
8003 6 11 50 6 6957 6917 7027 3886 3846 3956
8004 6 11 50 6 2468 2420 2479 6921 6873 6932
8005 6 11 50 6 6921 6873 6932 3850 3802 3861
8006 6 11 50 6 2454 2455 2464 6907 6908 6917
8007 6 11 50 6 6907 6908 6917 3836 3837 3846
8008 6 11 50 6 2466 2464 2504 6919 6917 6957
8009 6 11 50 6 6919 6917 6957 3848 3846 3886
8010 6 11 50 6 2438 2441 2442 6891 6894 6895
8011 6 11 50 6 6891 6894 6895 3820 3823 3824
8012 6 11 50 6 2447 2446 2456 6900 6899 6909
8013 6 11 50 6 6900 6899 6909 3829 3828 3838
8014 6 11 50 6 2454 2453 2455 6907 6906 6908
8015 6 11 50 6 6907 6906 6908 3836 3835 3837
8016 6 11 50 6 2458 2456 2494 6911 6909 6947
8017 6 11 50 6 6911 6909 6947 3840 3838 3876
8018 6 11 50 6 2467 2468 2469 6920 6921 6922
8019 6 11 50 6 6920 6921 6922 3849 3850 3851
8020 6 11 50 6 2498 2473 2534 6951 6926 6987
8021 6 11 50 6 6951 6926 6987 3880 3855 3916
8022 6 11 50 6 2516 2515 2535 6969 6968 6988
8023 6 11 50 6 6969 6968 6988 3898 3897 3917
8024 6 11 50 6 2402 2406 2407 6855 6859 6860
8025 6 11 50 6 6855 6859 6860 3784 3788 3789
8026 6 11 50 6 2476 2486 2492 6929 6939 6945
8027 6 11 50 6 6929 6939 6945 3858 3868 3874
8028 6 11 50 6 2482 2498 2531 6935 6951 6984
8029 6 11 50 6 6935 6951 6984 3864 3880 3913
8030 6 11 50 6 2505 2506 2512 6958 6959 6965
8031 6 11 50 6 6958 6959 6965 3887 3888 3894
8032 6 11 50 6 2513 2506 2514 6966 6959 6967
8033 6 11 50 6 6966 6959 6967 3895 3888 3896
8034 6 11 50 6 2416 2459 2473 6869 6912 6926
8035 6 11 50 6 6869 6912 6926 3798 3841 3855
8036 6 11 50 6 2468 2479 2484 6921 6932 6937
8037 6 11 50 6 6921 6932 6937 3850 3861 3866
8038 6 11 50 6 2512 2506 2513 6965 6959 6966
8039 6 11 50 6 6965 6959 6966 3894 3888 3895
8040 6 11 50 6 2441 2437 2445 6894 6890 6898
8041 6 11 50 6 6894 6890 6898 3823 3819 3827
8042 6 11 50 6 2491 2458 2577 6944 6911 7030
8043 6 11 50 6 6944 6911 7030 3873 3840 3959
8044 6 11 50 6 2460 2491 2501 6913 6944 6954
8045 6 11 50 6 6913 6944 6954 3842 3873 3883
8046 6 11 50 6 2460 2502 2575 6913 6955 7028
8047 6 11 50 6 6913 6955 7028 3842 3884 3957
8048 6 11 50 6 2575 2502 2576 7028 6955 7029
8049 6 11 50 6 7028 6955 7029 3957 3884 3958
8050 6 11 50 6 2406 2405 2580 6859 6858 7033
8051 6 11 50 6 6859 6858 7033 3788 3787 3962
8052 6 11 50 6 2407 2410 2412 6860 6863 6865
8053 6 11 50 6 6860 6863 6865 3789 3792 3794
8054 6 11 50 6 2407 2412 2475 6860 6865 6928
8055 6 11 50 6 6860 6865 6928 3789 3794 3857
8056 6 11 50 6 2459 2413 2474 6912 6866 6927
8057 6 11 50 6 6912 6866 6927 3841 3795 3856
8058 6 11 50 6 2459 2474 2495 6912 6927 6948
8059 6 11 50 6 6912 6927 6948 3841 3856 3877
8060 6 11 50 6 2482 2473 2498 6935 6926 6951
8061 6 11 50 6 6935 6926 6951 3864 3855 3880
8062 6 11 50 6 2416 2413 2459 6869 6866 6912
8063 6 11 50 6 6869 6866 6912 3798 3795 3841
8064 6 11 50 6 2471 2414 2478 6924 6867 6931
8065 6 11 50 6 6924 6867 6931 3853 3796 3860
8066 6 11 50 6 2501 2491 2503 6954 6944 6956
8067 6 11 50 6 6954 6944 6956 3883 3873 3885
8068 6 11 50 6 2415 2414 2471 6868 6867 6924
8069 6 11 50 6 6868 6867 6924 3797 3796 3853
8070 6 11 50 6 2456 2446 2457 6909 6899 6910
8071 6 11 50 6 6909 6899 6910 3838 3828 3839
8072 6 11 50 6 2471 2478 2505 6924 6931 6958
8073 6 11 50 6 6924 6931 6958 3853 3860 3887
8074 6 11 50 6 2517 2474 2585 6970 6927 7038
8075 6 11 50 6 6970 6927 7038 3899 3856 3967
8076 6 11 50 6 2438 2437 2441 6891 6890 6894
8077 6 11 50 6 6891 6890 6894 3820 3819 3823
8078 6 11 50 6 2458 2494 2577 6911 6947 7030
8079 6 11 50 6 6911 6947 7030 3840 3876 3959
8080 6 11 50 6 2460 2501 2502 6913 6954 6955
8081 6 11 50 6 6913 6954 6955 3842 3883 3884
8082 6 11 50 6 2580 2415 2585 7033 6868 7038
8083 6 11 50 6 7033 6868 7038 3962 3797 3967
8084 6 11 50 6 2473 2459 2581 6926 6912 7034
8085 6 11 50 6 6926 6912 7034 3855 3841 3963
8086 6 11 50 6 2451 2454 2583 6904 6907 7036
8087 6 11 50 6 6904 6907 7036 3833 3836 3965
8088 6 11 50 6 2452 2451 2583 6905 6904 7036
8089 6 11 50 6 6905 6904 7036 3834 3833 3965
8090 6 11 50 6 2470 2467 2584 6923 6920 7037
8091 6 11 50 6 6923 6920 7037 3852 3849 3966
8092 6 11 50 6 2415 2471 2472 6868 6924 6925
8093 6 11 50 6 6868 6924 6925 3797 3853 3854
8094 6 11 50 6 2416 2482 2578 6869 6935 7031
8095 6 11 50 6 6869 6935 7031 3798 3864 3960
8096 6 11 50 6 2467 2469 2584 6920 6922 7037
8097 6 11 50 6 6920 6922 7037 3849 3851 3966
8098 6 11 50 6 2435 2438 2582 6888 6891 7035
8099 6 11 50 6 6888 6891 7035 3817 3820 3964
8100 6 11 50 6 2438 2443 2582 6891 6896 7035
8101 6 11 50 6 6891 6896 7035 3820 3825 3964
8102 6 11 50 6 2454 2466 2583 6907 6919 7036
8103 6 11 50 6 6907 6919 7036 3836 3848 3965
8104 6 11 50 6 2459 2495 2581 6912 6948 7034
8105 6 11 50 6 6912 6948 7034 3841 3877 3963
8106 6 11 50 6 2534 2473 2581 6987 6926 7034
8107 6 11 50 6 6987 6926 7034 3916 3855 3963
8108 6 11 50 6 2482 2531 2579 6935 6984 7032
8109 6 11 50 6 6935 6984 7032 3864 3913 3961
8110 6 11 50 6 2434 2439 2586 6887 6892 7039
8111 6 11 50 6 6887 6892 7039 3816 3821 3968
8112 6 11 50 6 2474 2580 2585 6927 7033 7038
8113 6 11 50 6 6927 7033 7038 3856 3962 3967
8114 6 11 50 6 2578 2482 2579 7031 6935 7032
8115 6 11 50 6 7031 6935 7032 3960 3864 3961
8116 6 11 50 6 2444 2435 2582 6897 6888 7035
8117 6 11 50 6 6897 6888 7035 3826 3817 3964
8118 6 11 50 6 2437 2434 2586 6890 6887 7039
8119 6 11 50 6 6890 6887 7039 3819 3816 3968
8120 6 11 50 6 2474 2413 2580 6927 6866 7033
8121 6 11 50 6 6927 6866 7033 3856 3795 3962
8122 6 11 50 6 2413 2406 2580 6866 6859 7033
8123 6 11 50 6 6866 6859 7033 3795 3788 3962
8124 6 11 50 6 2415 2472 2585 6868 6925 7038
8125 6 11 50 6 6868 6925 7038 3797 3854 3967
8126 6 11 50 6 2445 2437 2586 6898 6890 7039
8127 6 11 50 6 6898 6890 7039 3827 3819 3968
8128 6 11 50 6 2517 2585 2587 6970 7038 7040
8129 6 11 50 6 6970 7038 7040 3899 3967 3969
8130 6 11 50 6 2408 2399 2593 6861 6852 7046
8131 6 11 50 6 6861 6852 7046 3790 3781 3975
8132 6 11 50 6 2590 2475 2592 7043 6928 7045
8133 6 11 50 6 7043 6928 7045 3972 3857 3974
8134 6 11 50 6 2585 2472 2587 7038 6925 7040
8135 6 11 50 6 7038 6925 7040 3967 3854 3969
8136 6 11 50 6 2436 2449 2588 6889 6902 7041
8137 6 11 50 6 6889 6902 7041 3818 3831 3970
8138 6 11 50 6 2409 2419 2591 6862 6872 7044
8139 6 11 50 6 6862 6872 7044 3791 3801 3973
8140 6 11 50 6 2431 2433 2589 6884 6886 7042
8141 6 11 50 6 6884 6886 7042 3813 3815 3971
8142 6 11 50 6 2404 2398 2590 6857 6851 7043
8143 6 11 50 6 6857 6851 7043 3786 3780 3972
8144 6 11 50 6 2449 2452 2588 6902 6905 7041
8145 6 11 50 6 6902 6905 7041 3831 3834 3970
8146 6 11 50 6 2433 2444 2589 6886 6897 7042
8147 6 11 50 6 6886 6897 7042 3815 3826 3971
8148 6 11 50 6 2407 2475 2590 6860 6928 7043
8149 6 11 50 6 6860 6928 7043 3789 3857 3972
8150 6 11 50 6 2398 2402 2590 6851 6855 7043
8151 6 11 50 6 6851 6855 7043 3780 3784 3972
8152 6 11 50 6 2404 2590 2592 6857 7043 7045
8153 6 11 50 6 6857 7043 7045 3786 3972 3974
8154 6 11 50 6 2418 2409 2591 6871 6862 7044
8155 6 11 50 6 6871 6862 7044 3800 3791 3973
8156 6 11 50 6 2419 2470 2591 6872 6923 7044
8157 6 11 50 6 6872 6923 7044 3801 3852 3973
8158 6 11 50 6 2402 2407 2590 6855 6860 7043
8159 6 11 50 6 6855 6860 7043 3784 3789 3972
8160 6 11 50 6 2497 2418 2591 6950 6871 7044
8161 6 11 50 6 6950 6871 7044 3879 3800 3973
8162 6 11 50 6 2475 2477 2592 6928 6930 7045
8163 6 11 50 6 6928 6930 7045 3857 3859 3974
8164 6 11 50 6 2429 2427 2599 6882 6880 7052
8165 6 11 50 6 6882 6880 7052 3811 3809 3981
8166 6 11 50 6 2420 2408 2593 6873 6861 7046
8167 6 11 50 6 6873 6861 7046 3802 3790 3975
8168 6 11 50 6 2414 2401 2594 6867 6854 7047
8169 6 11 50 6 6867 6854 7047 3796 3783 3976
8170 6 11 50 6 2594 2403 2596 7047 6856 7049
8171 6 11 50 6 7047 6856 7049 3976 3785 3978
8172 6 11 50 6 2506 2478 2596 6959 6931 7049
8173 6 11 50 6 6959 6931 7049 3888 3860 3978
8174 6 11 50 6 2479 2420 2593 6932 6873 7046
8175 6 11 50 6 6932 6873 7046 3861 3802 3975
8176 6 11 50 6 2478 2414 2594 6931 6867 7047
8177 6 11 50 6 6931 6867 7047 3860 3796 3976
8178 6 11 50 6 2514 2596 2597 6967 7049 7050
8179 6 11 50 6 6967 7049 7050 3896 3978 3979
8180 6 11 50 6 2596 2403 2597 7049 6856 7050
8181 6 11 50 6 7049 6856 7050 3978 3785 3979
8182 6 11 50 6 2514 2506 2596 6967 6959 7049
8183 6 11 50 6 6967 6959 7049 3896 3888 3978
8184 6 11 50 6 2497 2591 2595 6950 7044 7048
8185 6 11 50 6 6950 7044 7048 3879 3973 3977
8186 6 11 50 6 2591 2470 2595 7044 6923 7048
8187 6 11 50 6 7044 6923 7048 3973 3852 3977
8188 6 11 50 6 2430 2436 2598 6883 6889 7051
8189 6 11 50 6 6883 6889 7051 3812 3818 3980
8190 6 11 50 6 2432 2430 2598 6885 6883 7051
8191 6 11 50 6 6885 6883 7051 3814 3812 3980
8192 6 11 50 6 2436 2588 2598 6889 7041 7051
8193 6 11 50 6 6889 7041 7051 3818 3970 3980
8194 6 11 50 6 2439 2432 2598 6892 6885 7051
8195 6 11 50 6 6892 6885 7051 3821 3814 3980
8196 6 11 50 6 2448 2429 2599 6901 6882 7052
8197 6 11 50 6 6901 6882 7052 3830 3811 3981
8198 6 11 50 6 2493 2599 2600 6946 7052 7053
8199 6 11 50 6 6946 7052 7053 3875 3981 3982
8200 6 11 50 6 2493 2448 2599 6946 6901 7052
8201 6 11 50 6 6946 6901 7052 3875 3830 3981
8202 6 11 50 6 2392 2390 2605 6845 6843 7058
8203 6 11 50 6 6845 6843 7058 3774 3772 3987
8204 6 11 50 6 2399 2394 2601 6852 6847 7054
8205 6 11 50 6 6852 6847 7054 3781 3776 3983
8206 6 11 50 6 2394 2396 2601 6847 6849 7054
8207 6 11 50 6 6847 6849 7054 3776 3778 3983
8208 6 11 50 6 2396 2404 2601 6849 6857 7054
8209 6 11 50 6 6849 6857 7054 3778 3786 3983
8210 6 11 50 6 2593 2399 2601 7046 6852 7054
8211 6 11 50 6 7046 6852 7054 3975 3781 3983
8212 6 11 50 6 2601 2404 2602 7054 6857 7055
8213 6 11 50 6 7054 6857 7055 3983 3786 3984
8214 6 11 50 6 2400 2417 2603 6853 6870 7056
8215 6 11 50 6 6853 6870 7056 3782 3799 3985
8216 6 11 50 6 2593 2601 2602 7046 7054 7055
8217 6 11 50 6 7046 7054 7055 3975 3983 3984
8218 6 11 50 6 2404 2592 2602 6857 7045 7055
8219 6 11 50 6 6857 7045 7055 3786 3974 3984
8220 6 11 50 6 2479 2593 2602 6932 7046 7055
8221 6 11 50 6 6932 7046 7055 3861 3975 3984
8222 6 11 50 6 2602 2592 2604 7055 7045 7057
8223 6 11 50 6 7055 7045 7057 3984 3974 3986
8224 6 11 50 6 2479 2602 2604 6932 7055 7057
8225 6 11 50 6 6932 7055 7057 3861 3984 3986
8226 6 11 50 6 2484 2479 2604 6937 6932 7057
8227 6 11 50 6 6937 6932 7057 3866 3861 3986
8228 6 11 50 6 2417 2480 2603 6870 6933 7056
8229 6 11 50 6 6870 6933 7056 3799 3862 3985
8230 6 11 50 6 2592 2477 2604 7045 6930 7057
8231 6 11 50 6 7045 6930 7057 3974 3859 3986
8232 6 11 50 6 2424 2423 2611 6877 6876 7064
8233 6 11 50 6 6877 6876 7064 3806 3805 3993
8234 6 11 50 6 2597 2403 2605 7050 6856 7058
8235 6 11 50 6 7050 6856 7058 3979 3785 3987
8236 6 11 50 6 2395 2392 2605 6848 6845 7058
8237 6 11 50 6 6848 6845 7058 3777 3774 3987
8238 6 11 50 6 2428 2431 2606 6881 6884 7059
8239 6 11 50 6 6881 6884 7059 3810 3813 3988
8240 6 11 50 6 2440 2606 2607 6893 7059 7060
8241 6 11 50 6 6893 7059 7060 3822 3988 3989
8242 6 11 50 6 2389 2391 2609 6842 6844 7062
8243 6 11 50 6 6842 6844 7062 3771 3773 3991
8244 6 11 50 6 2403 2395 2605 6856 6848 7058
8245 6 11 50 6 6856 6848 7058 3785 3777 3987
8246 6 11 50 6 2431 2589 2606 6884 7042 7059
8247 6 11 50 6 6884 7042 7059 3813 3971 3988
8248 6 11 50 6 2463 2440 2607 6916 6893 7060
8249 6 11 50 6 6916 6893 7060 3845 3822 3989
8250 6 11 50 6 2614 2411 2615 7067 6864 7068
8251 6 11 50 6 7067 6864 7068 3996 3793 3997
8252 6 11 50 6 2606 2589 2607 7059 7042 7060
8253 6 11 50 6 7059 7042 7060 3988 3971 3989
8254 6 11 50 6 2480 2533 2609 6933 6986 7062
8255 6 11 50 6 6933 6986 7062 3862 3915 3991
8256 6 11 50 6 2489 2463 2607 6942 6916 7060
8257 6 11 50 6 6942 6916 7060 3871 3845 3989
8258 6 11 50 6 2508 2489 2608 6961 6942 7061
8259 6 11 50 6 6961 6942 7061 3890 3871 3990
8260 6 11 50 6 2391 2603 2609 6844 7056 7062
8261 6 11 50 6 6844 7056 7062 3773 3985 3991
8262 6 11 50 6 2508 2608 2610 6961 7061 7063
8263 6 11 50 6 6961 7061 7063 3890 3990 3992
8264 6 11 50 6 2589 2444 2608 7042 6897 7061
8265 6 11 50 6 7042 6897 7061 3971 3826 3990
8266 6 11 50 6 2607 2589 2608 7060 7042 7061
8267 6 11 50 6 7060 7042 7061 3989 3971 3990
8268 6 11 50 6 2489 2607 2608 6942 7060 7061
8269 6 11 50 6 6942 7060 7061 3871 3989 3990
8270 6 11 50 6 2603 2480 2609 7056 6933 7062
8271 6 11 50 6 7056 6933 7062 3985 3862 3991
8272 6 11 50 6 2608 2444 2610 7061 6897 7063
8273 6 11 50 6 7061 6897 7063 3990 3826 3992
8274 6 11 50 6 2444 2582 2610 6897 7035 7063
8275 6 11 50 6 6897 7035 7063 3826 3964 3992
8276 6 11 50 6 2600 2599 2611 7053 7052 7064
8277 6 11 50 6 7053 7052 7064 3982 3981 3993
8278 6 11 50 6 2427 2424 2611 6880 6877 7064
8279 6 11 50 6 6880 6877 7064 3809 3806 3993
8280 6 11 50 6 2599 2427 2611 7052 6880 7064
8281 6 11 50 6 7052 6880 7064 3981 3809 3993
8282 6 11 50 6 2535 2515 2612 6988 6968 7065
8283 6 11 50 6 6988 6968 7065 3917 3897 3994
8284 6 11 50 6 2600 2611 2613 7053 7064 7066
8285 6 11 50 6 7053 7064 7066 3982 3993 3995
8286 6 11 50 6 2611 2423 2613 7064 6876 7066
8287 6 11 50 6 7064 6876 7066 3993 3805 3995
8288 6 11 50 6 2384 2382 2619 6837 6835 7072
8289 6 11 50 6 6837 6835 7072 3766 3764 4001
8290 6 11 50 6 2388 2411 2614 6841 6864 7067
8291 6 11 50 6 6841 6864 7067 3770 3793 3996
8292 6 11 50 6 2597 2605 2614 7050 7058 7067
8293 6 11 50 6 7050 7058 7067 3979 3987 3996
8294 6 11 50 6 2390 2388 2614 6843 6841 7067
8295 6 11 50 6 6843 6841 7067 3772 3770 3996
8296 6 11 50 6 2514 2597 2615 6967 7050 7068
8297 6 11 50 6 6967 7050 7068 3896 3979 3997
8298 6 11 50 6 2612 2515 2615 7065 6968 7068
8299 6 11 50 6 7065 6968 7068 3994 3897 3997
8300 6 11 50 6 2411 2612 2615 6864 7065 7068
8301 6 11 50 6 6864 7065 7068 3793 3994 3997
8302 6 11 50 6 2617 2462 2618 7070 6915 7071
8303 6 11 50 6 7070 6915 7071 3999 3844 4000
8304 6 11 50 6 2605 2390 2614 7058 6843 7067
8305 6 11 50 6 7058 6843 7067 3987 3772 3996
8306 6 11 50 6 2515 2514 2615 6968 6967 7068
8307 6 11 50 6 6968 6967 7068 3897 3896 3997
8308 6 11 50 6 2485 2387 2616 6938 6840 7069
8309 6 11 50 6 6938 6840 7069 3867 3769 3998
8310 6 11 50 6 2609 2533 2616 7062 6986 7069
8311 6 11 50 6 7062 6986 7069 3991 3915 3998
8312 6 11 50 6 2387 2389 2616 6840 6842 7069
8313 6 11 50 6 6840 6842 7069 3769 3771 3998
8314 6 11 50 6 2425 2462 2617 6878 6915 7070
8315 6 11 50 6 6878 6915 7070 3807 3844 3999
8316 6 11 50 6 2421 2422 2617 6874 6875 7070
8317 6 11 50 6 6874 6875 7070 3803 3804 3999
8318 6 11 50 6 2499 2617 2618 6952 7070 7071
8319 6 11 50 6 6952 7070 7071 3881 3999 4000
8320 6 11 50 6 2499 2421 2617 6952 6874 7070
8321 6 11 50 6 6952 6874 7070 3881 3803 3999
8322 6 11 50 6 2386 2381 2620 6839 6834 7073
8323 6 11 50 6 6839 6834 7073 3768 3763 4002
8324 6 11 50 6 2389 2609 2616 6842 7062 7069
8325 6 11 50 6 6842 7062 7069 3771 3991 3998
8326 6 11 50 6 2422 2425 2617 6875 6878 7070
8327 6 11 50 6 6875 6878 7070 3804 3807 3999
8328 6 11 50 6 2462 2487 2618 6915 6940 7071
8329 6 11 50 6 6915 6940 7071 3844 3869 4000
8330 6 11 50 6 2423 2384 2619 6876 6837 7072
8331 6 11 50 6 6876 6837 7072 3805 3766 4001
8332 6 11 50 6 2411 2386 2620 6864 6839 7073
8333 6 11 50 6 6864 6839 7073 3793 3768 4002
8334 6 11 50 6 2613 2423 2619 7066 6876 7072
8335 6 11 50 6 7066 6876 7072 3995 3805 4001
8336 6 11 50 6 2612 2411 2620 7065 6864 7073
8337 6 11 50 6 7065 6864 7073 3994 3793 4002
8338 6 11 50 6 2526 2525 2621 6979 6978 7074
8339 6 11 50 6 6979 6978 7074 3908 3907 4003
8340 6 11 50 6 2525 2528 2621 6978 6981 7074
8341 6 11 50 6 6978 6981 7074 3907 3910 4003
8342 6 11 50 6 2382 2380 2622 6835 6833 7075
8343 6 11 50 6 6835 6833 7075 3764 3762 4004
8344 6 11 50 6 2380 2385 2622 6833 6838 7075
8345 6 11 50 6 6833 6838 7075 3762 3767 4004
8346 6 11 50 6 2385 2485 2622 6838 6938 7075
8347 6 11 50 6 6838 6938 7075 3767 3867 4004
8348 6 11 50 6 2619 2382 2622 7072 6835 7075
8349 6 11 50 6 7072 6835 7075 4001 3764 4004
8350 6 11 50 6 2581 2495 2626 7034 6948 7079
8351 6 11 50 6 7034 6948 7079 3963 3877 4008
8352 6 11 50 6 2622 2485 2623 7075 6938 7076
8353 6 11 50 6 7075 6938 7076 4004 3867 4005
8354 6 11 50 6 2619 2622 2623 7072 7075 7076
8355 6 11 50 6 7072 7075 7076 4001 4004 4005
8356 6 11 50 6 2613 2619 2623 7066 7072 7076
8357 6 11 50 6 7066 7072 7076 3995 4001 4005
8358 6 11 50 6 2630 2483 2634 7083 6936 7087
8359 6 11 50 6 7083 6936 7087 4012 3865 4016
8360 6 11 50 6 2461 2496 2625 6914 6949 7078
8361 6 11 50 6 6914 6949 7078 3843 3878 4007
8362 6 11 50 6 2455 2481 2627 6908 6934 7080
8363 6 11 50 6 6908 6934 7080 3837 3863 4009
8364 6 11 50 6 2519 2521 2624 6972 6974 7077
8365 6 11 50 6 6972 6974 7077 3901 3903 4006
8366 6 11 50 6 2521 2524 2624 6974 6977 7077
8367 6 11 50 6 6974 6977 7077 3903 3906 4006
8368 6 11 50 6 2532 2461 2625 6985 6914 7078
8369 6 11 50 6 6985 6914 7078 3914 3843 4007
8370 6 11 50 6 2465 2455 2627 6918 6908 7080
8371 6 11 50 6 6918 6908 7080 3847 3837 4009
8372 6 11 50 6 2531 2544 2628 6984 6997 7081
8373 6 11 50 6 6984 6997 7081 3913 3926 4010
8374 6 11 50 6 2373 2632 2660 6826 7085 7113
8375 6 11 50 6 6826 7085 7113 3755 4014 4042
8376 6 11 50 6 2469 2641 2654 6922 7094 7107
8377 6 11 50 6 6922 7094 7107 3851 4023 4036
8378 6 11 50 6 2490 2377 2630 6943 6830 7083
8379 6 11 50 6 6943 6830 7083 3872 3759 4012
8380 6 11 50 6 2550 2457 2655 7003 6910 7108
8381 6 11 50 6 7003 6910 7108 3932 3839 4037
8382 6 11 50 6 2616 2533 2629 7069 6986 7082
8383 6 11 50 6 7069 6986 7082 3998 3915 4011
8384 6 11 50 6 2583 2656 2706 7036 7109 7159
8385 6 11 50 6 7036 7109 7159 3965 4038 4088
8386 6 11 50 6 2383 2483 2630 6836 6936 7083
8387 6 11 50 6 6836 6936 7083 3765 3865 4012
8388 6 11 50 6 2481 2453 2633 6934 6906 7086
8389 6 11 50 6 6934 6906 7086 3863 3835 4015
8390 6 11 50 6 2450 2493 2633 6903 6946 7086
8391 6 11 50 6 6903 6946 7086 3832 3875 4015
8392 6 11 50 6 2623 2485 2629 7076 6938 7082
8393 6 11 50 6 7076 6938 7082 4005 3867 4011
8394 6 11 50 6 2377 2379 2630 6830 6832 7083
8395 6 11 50 6 6830 6832 7083 3759 3761 4012
8396 6 11 50 6 2490 2630 2634 6943 7083 7087
8397 6 11 50 6 6943 7083 7087 3872 4012 4016
8398 6 11 50 6 2635 2577 2650 7088 7030 7103
8399 6 11 50 6 7088 7030 7103 4017 3959 4032
8400 6 11 50 6 2646 2559 2701 7099 7012 7154
8401 6 11 50 6 7099 7012 7154 4028 3941 4083
8402 6 11 50 6 343 344 2665 3717 3718 7118
8403 6 11 50 6 3717 3718 7118 935 936 4047
8404 6 11 50 6 364 15 2631 3738 957 7084
8405 6 11 50 6 3738 957 7084 956 83 4013
8406 6 11 50 6 342 17 2632 3716 959 7085
8407 6 11 50 6 3716 959 7085 934 85 4014
8408 6 11 50 6 2621 2439 2664 7074 6892 7117
8409 6 11 50 6 7074 6892 7117 4003 3821 4046
8410 6 11 50 6 2549 2573 2670 7002 7026 7123
8411 6 11 50 6 7002 7026 7123 3931 3955 4052
8412 6 11 50 6 2477 2476 2636 6930 6929 7089
8413 6 11 50 6 6930 6929 7089 3859 3858 4018
8414 6 11 50 6 2565 2643 2709 7018 7096 7162
8415 6 11 50 6 7018 7096 7162 3947 4025 4091
8416 6 11 50 6 2485 2616 2629 6938 7069 7082
8417 6 11 50 6 6938 7069 7082 3867 3998 4011
8418 6 11 50 6 2379 2383 2630 6832 6836 7083
8419 6 11 50 6 6832 6836 7083 3761 3765 4012
8420 6 11 50 6 2465 2647 2685 6918 7100 7138
8421 6 11 50 6 6918 7100 7138 3847 4029 4067
8422 6 11 50 6 2443 2576 2637 6896 7029 7090
8423 6 11 50 6 6896 7029 7090 3825 3958 4019
8424 6 11 50 6 2610 2582 2637 7063 7035 7090
8425 6 11 50 6 7063 7035 7090 3992 3964 4019
8426 6 11 50 6 2453 2450 2633 6906 6903 7086
8427 6 11 50 6 6906 6903 7086 3835 3832 4015
8428 6 11 50 6 2376 2509 2644 6829 6962 7097
8429 6 11 50 6 6829 6962 7097 3758 3891 4026
8430 6 11 50 6 2610 2637 2662 7063 7090 7115
8431 6 11 50 6 7063 7090 7115 3992 4019 4044
8432 6 11 50 6 2483 2500 2634 6936 6953 7087
8433 6 11 50 6 6936 6953 7087 3865 3882 4016
8434 6 11 50 6 346 347 2698 3720 3721 7151
8435 6 11 50 6 3720 3721 7151 938 939 4080
8436 6 11 50 6 2522 2520 2673 6975 6973 7126
8437 6 11 50 6 6975 6973 7126 3904 3902 4055
8438 6 11 50 6 2568 2445 2677 7021 6898 7130
8439 6 11 50 6 7021 6898 7130 3950 3827 4059
8440 6 11 50 6 2537 2626 2653 6990 7079 7106
8441 6 11 50 6 6990 7079 7106 3919 4008 4035
8442 6 11 50 6 2620 2381 2644 7073 6834 7097
8443 6 11 50 6 7073 6834 7097 4002 3763 4026
8444 6 11 50 6 2550 2703 2704 7003 7156 7157
8445 6 11 50 6 7003 7156 7157 3932 4085 4086
8446 6 11 50 6 356 357 2673 3730 3731 7126
8447 6 11 50 6 3730 3731 7126 948 949 4055
8448 6 11 50 6 2491 2577 2640 6944 7030 7093
8449 6 11 50 6 6944 7030 7093 3873 3959 4022
8450 6 11 50 6 360 361 2687 3734 3735 7140
8451 6 11 50 6 3734 3735 7140 952 953 4069
8452 6 11 50 6 2618 2487 2645 7071 6940 7098
8453 6 11 50 6 7071 6940 7098 4000 3869 4027
8454 6 11 50 6 2378 2376 2644 6831 6829 7097
8455 6 11 50 6 6831 6829 7097 3760 3758 4026
8456 6 11 50 6 2552 2368 2669 7005 6821 7122
8457 6 11 50 6 7005 6821 7122 3934 3750 4051
8458 6 11 50 6 2612 2620 2649 7065 7073 7102
8459 6 11 50 6 7065 7073 7102 3994 4002 4031
8460 6 11 50 6 359 360 2670 3733 3734 7123
8461 6 11 50 6 3733 3734 7123 951 952 4052
8462 6 11 50 6 2656 2624 2706 7109 7077 7159
8463 6 11 50 6 7109 7077 7159 4038 4006 4088
8464 6 11 50 6 2496 2497 2647 6949 6950 7100
8465 6 11 50 6 6949 6950 7100 3878 3879 4029
8466 6 11 50 6 2542 2674 2688 6995 7127 7141
8467 6 11 50 6 6995 7127 7141 3924 4056 4070
8468 6 11 50 6 2465 2627 2647 6918 7080 7100
8469 6 11 50 6 6918 7080 7100 3847 4009 4029
8470 6 11 50 6 331 16 2672 3705 958 7125
8471 6 11 50 6 3705 958 7125 923 84 4054
8472 6 11 50 6 2477 2636 2681 6930 7089 7134
8473 6 11 50 6 6930 7089 7134 3859 4018 4063
8474 6 11 50 6 2684 2555 2707 7137 7008 7160
8475 6 11 50 6 7137 7008 7160 4066 3937 4089
8476 6 11 50 6 2623 2629 2659 7076 7082 7112
8477 6 11 50 6 7076 7082 7112 4005 4011 4041
8478 6 11 50 6 2476 2492 2636 6929 6945 7089
8479 6 11 50 6 6929 6945 7089 3858 3874 4018
8480 6 11 50 6 2490 2634 2672 6943 7087 7125
8481 6 11 50 6 6943 7087 7125 3872 4016 4054
8482 6 11 50 6 2493 2600 2648 6946 7053 7101
8483 6 11 50 6 6946 7053 7101 3875 3982 4030
8484 6 11 50 6 2638 2516 2710 7091 6969 7163
8485 6 11 50 6 7091 6969 7163 4020 3898 4092
8486 6 11 50 6 2549 2670 2687 7002 7123 7140
8487 6 11 50 6 7002 7123 7140 3931 4052 4069
8488 6 11 50 6 14 2562 2648 7164 7015 7101
8489 6 11 50 6 7164 7015 7101 4093 3944 4030
8490 6 11 50 6 2583 2466 2656 7036 6919 7109
8491 6 11 50 6 7036 6919 7109 3965 3848 4038
8492 6 11 50 6 2441 2445 2655 6894 6898 7108
8493 6 11 50 6 6894 6898 7108 3823 3827 4037
8494 6 11 50 6 2457 2446 2655 6910 6899 7108
8495 6 11 50 6 6910 6899 7108 3839 3828 4037
8496 6 11 50 6 2582 2443 2637 7035 6896 7090
8497 6 11 50 6 7035 6896 7090 3964 3825 4019
8498 6 11 50 6 2366 2638 2710 6819 7091 7163
8499 6 11 50 6 6819 7091 7163 3748 4020 4092
8500 6 11 50 6 2505 2565 2709 6958 7018 7162
8501 6 11 50 6 6958 7018 7162 3887 3947 4091
8502 6 11 50 6 2637 2560 2662 7090 7013 7115
8503 6 11 50 6 7090 7013 7115 4019 3942 4044
8504 6 11 50 6 2495 2517 2653 6948 6970 7106
8505 6 11 50 6 6948 6970 7106 3877 3899 4035
8506 6 11 50 6 2545 2494 2661 6998 6947 7114
8507 6 11 50 6 6998 6947 7114 3927 3876 4043
8508 6 11 50 6 2577 2635 2640 7030 7088 7093
8509 6 11 50 6 7030 7088 7093 3959 4017 4022
8510 6 11 50 6 2600 2613 2659 7053 7066 7112
8511 6 11 50 6 7053 7066 7112 3982 3995 4041
8512 6 11 50 6 2629 14 2659 7082 7164 7112
8513 6 11 50 6 7082 7164 7112 4011 4093 4041
8514 6 11 50 6 2647 2543 2685 7100 6996 7138
8515 6 11 50 6 7100 6996 7138 4029 3925 4067
8516 6 11 50 6 2456 2457 2661 6909 6910 7114
8517 6 11 50 6 6909 6910 7114 3838 3839 4043
8518 6 11 50 6 2645 2511 2657 7098 6964 7110
8519 6 11 50 6 7098 6964 7110 4027 3893 4039
8520 6 11 50 6 2573 2359 2671 7026 6812 7124
8521 6 11 50 6 7026 6812 7124 3955 3741 4053
8522 6 11 50 6 2516 2639 2663 6969 7092 7116
8523 6 11 50 6 6969 7092 7116 3898 4021 4045
8524 6 11 50 6 2570 2551 2641 7023 7004 7094
8525 6 11 50 6 7023 7004 7094 3952 3933 4023
8526 6 11 50 6 2542 2595 2674 6995 7048 7127
8527 6 11 50 6 6995 7048 7127 3924 3977 4056
8528 6 11 50 6 2518 2519 2656 6971 6972 7109
8529 6 11 50 6 6971 6972 7109 3900 3901 4038
8530 6 11 50 6 2672 2634 2675 7125 7087 7128
8531 6 11 50 6 7125 7087 7128 4054 4016 4057
8532 6 11 50 6 2598 2588 2664 7051 7041 7117
8533 6 11 50 6 7051 7041 7117 3980 3970 4046
8534 6 11 50 6 2503 2491 2640 6956 6944 7093
8535 6 11 50 6 6956 6944 7093 3885 3873 4022
8536 6 11 50 6 2689 2370 2693 7142 6823 7146
8537 6 11 50 6 7142 6823 7146 4071 3752 4075
8538 6 11 50 6 2633 2493 2648 7086 6946 7101
8539 6 11 50 6 7086 6946 7101 4015 3875 4030
8540 6 11 50 6 2501 2503 2666 6954 6956 7119
8541 6 11 50 6 6954 6956 7119 3883 3885 4048
8542 6 11 50 6 2624 2524 2668 7077 6977 7121
8543 6 11 50 6 7077 6977 7121 4006 3906 4050
8544 6 11 50 6 2634 2500 2675 7087 6953 7128
8545 6 11 50 6 7087 6953 7128 4016 3882 4057
8546 6 11 50 6 2692 2689 2693 7145 7142 7146
8547 6 11 50 6 7145 7142 7146 4074 4071 4075
8548 6 11 50 6 2636 2571 2681 7089 7024 7134
8549 6 11 50 6 7089 7024 7134 4018 3953 4063
8550 6 11 50 6 2595 2470 2674 7048 6923 7127
8551 6 11 50 6 7048 6923 7127 3977 3852 4056
8552 6 11 50 6 2621 2528 2677 7074 6981 7130
8553 6 11 50 6 7074 6981 7130 4003 3910 4059
8554 6 11 50 6 2541 2574 2685 6994 7027 7138
8555 6 11 50 6 6994 7027 7138 3923 3956 4067
8556 6 11 50 6 2498 2534 2680 6951 6987 7133
8557 6 11 50 6 6951 6987 7133 3880 3916 4062
8558 6 11 50 6 2484 2604 2681 6937 7057 7134
8559 6 11 50 6 6937 7057 7134 3866 3986 4063
8560 6 11 50 6 2534 2581 2708 6987 7034 7161
8561 6 11 50 6 6987 7034 7161 3916 3963 4090
8562 6 11 50 6 2513 2516 2663 6966 6969 7116
8563 6 11 50 6 6966 6969 7116 3895 3898 4045
8564 6 11 50 6 2499 2618 2683 6952 7071 7136
8565 6 11 50 6 6952 7071 7136 3881 4000 4065
8566 6 11 50 6 2587 2472 2643 7040 6925 7096
8567 6 11 50 6 7040 6925 7096 3969 3854 4025
8568 6 11 50 6 2381 2378 2644 6834 6831 7097
8569 6 11 50 6 6834 6831 7097 3763 3760 4026
8570 6 11 50 6 2471 2505 2709 6924 6958 7162
8571 6 11 50 6 6924 6958 7162 3853 3887 4091
8572 6 11 50 6 2487 2511 2645 6940 6964 7098
8573 6 11 50 6 6940 6964 7098 3869 3893 4027
8574 6 11 50 6 2527 2523 2691 6980 6976 7144
8575 6 11 50 6 6980 6976 7144 3909 3905 4073
8576 6 11 50 6 2572 2550 2704 7025 7003 7157
8577 6 11 50 6 7025 7003 7157 3954 3932 4086
8578 6 11 50 6 2547 2549 2687 7000 7002 7140
8579 6 11 50 6 7000 7002 7140 3929 3931 4069
8580 6 11 50 6 2562 2633 2648 7015 7086 7101
8581 6 11 50 6 7015 7086 7101 3944 4015 4030
8582 6 11 50 6 2359 2573 2686 6812 7026 7139
8583 6 11 50 6 6812 7026 7139 3741 3955 4068
8584 6 11 50 6 2507 2508 2646 6960 6961 7099
8585 6 11 50 6 6960 6961 7099 3889 3890 4028
8586 6 11 50 6 2445 2586 2677 6898 7039 7130
8587 6 11 50 6 6898 7039 7130 3827 3968 4059
8588 6 11 50 6 2511 2488 2682 6964 6941 7135
8589 6 11 50 6 6964 6941 7135 3893 3870 4064
8590 6 11 50 6 2627 2496 2647 7080 6949 7100
8591 6 11 50 6 7080 6949 7100 4009 3878 4029
8592 6 11 50 6 2642 2503 2697 7095 6956 7150
8593 6 11 50 6 7095 6956 7150 4024 3885 4079
8594 6 11 50 6 2535 2612 2649 6988 7065 7102
8595 6 11 50 6 6988 7065 7102 3917 3994 4031
8596 6 11 50 6 2635 2371 2640 7088 6824 7093
8597 6 11 50 6 7088 6824 7093 4017 3753 4022
8598 6 11 50 6 2669 346 2698 7122 3720 7151
8599 6 11 50 6 7122 3720 7151 4051 938 4080
8600 6 11 50 6 2675 2500 2676 7128 6953 7129
8601 6 11 50 6 7128 6953 7129 4057 3882 4058
8602 6 11 50 6 2587 2554 2679 7040 7007 7132
8603 6 11 50 6 7040 7007 7132 3969 3936 4061
8604 6 11 50 6 2577 2494 2650 7030 6947 7103
8605 6 11 50 6 7030 6947 7103 3959 3876 4032
8606 6 11 50 6 2546 2545 2661 6999 6998 7114
8607 6 11 50 6 6999 6998 7114 3928 3927 4043
8608 6 11 50 6 2507 2646 2678 6960 7099 7131
8609 6 11 50 6 6960 7099 7131 3889 4028 4060
8610 6 11 50 6 2646 2508 2662 7099 6961 7115
8611 6 11 50 6 7099 6961 7115 4028 3890 4044
8612 6 11 50 6 2703 2568 2704 7156 7021 7157
8613 6 11 50 6 7156 7021 7157 4085 3950 4086
8614 6 11 50 6 2502 2501 2652 6955 6954 7105
8615 6 11 50 6 6955 6954 7105 3884 3883 4034
8616 6 11 50 6 2657 2511 2658 7110 6964 7111
8617 6 11 50 6 7110 6964 7111 4039 3893 4040
8618 6 11 50 6 2526 2621 2664 6979 7074 7117
8619 6 11 50 6 6979 7074 7117 3908 4003 4046
8620 6 11 50 6 2545 2536 2700 6998 6989 7153
8621 6 11 50 6 6998 6989 7153 3927 3918 4082
8622 6 11 50 6 2660 2534 2708 7113 6987 7161
8623 6 11 50 6 7113 6987 7161 4042 3916 4090
8624 6 11 50 6 2626 2495 2653 7079 6948 7106
8625 6 11 50 6 7079 6948 7106 4008 3877 4035
8626 6 11 50 6 2558 2560 2667 7011 7013 7120
8627 6 11 50 6 7011 7013 7120 3940 3942 4049
8628 6 11 50 6 2446 2441 2655 6899 6894 7108
8629 6 11 50 6 6899 6894 7108 3828 3823 4037
8630 6 11 50 6 2363 2676 2683 6816 7129 7136
8631 6 11 50 6 6816 7129 7136 3745 4058 4065
8632 6 11 50 6 2676 2500 2683 7129 6953 7136
8633 6 11 50 6 7129 6953 7136 4058 3882 4065
8634 6 11 50 6 2445 2568 2703 6898 7021 7156
8635 6 11 50 6 6898 7021 7156 3827 3950 4085
8636 6 11 50 6 2542 2540 2694 6995 6993 7147
8637 6 11 50 6 6995 6993 7147 3924 3922 4076
8638 6 11 50 6 2639 2569 2663 7092 7022 7116
8639 6 11 50 6 7092 7022 7116 4021 3951 4045
8640 6 11 50 6 2516 2535 2710 6969 6988 7163
8641 6 11 50 6 6969 6988 7163 3898 3917 4092
8642 6 11 50 6 2651 2359 2686 7104 6812 7139
8643 6 11 50 6 7104 6812 7139 4033 3741 4068
8644 6 11 50 6 2519 2624 2656 6972 7077 7109
8645 6 11 50 6 6972 7077 7109 3901 4006 4038
8646 6 11 50 6 2651 2527 2691 7104 6980 7144
8647 6 11 50 6 7104 6980 7144 4033 3909 4073
8648 6 11 50 6 2595 2542 2694 7048 6995 7147
8649 6 11 50 6 7048 6995 7147 3977 3924 4076
8650 6 11 50 6 2367 2652 2666 6820 7105 7119
8651 6 11 50 6 6820 7105 7119 3749 4034 4048
8652 6 11 50 6 2643 2472 2709 7096 6925 7162
8653 6 11 50 6 7096 6925 7162 4025 3854 4091
8654 6 11 50 6 2613 2623 2659 7066 7076 7112
8655 6 11 50 6 7066 7076 7112 3995 4005 4041
8656 6 11 50 6 2512 2513 2663 6965 6966 7116
8657 6 11 50 6 6965 6966 7116 3894 3895 4045
8658 6 11 50 6 2561 2558 2667 7014 7011 7120
8659 6 11 50 6 7014 7011 7120 3943 3940 4049
8660 6 11 50 6 2494 2456 2661 6947 6909 7114
8661 6 11 50 6 6947 6909 7114 3876 3838 4043
8662 6 11 50 6 2566 2555 2705 7019 7008 7158
8663 6 11 50 6 7019 7008 7158 3948 3937 4087
8664 6 11 50 6 2508 2610 2662 6961 7063 7115
8665 6 11 50 6 6961 7063 7115 3890 3992 4044
8666 6 11 50 6 2439 2598 2664 6892 7051 7117
8667 6 11 50 6 6892 7051 7117 3821 3980 4046
8668 6 11 50 6 2524 2526 2668 6977 6979 7121
8669 6 11 50 6 6977 6979 7121 3906 3908 4050
8670 6 11 50 6 2360 2565 2695 6813 7018 7148
8671 6 11 50 6 6813 7018 7148 3742 3947 4077
8672 6 11 50 6 2565 2505 2695 7018 6958 7148
8673 6 11 50 6 7018 6958 7148 3947 3887 4077
8674 6 11 50 6 2665 2544 2680 7118 6997 7133
8675 6 11 50 6 7118 6997 7133 4047 3926 4062
8676 6 11 50 6 2372 2665 2680 6825 7118 7133
8677 6 11 50 6 6825 7118 7133 3754 4047 4062
8678 6 11 50 6 2566 2552 2669 7019 7005 7122
8679 6 11 50 6 7019 7005 7122 3948 3934 4051
8680 6 11 50 6 2641 2551 2654 7094 7004 7107
8681 6 11 50 6 7094 7004 7107 4023 3933 4036
8682 6 11 50 6 2636 2492 2705 7089 6945 7158
8683 6 11 50 6 7089 6945 7158 4018 3874 4087
8684 6 11 50 6 2670 2573 2671 7123 7026 7124
8685 6 11 50 6 7123 7026 7124 4052 3955 4053
8686 6 11 50 6 2470 2584 2674 6923 7037 7127
8687 6 11 50 6 6923 7037 7127 3852 3966 4056
8688 6 11 50 6 2563 2691 2699 7016 7144 7152
8689 6 11 50 6 7016 7144 7152 3945 4073 4081
8690 6 11 50 6 2539 2542 2688 6992 6995 7141
8691 6 11 50 6 6992 6995 7141 3921 3924 4070
8692 6 11 50 6 2509 2375 2690 6962 6828 7143
8693 6 11 50 6 6962 6828 7143 3891 3757 4072
8694 6 11 50 6 2528 2568 2677 6981 7021 7130
8695 6 11 50 6 6981 7021 7130 3910 3950 4059
8696 6 11 50 6 2488 2507 2682 6941 6960 7135
8697 6 11 50 6 6941 6960 7135 3870 3889 4064
8698 6 11 50 6 2544 2498 2680 6997 6951 7133
8699 6 11 50 6 6997 6951 7133 3926 3880 4062
8700 6 11 50 6 2604 2477 2681 7057 6930 7134
8701 6 11 50 6 7057 6930 7134 3986 3859 4063
8702 6 11 50 6 359 2670 2671 3733 7123 7124
8703 6 11 50 6 3733 7123 7124 951 4052 4053
8704 6 11 50 6 2543 2541 2685 6996 6994 7138
8705 6 11 50 6 6996 6994 7138 3925 3923 4067
8706 6 11 50 6 2541 2538 2696 6994 6991 7149
8707 6 11 50 6 6994 6991 7149 3923 3920 4078
8708 6 11 50 6 2500 2499 2683 6953 6952 7136
8709 6 11 50 6 6953 6952 7136 3882 3881 4065
8710 6 11 50 6 2574 2465 2685 7027 6918 7138
8711 6 11 50 6 7027 6918 7138 3956 3847 4067
8712 6 11 50 6 2504 2574 2689 6957 7027 7142
8713 6 11 50 6 6957 7027 7142 3886 3956 4071
8714 6 11 50 6 2559 2556 2701 7012 7009 7154
8715 6 11 50 6 7012 7009 7154 3941 3938 4083
8716 6 11 50 6 2557 2561 2702 7010 7014 7155
8717 6 11 50 6 7010 7014 7155 3939 3943 4084
8718 6 11 50 6 2374 2650 2700 6827 7103 7153
8719 6 11 50 6 6827 7103 7153 3756 4032 4082
8720 6 11 50 6 2540 2543 2694 6993 6996 7147
8721 6 11 50 6 6993 6996 7147 3922 3925 4076
8722 6 11 50 6 2655 2445 2703 7108 6898 7156
8723 6 11 50 6 7108 6898 7156 4037 3827 4085
8724 6 11 50 6 2624 2668 2706 7077 7121 7159
8725 6 11 50 6 7077 7121 7159 4006 4050 4088
8726 6 11 50 6 2523 2522 2691 6976 6975 7144
8727 6 11 50 6 6976 6975 7144 3905 3904 4073
8728 6 11 50 6 2505 2512 2695 6958 6965 7148
8729 6 11 50 6 6958 6965 7148 3887 3894 4077
8730 6 11 50 6 2626 2373 2708 7079 6826 7161
8731 6 11 50 6 7079 6826 7161 4008 3755 4090
8732 6 11 50 6 2492 2566 2705 6945 7019 7158
8733 6 11 50 6 6945 7019 7158 3874 3948 4087
8734 6 11 50 6 2691 2522 2699 7144 6975 7152
8735 6 11 50 6 7144 6975 7152 4073 3904 4081
8736 6 11 50 6 2652 2501 2666 7105 6954 7119
8737 6 11 50 6 7105 6954 7119 4034 3883 4048
8738 6 11 50 6 2452 2583 2706 6905 7036 7159
8739 6 11 50 6 6905 7036 7159 3834 3965 4088
8740 6 11 50 6 2581 2626 2708 7034 7079 7161
8741 6 11 50 6 7034 7079 7161 3963 4008 4090
8742 6 11 50 6 2503 2640 2697 6956 7093 7150
8743 6 11 50 6 6956 7093 7150 3885 4022 4079
8744 6 11 50 6 2568 2529 2704 7021 6982 7157
8745 6 11 50 6 7021 6982 7157 3950 3911 4086
8746 6 11 50 6 2563 2651 2691 7016 7104 7144
8747 6 11 50 6 7016 7104 7144 3945 4033 4073
8748 6 11 50 6 2472 2471 2709 6925 6924 7162
8749 6 11 50 6 6925 6924 7162 3854 3853 4091
8750 6 11 50 6 2571 2636 2684 7024 7089 7137
8751 6 11 50 6 7024 7089 7137 3953 4018 4066
8752 6 11 50 6 2684 2636 2705 7137 7089 7158
8753 6 11 50 6 7137 7089 7158 4066 4018 4087
8754 6 11 50 6 2522 2673 2699 6975 7126 7152
8755 6 11 50 6 6975 7126 7152 3904 4055 4081
8756 6 11 50 6 2566 2669 2698 7019 7122 7151
8757 6 11 50 6 7019 7122 7151 3948 4051 4080
8758 6 11 50 6 2640 2371 2697 7093 6824 7150
8759 6 11 50 6 7093 6824 7150 4022 3753 4079
8760 6 11 50 6 2670 360 2687 7123 3734 7140
8761 6 11 50 6 7123 3734 7140 4052 952 4069
8762 6 11 50 6 331 2672 2675 3705 7125 7128
8763 6 11 50 6 3705 7125 7128 923 4054 4057
8764 6 11 50 6 2673 357 2699 7126 3731 7152
8765 6 11 50 6 7126 3731 7152 4055 949 4081
8766 6 11 50 6 2507 2678 2682 6960 7131 7135
8767 6 11 50 6 6960 7131 7135 3889 4060 4064
8768 6 11 50 6 2678 2530 2682 7131 6983 7135
8769 6 11 50 6 7131 6983 7135 4060 3912 4064
8770 6 11 50 6 2550 2655 2703 7003 7108 7156
8771 6 11 50 6 7003 7108 7156 3932 4037 4085
8772 6 11 50 6 2373 2660 2708 6826 7113 7161
8773 6 11 50 6 6826 7113 7161 3755 4042 4090
8774 6 11 50 6 2510 2692 2693 6963 7145 7146
8775 6 11 50 6 6963 7145 7146 3892 4074 4075
8776 6 11 50 6 2668 2452 2706 7121 6905 7159
8777 6 11 50 6 7121 6905 7159 4050 3834 4088
8778 6 11 50 6 2504 2689 2692 6957 7142 7145
8779 6 11 50 6 6957 7142 7145 3886 4071 4074
8780 6 11 50 6 2555 2684 2705 7008 7137 7158
8781 6 11 50 6 7008 7137 7158 3937 4066 4087
8782 6 11 50 6 349 2357 2707 3723 6810 7160
8783 6 11 50 6 3723 6810 7160 941 3739 4089
8784 6 11 50 6 2359 358 2671 6812 3732 7124
8785 6 11 50 6 6812 3732 7124 3741 950 4053
8786 6 22 63 6 3091 3074 3095 7545 7528 7549
8787 6 22 63 6 7545 7528 7549 4666 4649 4670
8788 6 22 63 6 3074 3091 3092 7528 7545 7546
8789 6 22 63 6 7528 7545 7546 4649 4666 4667
8790 6 22 63 6 536 537 3100 4617 4618 7554
8791 6 22 63 6 4617 4618 7554 1144 1145 4675
8792 6 22 63 6 530 531 3099 4611 4612 7553
8793 6 22 63 6 4611 4612 7553 1138 1139 4674
8794 6 22 63 6 3082 3091 3095 7536 7545 7549
8795 6 22 63 6 7536 7545 7549 4657 4666 4670
8796 6 22 63 6 3070 539 3080 7524 4620 7534
8797 6 22 63 6 7524 4620 7534 4645 1147 4655
8798 6 22 63 6 3068 546 3077 7522 4627 7531
8799 6 22 63 6 7522 4627 7531 4643 1154 4652
8800 6 22 63 6 3069 553 3081 7523 4634 7535
8801 6 22 63 6 7523 4634 7535 4644 1161 4656
8802 6 22 63 6 555 3066 3081 4636 7520 7535
8803 6 22 63 6 4636 7520 7535 1163 4641 4656
8804 6 22 63 6 541 3065 3080 4622 7519 7534
8805 6 22 63 6 4622 7519 7534 1149 4640 4655
8806 6 22 63 6 548 3063 3077 4629 7517 7531
8807 6 22 63 6 4629 7517 7531 1156 4638 4652
8808 6 22 63 6 3083 3090 3094 7537 7544 7548
8809 6 22 63 6 7537 7544 7548 4658 4665 4669
8810 6 22 63 6 3093 3078 3104 7547 7532 7558
8811 6 22 63 6 7547 7532 7558 4668 4653 4679
8812 6 22 63 6 3092 3084 3097 7546 7538 7551
8813 6 22 63 6 7546 7538 7551 4667 4659 4672
8814 6 22 63 6 3079 3078 3093 7533 7532 7547
8815 6 22 63 6 7533 7532 7547 4654 4653 4668
8816 6 22 63 6 3083 3089 3090 7537 7543 7544
8817 6 22 63 6 7537 7543 7544 4658 4664 4665
8818 6 22 63 6 3074 3092 3097 7528 7546 7551
8819 6 22 63 6 7528 7546 7551 4649 4667 4672
8820 6 22 63 6 3088 31 3089 7542 7564 7543
8821 6 22 63 6 7542 7564 7543 4663 4685 4664
8822 6 22 63 6 3067 3093 3104 7521 7547 7558
8823 6 22 63 6 7521 7547 7558 4642 4668 4679
8824 6 22 63 6 3090 3072 3094 7544 7526 7548
8825 6 22 63 6 7544 7526 7548 4665 4647 4669
8826 6 22 63 6 3070 3080 3084 7524 7534 7538
8827 6 22 63 6 7524 7534 7538 4645 4655 4659
8828 6 22 63 6 3068 3077 3082 7522 7531 7536
8829 6 22 63 6 7522 7531 7536 4643 4652 4657
8830 6 22 63 6 3069 3081 3083 7523 7535 7537
8831 6 22 63 6 7523 7535 7537 4644 4656 4658
8832 6 22 63 6 3086 3084 3092 7540 7538 7546
8833 6 22 63 6 7540 7538 7546 4661 4659 4667
8834 6 22 63 6 3076 3087 3088 7530 7541 7542
8835 6 22 63 6 7530 7541 7542 4651 4662 4663
8836 6 22 63 6 3076 3088 3089 7530 7542 7543
8837 6 22 63 6 7530 7542 7543 4651 4663 4664
8838 6 22 63 6 3067 536 3100 7521 4617 7554
8839 6 22 63 6 7521 4617 7554 4642 1144 4675
8840 6 22 63 6 3075 530 3099 7529 4611 7553
8841 6 22 63 6 7529 4611 7553 4650 1138 4674
8842 6 22 63 6 3067 3085 3093 7521 7539 7547
8843 6 22 63 6 7521 7539 7547 4642 4660 4668
8844 6 22 63 6 3064 3079 3087 7518 7533 7541
8845 6 22 63 6 7518 7533 7541 4639 4654 4662
8846 6 22 63 6 3070 3084 3085 7524 7538 7539
8847 6 22 63 6 7524 7538 7539 4645 4659 4660
8848 6 22 63 6 3076 3075 3087 7530 7529 7541
8849 6 22 63 6 7530 7529 7541 4651 4650 4662
8850 6 22 63 6 31 3086 3092 7564 7540 7546
8851 6 22 63 6 7564 7540 7546 4685 4661 4667
8852 6 22 63 6 3089 31 3090 7543 7564 7544
8853 6 22 63 6 7543 7564 7544 4664 4685 4665
8854 6 22 63 6 31 3088 3109 7564 7542 7563
8855 6 22 63 6 7564 7542 7563 4685 4663 4684
8856 6 22 63 6 3086 31 3109 7540 7564 7563
8857 6 22 63 6 7540 7564 7563 4661 4685 4684
8858 6 22 63 6 3085 3084 3086 7539 7538 7540
8859 6 22 63 6 7539 7538 7540 4660 4659 4661
8860 6 22 63 6 3087 3079 3088 7541 7533 7542
8861 6 22 63 6 7541 7533 7542 4662 4654 4663
8862 6 22 63 6 3076 3089 3096 7530 7543 7550
8863 6 22 63 6 7530 7543 7550 4651 4664 4671
8864 6 22 63 6 3089 3083 3096 7543 7537 7550
8865 6 22 63 6 7543 7537 7550 4664 4658 4671
8866 6 22 63 6 3081 3066 3096 7535 7520 7550
8867 6 22 63 6 7535 7520 7550 4656 4641 4671
8868 6 22 63 6 3080 3065 3097 7534 7519 7551
8869 6 22 63 6 7534 7519 7551 4655 4640 4672
8870 6 22 63 6 3077 3063 3098 7531 7517 7552
8871 6 22 63 6 7531 7517 7552 4652 4638 4673
8872 6 22 63 6 3090 31 3091 7544 7564 7545
8873 6 22 63 6 7544 7564 7545 4665 4685 4666
8874 6 22 63 6 3091 31 3092 7545 7564 7546
8875 6 22 63 6 7545 7564 7546 4666 4685 4667
8876 6 22 63 6 3075 3076 3106 7529 7530 7560
8877 6 22 63 6 7529 7530 7560 4650 4651 4681
8878 6 22 63 6 3073 3074 3105 7527 7528 7559
8879 6 22 63 6 7527 7528 7559 4648 4649 4680
8880 6 22 63 6 3076 3066 3106 7530 7520 7560
8881 6 22 63 6 7530 7520 7560 4651 4641 4681
8882 6 22 63 6 3074 3065 3105 7528 7519 7559
8883 6 22 63 6 7528 7519 7559 4649 4640 4680
8884 6 22 63 6 3071 3072 3103 7525 7526 7557
8885 6 22 63 6 7525 7526 7557 4646 4647 4678
8886 6 22 63 6 3072 3063 3103 7526 7517 7557
8887 6 22 63 6 7526 7517 7557 4647 4638 4678
8888 6 22 63 6 3078 3079 3107 7532 7533 7561
8889 6 22 63 6 7532 7533 7561 4653 4654 4682
8890 6 22 63 6 3079 3064 3107 7533 7518 7561
8891 6 22 63 6 7533 7518 7561 4654 4639 4682
8892 6 22 63 6 3085 3086 3093 7539 7540 7547
8893 6 22 63 6 7539 7540 7547 4660 4661 4668
8894 6 22 63 6 3068 3082 3095 7522 7536 7549
8895 6 22 63 6 7522 7536 7549 4643 4657 4670
8896 6 22 63 6 3069 3083 3094 7523 7537 7548
8897 6 22 63 6 7523 7537 7548 4644 4658 4669
8898 6 22 63 6 3074 3073 3095 7528 7527 7549
8899 6 22 63 6 7528 7527 7549 4649 4648 4670
8900 6 22 63 6 3072 3071 3094 7526 7525 7548
8901 6 22 63 6 7526 7525 7548 4647 4646 4669
8902 6 22 63 6 3066 3076 3096 7520 7530 7550
8903 6 22 63 6 7520 7530 7550 4641 4651 4671
8904 6 22 63 6 3063 3072 3098 7517 7526 7552
8905 6 22 63 6 7517 7526 7552 4638 4647 4673
8906 6 22 63 6 3065 3074 3097 7519 7528 7551
8907 6 22 63 6 7519 7528 7551 4640 4649 4672
8908 6 22 63 6 3084 3080 3097 7538 7534 7551
8909 6 22 63 6 7538 7534 7551 4659 4655 4672
8910 6 22 63 6 3083 3081 3096 7537 7535 7550
8911 6 22 63 6 7537 7535 7550 4658 4656 4671
8912 6 22 63 6 3082 3077 3098 7536 7531 7552
8913 6 22 63 6 7536 7531 7552 4657 4652 4673
8914 6 22 63 6 531 532 3099 4612 4613 7553
8915 6 22 63 6 4612 4613 7553 1139 1140 4674
8916 6 22 63 6 537 538 3100 4618 4619 7554
8917 6 22 63 6 4618 4619 7554 1145 1146 4675
8918 6 22 63 6 3085 3067 3100 7539 7521 7554
8919 6 22 63 6 7539 7521 7554 4660 4642 4675
8920 6 22 63 6 3087 3075 3099 7541 7529 7553
8921 6 22 63 6 7541 7529 7553 4662 4650 4674
8922 6 22 63 6 3088 3079 3109 7542 7533 7563
8923 6 22 63 6 7542 7533 7563 4663 4654 4684
8924 6 22 63 6 3064 3087 3099 7518 7541 7553
8925 6 22 63 6 7518 7541 7553 4639 4662 4674
8926 6 22 63 6 3070 3085 3100 7524 7539 7554
8927 6 22 63 6 7524 7539 7554 4645 4660 4675
8928 6 22 63 6 3091 3082 3108 7545 7536 7562
8929 6 22 63 6 7545 7536 7562 4666 4657 4683
8930 6 22 63 6 545 546 3068 4626 4627 7522
8931 6 22 63 6 4626 4627 7522 1153 1154 4643
8932 6 22 63 6 538 539 3070 4619 4620 7524
8933 6 22 63 6 4619 4620 7524 1146 1147 4645
8934 6 22 63 6 529 530 3075 4610 4611 7529
8935 6 22 63 6 4610 4611 7529 1137 1138 4650
8936 6 22 63 6 552 553 3069 4633 4634 7523
8937 6 22 63 6 4633 4634 7523 1160 1161 4644
8938 6 22 63 6 543 544 3073 4624 4625 7527
8939 6 22 63 6 4624 4625 7527 1151 1152 4648
8940 6 22 63 6 550 551 3071 4631 4632 7525
8941 6 22 63 6 4631 4632 7525 1158 1159 4646
8942 6 22 63 6 534 535 3078 4615 4616 7532
8943 6 22 63 6 4615 4616 7532 1142 1143 4653
8944 6 22 63 6 33 536 3067 1166 4617 7521
8945 6 22 63 6 1166 4617 7521 100 1144 4642
8946 6 22 63 6 547 548 3077 4628 4629 7531
8947 6 22 63 6 4628 4629 7531 1155 1156 4652
8948 6 22 63 6 554 555 3081 4635 4636 7535
8949 6 22 63 6 4635 4636 7535 1162 1163 4656
8950 6 22 63 6 540 541 3080 4621 4622 7534
8951 6 22 63 6 4621 4622 7534 1148 1149 4655
8952 6 22 63 6 556 32 3066 4637 1165 7520
8953 6 22 63 6 4637 1165 7520 1164 99 4641
8954 6 22 63 6 542 34 3065 4623 1167 7519
8955 6 22 63 6 4623 1167 7519 1150 101 4640
8956 6 22 63 6 532 533 3064 4613 4614 7518
8957 6 22 63 6 4613 4614 7518 1140 1141 4639
8958 6 22 63 6 549 35 3063 4630 1168 7517
8959 6 22 63 6 4630 1168 7517 1157 102 4638
8960 6 22 63 6 3072 3090 3108 7526 7544 7562
8961 6 22 63 6 7526 7544 7562 4647 4665 4683
8962 6 22 63 6 3079 3093 3109 7533 7547 7563
8963 6 22 63 6 7533 7547 7563 4654 4668 4684
8964 6 22 63 6 3090 3091 3108 7544 7545 7562
8965 6 22 63 6 7544 7545 7562 4665 4666 4683
8966 6 22 63 6 3082 3098 3108 7536 7552 7562
8967 6 22 63 6 7536 7552 7562 4657 4673 4683
8968 6 22 63 6 532 3064 3099 4613 7518 7553
8969 6 22 63 6 4613 7518 7553 1140 4639 4674
8970 6 22 63 6 538 3070 3100 4619 7524 7554
8971 6 22 63 6 4619 7524 7554 1146 4645 4675
8972 6 22 63 6 3093 3086 3109 7547 7540 7563
8973 6 22 63 6 7547 7540 7563 4668 4661 4684
8974 6 22 63 6 35 550 3103 1168 4631 7557
8975 6 22 63 6 1168 4631 7557 102 1158 4678
8976 6 22 63 6 34 543 3105 1167 4624 7559
8977 6 22 63 6 1167 4624 7559 101 1151 4680
8978 6 22 63 6 551 552 3102 4632 4633 7556
8979 6 22 63 6 4632 4633 7556 1159 1160 4677
8980 6 22 63 6 32 529 3106 1165 4610 7560
8981 6 22 63 6 1165 4610 7560 99 1137 4681
8982 6 22 63 6 544 545 3101 4625 4626 7555
8983 6 22 63 6 4625 4626 7555 1152 1153 4676
8984 6 22 63 6 535 33 3104 4616 1166 7558
8985 6 22 63 6 4616 1166 7558 1143 100 4679
8986 6 22 63 6 533 534 3107 4614 4615 7561
8987 6 22 63 6 4614 4615 7561 1141 1142 4682
8988 6 22 63 6 3098 3072 3108 7552 7526 7562
8989 6 22 63 6 7552 7526 7562 4673 4647 4683
8990 6 22 63 6 3068 3095 3101 7522 7549 7555
8991 6 22 63 6 7522 7549 7555 4643 4670 4676
8992 6 22 63 6 3069 3094 3102 7523 7548 7556
8993 6 22 63 6 7523 7548 7556 4644 4669 4677
8994 6 22 63 6 3095 3073 3101 7549 7527 7555
8995 6 22 63 6 7549 7527 7555 4670 4648 4676
8996 6 22 63 6 3094 3071 3102 7548 7525 7556
8997 6 22 63 6 7548 7525 7556 4669 4646 4677
8998 6 22 63 6 529 3075 3106 4610 7529 7560
8999 6 22 63 6 4610 7529 7560 1137 4650 4681
9000 6 22 63 6 3073 544 3101 7527 4625 7555
9001 6 22 63 6 7527 4625 7555 4648 1152 4676
9002 6 22 63 6 545 3068 3101 4626 7522 7555
9003 6 22 63 6 4626 7522 7555 1153 4643 4676
9004 6 22 63 6 543 3073 3105 4624 7527 7559
9005 6 22 63 6 4624 7527 7559 1151 4648 4680
9006 6 22 63 6 552 3069 3102 4633 7523 7556
9007 6 22 63 6 4633 7523 7556 1160 4644 4677
9008 6 22 63 6 3071 551 3102 7525 4632 7556
9009 6 22 63 6 7525 4632 7556 4646 1159 4677
9010 6 22 63 6 550 3071 3103 4631 7525 7557
9011 6 22 63 6 4631 7525 7557 1158 4646 4678
9012 6 22 63 6 33 3067 3104 1166 7521 7558
9013 6 22 63 6 1166 7521 7558 100 4642 4679
9014 6 22 63 6 3078 535 3104 7532 4616 7558
9015 6 22 63 6 7532 4616 7558 4653 1143 4679
9016 6 22 63 6 534 3078 3107 4615 7532 7561
9017 6 22 63 6 4615 7532 7561 1142 4653 4682
9018 6 22 63 6 3066 32 3106 7520 1165 7560
9019 6 22 63 6 7520 1165 7560 4641 99 4681
9020 6 22 63 6 3065 34 3105 7519 1167 7559
9021 6 22 63 6 7519 1167 7559 4640 101 4680
9022 6 22 63 6 3063 35 3103 7517 1168 7557
9023 6 22 63 6 7517 1168 7557 4638 102 4678
9024 6 22 63 6 3064 533 3107 7518 4614 7561
9025 6 22 63 6 7518 4614 7561 4639 1141 4682
9026 6 22 63 6 539 540 3080 4620 4621 7534
9027 6 22 63 6 4620 4621 7534 1147 1148 4655
9028 6 22 63 6 541 542 3065 4622 4623 7519
9029 6 22 63 6 4622 4623 7519 1149 1150 4640
9030 6 22 63 6 546 547 3077 4627 4628 7531
9031 6 22 63 6 4627 4628 7531 1154 1155 4652
9032 6 22 63 6 548 549 3063 4629 4630 7517
9033 6 22 63 6 4629 4630 7517 1156 1157 4638
9034 6 22 63 6 553 554 3081 4634 4635 7535
9035 6 22 63 6 4634 4635 7535 1161 1162 4656
9036 6 22 63 6 555 556 3066 4636 4637 7520
9037 6 22 63 6 4636 4637 7520 1163 1164 4641
9038 6 32 72 6 3222 44 3226 7677 7694 7681
9039 6 32 72 6 7677 7694 7681 4894 4911 4898
9040 6 32 72 6 647 648 3232 4860 4861 7687
9041 6 32 72 6 4860 4861 7687 1267 1268 4904
9042 6 32 72 6 639 640 3231 4852 4853 7686
9043 6 32 72 6 4852 4853 7686 1259 1260 4903
9044 6 32 72 6 44 3221 3226 7694 7676 7681
9045 6 32 72 6 7694 7676 7681 4911 4893 4898
9046 6 32 72 6 3201 649 3212 7656 4862 7667
9047 6 32 72 6 7656 4862 7667 4873 1269 4884
9048 6 32 72 6 3199 628 3209 7654 4841 7664
9049 6 32 72 6 7654 4841 7664 4871 1248 4881
9050 6 32 72 6 3200 635 3210 7655 4848 7665
9051 6 32 72 6 7655 4848 7665 4872 1255 4882
9052 6 32 72 6 641 3195 3204 4854 7650 7659
9053 6 32 72 6 4854 7650 7659 1261 4867 4876
9054 6 32 72 6 637 3197 3210 4850 7652 7665
9055 6 32 72 6 4850 7652 7665 1257 4869 4882
9056 6 32 72 6 651 3196 3212 4864 7651 7667
9057 6 32 72 6 4864 7651 7667 1271 4868 4884
9058 6 32 72 6 630 3194 3209 4843 7649 7664
9059 6 32 72 6 4843 7649 7664 1250 4866 4881
9060 6 32 72 6 3207 3220 3222 7662 7675 7677
9061 6 32 72 6 7662 7675 7677 4879 4892 4894
9062 6 32 72 6 3222 3215 3229 7677 7670 7684
9063 6 32 72 6 7677 7670 7684 4894 4887 4901
9064 6 32 72 6 3219 44 3220 7674 7694 7675
9065 6 32 72 6 7674 7694 7675 4891 4911 4892
9066 6 32 72 6 3220 3207 3224 7675 7662 7679
9067 6 32 72 6 7675 7662 7679 4892 4879 4896
9068 6 32 72 6 3215 3222 3226 7670 7677 7681
9069 6 32 72 6 7670 7677 7681 4887 4894 4898
9070 6 32 72 6 44 3217 3221 7694 7672 7676
9071 6 32 72 6 7694 7672 7676 4911 4889 4893
9072 6 32 72 6 3217 44 3223 7672 7694 7678
9073 6 32 72 6 7672 7694 7678 4889 4911 4895
9074 6 32 72 6 44 3219 3223 7694 7674 7678
9075 6 32 72 6 7694 7674 7678 4911 4891 4895
9076 6 32 72 6 3204 3195 3205 7659 7650 7660
9077 6 32 72 6 7659 7650 7660 4876 4867 4877
9078 6 32 72 6 3199 3209 3215 7654 7664 7670
9079 6 32 72 6 7654 7664 7670 4871 4881 4887
9080 6 32 72 6 3201 3212 3214 7656 7667 7669
9081 6 32 72 6 7656 7667 7669 4873 4884 4886
9082 6 32 72 6 3210 3197 3211 7665 7652 7666
9083 6 32 72 6 7665 7652 7666 4882 4869 4883
9084 6 32 72 6 3220 44 3222 7675 7694 7677
9085 6 32 72 6 7675 7694 7677 4892 4911 4894
9086 6 32 72 6 3207 3222 3229 7662 7677 7684
9087 6 32 72 6 7662 7677 7684 4879 4894 4901
9088 6 32 72 6 3218 3205 3219 7673 7660 7674
9089 6 32 72 6 7673 7660 7674 4890 4877 4891
9090 6 32 72 6 3216 3214 3217 7671 7669 7672
9091 6 32 72 6 7671 7669 7672 4888 4886 4889
9092 6 32 72 6 3217 3214 3221 7672 7669 7676
9093 6 32 72 6 7672 7669 7676 4889 4886 4893
9094 6 32 72 6 648 3201 3232 4861 7656 7687
9095 6 32 72 6 4861 7656 7687 1268 4873 4904
9096 6 32 72 6 640 3204 3231 4853 7659 7686
9097 6 32 72 6 4853 7659 7686 1260 4876 4903
9098 6 32 72 6 3211 3197 3218 7666 7652 7673
9099 6 32 72 6 7666 7652 7673 4883 4869 4890
9100 6 32 72 6 3213 3198 3216 7668 7653 7671
9101 6 32 72 6 7668 7653 7671 4885 4870 4888
9102 6 32 72 6 3201 3214 3216 7656 7669 7671
9103 6 32 72 6 7656 7669 7671 4873 4886 4888
9104 6 32 72 6 3204 3205 3218 7659 7660 7673
9105 6 32 72 6 7659 7660 7673 4876 4877 4890
9106 6 32 72 6 3219 3205 3223 7674 7660 7678
9107 6 32 72 6 7674 7660 7678 4891 4877 4895
9108 6 32 72 6 3211 3219 3220 7666 7674 7675
9109 6 32 72 6 7666 7674 7675 4883 4891 4892
9110 6 32 72 6 3213 3216 3217 7668 7671 7672
9111 6 32 72 6 7668 7671 7672 4885 4888 4889
9112 6 32 72 6 3211 3218 3219 7666 7673 7674
9113 6 32 72 6 7666 7673 7674 4883 4890 4891
9114 6 32 72 6 3207 3206 3224 7662 7661 7679
9115 6 32 72 6 7662 7661 7679 4879 4878 4896
9116 6 32 72 6 3213 3217 3223 7668 7672 7678
9117 6 32 72 6 7668 7672 7678 4885 4889 4895
9118 6 32 72 6 3213 3223 3228 7668 7678 7683
9119 6 32 72 6 7668 7678 7683 4885 4895 4900
9120 6 32 72 6 3203 3221 3227 7658 7676 7682
9121 6 32 72 6 7658 7676 7682 4875 4893 4899
9122 6 32 72 6 3221 3214 3227 7676 7669 7682
9123 6 32 72 6 7676 7669 7682 4893 4886 4899
9124 6 32 72 6 3223 3205 3228 7678 7660 7683
9125 6 32 72 6 7678 7660 7683 4895 4877 4900
9126 6 32 72 6 3212 3196 3227 7667 7651 7682
9127 6 32 72 6 7667 7651 7682 4884 4868 4899
9128 6 32 72 6 3209 3194 3229 7664 7649 7684
9129 6 32 72 6 7664 7649 7684 4881 4866 4901
9130 6 32 72 6 3200 3210 3230 7655 7665 7685
9131 6 32 72 6 7655 7665 7685 4872 4882 4902
9132 6 32 72 6 3211 3220 3230 7666 7675 7685
9133 6 32 72 6 7666 7675 7685 4883 4892 4902
9134 6 32 72 6 3202 3203 3236 7657 7658 7691
9135 6 32 72 6 7657 7658 7691 4874 4875 4908
9136 6 32 72 6 3203 3196 3236 7658 7651 7691
9137 6 32 72 6 7658 7651 7691 4875 4868 4908
9138 6 32 72 6 3206 3207 3237 7661 7662 7692
9139 6 32 72 6 7661 7662 7692 4878 4879 4909
9140 6 32 72 6 3207 3194 3237 7662 7649 7692
9141 6 32 72 6 7662 7649 7692 4879 4866 4909
9142 6 32 72 6 3198 3213 3235 7653 7668 7690
9143 6 32 72 6 7653 7668 7690 4870 4885 4907
9144 6 32 72 6 3213 3208 3235 7668 7663 7690
9145 6 32 72 6 7668 7663 7690 4885 4880 4907
9146 6 32 72 6 3221 3203 3226 7676 7658 7681
9147 6 32 72 6 7676 7658 7681 4893 4875 4898
9148 6 32 72 6 3224 3206 3233 7679 7661 7688
9149 6 32 72 6 7679 7661 7688 4896 4878 4905
9150 6 32 72 6 3199 3215 3225 7654 7670 7680
9151 6 32 72 6 7654 7670 7680 4871 4887 4897
9152 6 32 72 6 3203 3202 3225 7658 7657 7680
9153 6 32 72 6 7658 7657 7680 4875 4874 4897
9154 6 32 72 6 3205 3195 3228 7660 7650 7683
9155 6 32 72 6 7660 7650 7683 4877 4867 4900
9156 6 32 72 6 3196 3203 3227 7651 7658 7682
9157 6 32 72 6 7651 7658 7682 4868 4875 4899
9158 6 32 72 6 3194 3207 3229 7649 7662 7684
9159 6 32 72 6 7649 7662 7684 4866 4879 4901
9160 6 32 72 6 3214 3212 3227 7669 7667 7682
9161 6 32 72 6 7669 7667 7682 4886 4884 4899
9162 6 32 72 6 3215 3209 3229 7670 7664 7684
9163 6 32 72 6 7670 7664 7684 4887 4881 4901
9164 6 32 72 6 3208 3213 3228 7663 7668 7683
9165 6 32 72 6 7663 7668 7683 4880 4885 4900
9166 6 32 72 6 47 639 3231 1275 4852 7686
9167 6 32 72 6 1275 4852 7686 113 1259 4903
9168 6 32 72 6 646 647 3232 4859 4860 7687
9169 6 32 72 6 4859 4860 7687 1266 1267 4904
9170 6 32 72 6 3201 3216 3232 7656 7671 7687
9171 6 32 72 6 7656 7671 7687 4873 4888 4904
9172 6 32 72 6 3204 3218 3231 7659 7673 7686
9173 6 32 72 6 7659 7673 7686 4876 4890 4903
9174 6 32 72 6 3220 3224 3230 7675 7679 7685
9175 6 32 72 6 7675 7679 7685 4892 4896 4902
9176 6 32 72 6 3210 3211 3230 7665 7666 7685
9177 6 32 72 6 7665 7666 7685 4882 4883 4902
9178 6 32 72 6 3218 3197 3231 7673 7652 7686
9179 6 32 72 6 7673 7652 7686 4890 4869 4903
9180 6 32 72 6 3216 3198 3232 7671 7653 7687
9181 6 32 72 6 7671 7653 7687 4888 4870 4904
9182 6 32 72 6 627 628 3199 4840 4841 7654
9183 6 32 72 6 4840 4841 7654 1247 1248 4871
9184 6 32 72 6 634 635 3200 4847 4848 7655
9185 6 32 72 6 4847 4848 7655 1254 1255 4872
9186 6 32 72 6 640 641 3204 4853 4854 7659
9187 6 32 72 6 4853 4854 7659 1260 1261 4876
9188 6 32 72 6 648 649 3201 4861 4862 7656
9189 6 32 72 6 4861 4862 7656 1268 1269 4873
9190 6 32 72 6 48 646 3198 1276 4859 7653
9191 6 32 72 6 1276 4859 7653 114 1266 4870
9192 6 32 72 6 625 626 3202 4838 4839 7657
9193 6 32 72 6 4838 4839 7657 1245 1246 4874
9194 6 32 72 6 632 633 3206 4845 4846 7661
9195 6 32 72 6 4845 4846 7661 1252 1253 4878
9196 6 32 72 6 644 645 3208 4857 4858 7663
9197 6 32 72 6 4857 4858 7663 1264 1265 4880
9198 6 32 72 6 629 630 3209 4842 4843 7664
9199 6 32 72 6 4842 4843 7664 1249 1250 4881
9200 6 32 72 6 650 651 3212 4863 4864 7667
9201 6 32 72 6 4863 4864 7667 1270 1271 4884
9202 6 32 72 6 636 637 3210 4849 4850 7665
9203 6 32 72 6 4849 4850 7665 1256 1257 4882
9204 6 32 72 6 638 47 3197 4851 1275 7652
9205 6 32 72 6 4851 1275 7652 1258 113 4869
9206 6 32 72 6 652 45 3196 4865 1273 7651
9207 6 32 72 6 4865 1273 7651 1272 111 4868
9208 6 32 72 6 642 643 3195 4855 4856 7650
9209 6 32 72 6 4855 4856 7650 1262 1263 4867
9210 6 32 72 6 631 46 3194 4844 1274 7649
9211 6 32 72 6 4844 1274 7649 1251 112 4866
9212 6 32 72 6 3200 3224 3233 7655 7679 7688
9213 6 32 72 6 7655 7679 7688 4872 4896 4905
9214 6 32 72 6 3225 3215 3226 7680 7670 7681
9215 6 32 72 6 7680 7670 7681 4897 4887 4898
9216 6 32 72 6 3203 3225 3226 7658 7680 7681
9217 6 32 72 6 7658 7680 7681 4875 4897 4898
9218 6 32 72 6 3224 3200 3230 7679 7655 7685
9219 6 32 72 6 7679 7655 7685 4896 4872 4902
9220 6 32 72 6 3197 47 3231 7652 1275 7686
9221 6 32 72 6 7652 1275 7686 4869 113 4903
9222 6 32 72 6 3198 646 3232 7653 4859 7687
9223 6 32 72 6 7653 4859 7687 4870 1266 4904
9224 6 32 72 6 45 625 3236 1273 4838 7691
9225 6 32 72 6 1273 4838 7691 111 1245 4908
9226 6 32 72 6 633 634 3233 4846 4847 7688
9227 6 32 72 6 4846 4847 7688 1253 1254 4905
9228 6 32 72 6 626 627 3234 4839 4840 7689
9229 6 32 72 6 4839 4840 7689 1246 1247 4906
9230 6 32 72 6 46 632 3237 1274 4845 7692
9231 6 32 72 6 1274 4845 7692 112 1252 4909
9232 6 32 72 6 643 644 3238 4856 4857 7693
9233 6 32 72 6 4856 4857 7693 1263 1264 4910
9234 6 32 72 6 645 48 3235 4858 1276 7690
9235 6 32 72 6 4858 1276 7690 1265 114 4907
9236 6 32 72 6 3199 3225 3234 7654 7680 7689
9237 6 32 72 6 7654 7680 7689 4871 4897 4906
9238 6 32 72 6 3225 3202 3234 7680 7657 7689
9239 6 32 72 6 7680 7657 7689 4897 4874 4906
9240 6 32 72 6 3228 3195 3238 7683 7650 7693
9241 6 32 72 6 7683 7650 7693 4900 4867 4910
9242 6 32 72 6 3208 3228 3238 7663 7683 7693
9243 6 32 72 6 7663 7683 7693 4880 4900 4910
9244 6 32 72 6 627 3199 3234 4840 7654 7689
9245 6 32 72 6 4840 7654 7689 1247 4871 4906
9246 6 32 72 6 3202 626 3234 7657 4839 7689
9247 6 32 72 6 7657 4839 7689 4874 1246 4906
9248 6 32 72 6 634 3200 3233 4847 7655 7688
9249 6 32 72 6 4847 7655 7688 1254 4872 4905
9250 6 32 72 6 3206 633 3233 7661 4846 7688
9251 6 32 72 6 7661 4846 7688 4878 1253 4905
9252 6 32 72 6 625 3202 3236 4838 7657 7691
9253 6 32 72 6 4838 7657 7691 1245 4874 4908
9254 6 32 72 6 632 3206 3237 4845 7661 7692
9255 6 32 72 6 4845 7661 7692 1252 4878 4909
9256 6 32 72 6 48 3198 3235 1276 7653 7690
9257 6 32 72 6 1276 7653 7690 114 4870 4907
9258 6 32 72 6 3208 645 3235 7663 4858 7690
9259 6 32 72 6 7663 4858 7690 4880 1265 4907
9260 6 32 72 6 644 3208 3238 4857 7663 7693
9261 6 32 72 6 4857 7663 7693 1264 4880 4910
9262 6 32 72 6 3196 45 3236 7651 1273 7691
9263 6 32 72 6 7651 1273 7691 4868 111 4908
9264 6 32 72 6 3194 46 3237 7649 1274 7692
9265 6 32 72 6 7649 1274 7692 4866 112 4909
9266 6 32 72 6 3195 643 3238 7650 4856 7693
9267 6 32 72 6 7650 4856 7693 4867 1263 4910
9268 6 32 72 6 628 629 3209 4841 4842 7664
9269 6 32 72 6 4841 4842 7664 1248 1249 4881
9270 6 32 72 6 630 631 3194 4843 4844 7649
9271 6 32 72 6 4843 4844 7649 1250 1251 4866
9272 6 32 72 6 635 636 3210 4848 4849 7665
9273 6 32 72 6 4848 4849 7665 1255 1256 4882
9274 6 32 72 6 637 638 3197 4850 4851 7652
9275 6 32 72 6 4850 4851 7652 1257 1258 4869
9276 6 32 72 6 641 642 3195 4854 4855 7650
9277 6 32 72 6 4854 4855 7650 1261 1262 4867
9278 6 32 72 6 649 650 3212 4862 4863 7667
9279 6 32 72 6 4862 4863 7667 1269 1270 4884
9280 6 32 72 6 651 652 3196 4864 4865 7651
9281 6 32 72 6 4864 4865 7651 1271 1272 4868
9282 6 42 81 6 3326 59 3401 7782 1382 7857
9283 6 42 81 6 7782 1382 7857 5095 124 5170
9284 6 42 81 6 3338 3327 3342 7794 7783 7798
9285 6 42 81 6 7794 7783 7798 5107 5096 5111
9286 6 42 81 6 3342 3327 3385 7798 7783 7841
9287 6 42 81 6 7798 7783 7841 5111 5096 5154
9288 6 42 81 6 3332 3338 3339 7788 7794 7795
9289 6 42 81 6 7788 7794 7795 5101 5107 5108
9290 6 42 81 6 3386 3397 3404 7842 7853 7860
9291 6 42 81 6 7842 7853 7860 5155 5166 5173
9292 6 42 81 6 59 728 3401 1382 5071 7857
9293 6 42 81 6 1382 5071 7857 124 1360 5170
9294 6 42 81 6 3397 3335 3404 7853 7791 7860
9295 6 42 81 6 7853 7791 7860 5166 5104 5173
9296 6 42 81 6 3331 3370 3422 7787 7826 7878
9297 6 42 81 6 7787 7826 7878 5100 5139 5191
9298 6 42 81 6 3394 3379 3413 7850 7835 7869
9299 6 42 81 6 7850 7835 7869 5163 5148 5182
9300 6 42 81 6 3387 3372 3389 7843 7828 7845
9301 6 42 81 6 7843 7828 7845 5156 5141 5158
9302 6 42 81 6 3373 3387 3389 7829 7843 7845
9303 6 42 81 6 7829 7843 7845 5142 5156 5158
9304 6 42 81 6 3332 3337 3338 7788 7793 7794
9305 6 42 81 6 7788 7793 7794 5101 5106 5107
9306 6 42 81 6 57 3394 3413 7881 7850 7869
9307 6 42 81 6 7881 7850 7869 5194 5163 5182
9308 6 42 81 6 3370 3331 3390 7826 7787 7846
9309 6 42 81 6 7826 7787 7846 5139 5100 5159
9310 6 42 81 6 3377 3330 3378 7833 7786 7834
9311 6 42 81 6 7833 7786 7834 5146 5099 5147
9312 6 42 81 6 3378 3330 3417 7834 7786 7873
9313 6 42 81 6 7834 7786 7873 5147 5099 5186
9314 6 42 81 6 3334 3372 3388 7790 7828 7844
9315 6 42 81 6 7790 7828 7844 5103 5141 5157
9316 6 42 81 6 3372 3334 3389 7828 7790 7845
9317 6 42 81 6 7828 7790 7845 5141 5103 5158
9318 6 42 81 6 57 3381 3394 7881 7837 7850
9319 6 42 81 6 7881 7837 7850 5194 5150 5163
9320 6 42 81 6 3404 3335 3411 7860 7791 7867
9321 6 42 81 6 7860 7791 7867 5173 5104 5180
9322 6 42 81 6 3325 3373 3389 7781 7829 7845
9323 6 42 81 6 7781 7829 7845 5094 5142 5158
9324 6 42 81 6 3335 3399 3411 7791 7855 7867
9325 6 42 81 6 7791 7855 7867 5104 5168 5180
9326 6 42 81 6 3396 3331 3422 7852 7787 7878
9327 6 42 81 6 7852 7787 7878 5165 5100 5191
9328 6 42 81 6 3381 57 3421 7837 7881 7877
9329 6 42 81 6 7837 7881 7877 5150 5194 5190
9330 6 42 81 6 3374 3408 3416 7830 7864 7872
9331 6 42 81 6 7830 7864 7872 5143 5177 5185
9332 6 42 81 6 3403 3374 3416 7859 7830 7872
9333 6 42 81 6 7859 7830 7872 5172 5143 5185
9334 6 42 81 6 738 3391 3415 5081 7847 7871
9335 6 42 81 6 5081 7847 7871 1370 5160 5184
9336 6 42 81 6 3391 738 3419 7847 5081 7875
9337 6 42 81 6 7847 5081 7875 5160 1370 5188
9338 6 42 81 6 3339 3338 3340 7795 7794 7796
9339 6 42 81 6 7795 7794 7796 5108 5107 5109
9340 6 42 81 6 3375 3326 3414 7831 7782 7870
9341 6 42 81 6 7831 7782 7870 5144 5095 5183
9342 6 42 81 6 3326 3375 3402 7782 7831 7858
9343 6 42 81 6 7782 7831 7858 5095 5144 5171
9344 6 42 81 6 743 3406 3417 5086 7862 7873
9345 6 42 81 6 5086 7862 7873 1375 5175 5186
9346 6 42 81 6 744 745 3328 5087 5088 7784
9347 6 42 81 6 5087 5088 7784 1376 1377 5097
9348 6 42 81 6 60 735 3336 1383 5078 7792
9349 6 42 81 6 1383 5078 7792 125 1367 5105
9350 6 42 81 6 729 730 3329 5072 5073 7785
9351 6 42 81 6 5072 5073 7785 1361 1362 5098
9352 6 42 81 6 723 724 3327 5066 5067 7783
9353 6 42 81 6 5066 5067 7783 1355 1356 5096
9354 6 42 81 6 61 742 3330 1384 5085 7786
9355 6 42 81 6 1384 5085 7786 126 1374 5099
9356 6 42 81 6 736 737 3331 5079 5080 7787
9357 6 42 81 6 5079 5080 7787 1368 1369 5100
9358 6 42 81 6 721 722 3332 5064 5065 7788
9359 6 42 81 6 5064 5065 7788 1353 1354 5101
9360 6 42 81 6 739 740 3323 5082 5083 7779
9361 6 42 81 6 5082 5083 7779 1371 1372 5092
9362 6 42 81 6 731 732 3335 5074 5075 7791
9363 6 42 81 6 5074 5075 7791 1363 1364 5104
9364 6 42 81 6 725 726 3333 5068 5069 7789
9365 6 42 81 6 5068 5069 7789 1357 1358 5102
9366 6 42 81 6 746 747 3334 5089 5090 7790
9367 6 42 81 6 5089 5090 7790 1378 1379 5103
9368 6 42 81 6 727 59 3326 5070 1382 7782
9369 6 42 81 6 5070 1382 7782 1359 124 5095
9370 6 42 81 6 748 58 3325 5091 1381 7781
9371 6 42 81 6 5091 1381 7781 1380 123 5094
9372 6 42 81 6 733 734 3324 5076 5077 7780
9373 6 42 81 6 5076 5077 7780 1365 1366 5093
9374 6 42 81 6 3406 3378 3417 7862 7834 7873
9375 6 42 81 6 7862 7834 7873 5175 5147 5186
9376 6 42 81 6 3326 3401 3414 7782 7857 7870
9377 6 42 81 6 7782 7857 7870 5095 5170 5183
9378 6 42 81 6 3376 3393 3413 7832 7849 7869
9379 6 42 81 6 7832 7849 7869 5145 5162 5182
9380 6 42 81 6 3340 3338 3342 7796 7794 7798
9381 6 42 81 6 7796 7794 7798 5109 5107 5111
9382 6 42 81 6 3339 3340 3341 7795 7796 7797
9383 6 42 81 6 7795 7796 7797 5108 5109 5110
9384 6 42 81 6 3373 3325 3395 7829 7781 7851
9385 6 42 81 6 7829 7781 7851 5142 5094 5164
9386 6 42 81 6 3376 3369 3384 7832 7825 7840
9387 6 42 81 6 7832 7825 7840 5145 5138 5153
9388 6 42 81 6 3340 3342 3343 7796 7798 7799
9389 6 42 81 6 7796 7798 7799 5109 5111 5112
9390 6 42 81 6 3339 3341 3373 7795 7797 7829
9391 6 42 81 6 7795 7797 7829 5108 5110 5142
9392 6 42 81 6 3369 3372 3387 7825 7828 7843
9393 6 42 81 6 7825 7828 7843 5138 5141 5156
9394 6 42 81 6 3343 3342 3344 7799 7798 7800
9395 6 42 81 6 7799 7798 7800 5112 5111 5113
9396 6 42 81 6 3343 3344 3345 7799 7800 7801
9397 6 42 81 6 7799 7800 7801 5112 5113 5114
9398 6 42 81 6 3343 3345 3371 7799 7801 7827
9399 6 42 81 6 7799 7801 7827 5112 5114 5140
9400 6 42 81 6 3345 3344 3346 7801 7800 7802
9401 6 42 81 6 7801 7800 7802 5114 5113 5115
9402 6 42 81 6 3346 3344 3375 7802 7800 7831
9403 6 42 81 6 7802 7800 7831 5115 5113 5144
9404 6 42 81 6 3345 3346 3347 7801 7802 7803
9405 6 42 81 6 7801 7802 7803 5114 5115 5116
9406 6 42 81 6 3347 3346 3348 7803 7802 7804
9407 6 42 81 6 7803 7802 7804 5116 5115 5117
9408 6 42 81 6 3347 3348 3349 7803 7804 7805
9409 6 42 81 6 7803 7804 7805 5116 5117 5118
9410 6 42 81 6 3347 3349 3350 7803 7805 7806
9411 6 42 81 6 7803 7805 7806 5116 5118 5119
9412 6 42 81 6 3350 3349 3351 7806 7805 7807
9413 6 42 81 6 7806 7805 7807 5119 5118 5120
9414 6 42 81 6 3350 3351 3352 7806 7807 7808
9415 6 42 81 6 7806 7807 7808 5119 5120 5121
9416 6 42 81 6 3352 3351 3353 7808 7807 7809
9417 6 42 81 6 7808 7807 7809 5121 5120 5122
9418 6 42 81 6 3352 3353 3354 7808 7809 7810
9419 6 42 81 6 7808 7809 7810 5121 5122 5123
9420 6 42 81 6 3352 3354 3355 7808 7810 7811
9421 6 42 81 6 7808 7810 7811 5121 5123 5124
9422 6 42 81 6 3355 3354 3356 7811 7810 7812
9423 6 42 81 6 7811 7810 7812 5124 5123 5125
9424 6 42 81 6 3355 3356 3357 7811 7812 7813
9425 6 42 81 6 7811 7812 7813 5124 5125 5126
9426 6 42 81 6 3357 3356 3358 7813 7812 7814
9427 6 42 81 6 7813 7812 7814 5126 5125 5127
9428 6 42 81 6 3357 3358 3359 7813 7814 7815
9429 6 42 81 6 7813 7814 7815 5126 5127 5128
9430 6 42 81 6 3358 3356 3370 7814 7812 7826
9431 6 42 81 6 7814 7812 7826 5127 5125 5139
9432 6 42 81 6 3359 3358 3360 7815 7814 7816
9433 6 42 81 6 7815 7814 7816 5128 5127 5129
9434 6 42 81 6 3359 3360 3361 7815 7816 7817
9435 6 42 81 6 7815 7816 7817 5128 5129 5130
9436 6 42 81 6 3359 3361 3362 7815 7817 7818
9437 6 42 81 6 7815 7817 7818 5128 5130 5131
9438 6 42 81 6 3362 3361 3363 7818 7817 7819
9439 6 42 81 6 7818 7817 7819 5131 5130 5132
9440 6 42 81 6 3363 3361 3374 7819 7817 7830
9441 6 42 81 6 7819 7817 7830 5132 5130 5143
9442 6 42 81 6 3362 3363 3364 7818 7819 7820
9443 6 42 81 6 7818 7819 7820 5131 5132 5133
9444 6 42 81 6 3366 3368 3369 7822 7824 7825
9445 6 42 81 6 7822 7824 7825 5135 5137 5138
9446 6 42 81 6 3366 3367 3368 7822 7823 7824
9447 6 42 81 6 7822 7823 7824 5135 5136 5137
9448 6 42 81 6 3362 3364 3365 7818 7820 7821
9449 6 42 81 6 7818 7820 7821 5131 5133 5134
9450 6 42 81 6 3365 3366 3376 7821 7822 7832
9451 6 42 81 6 7821 7822 7832 5134 5135 5145
9452 6 42 81 6 3366 3364 3367 7822 7820 7823
9453 6 42 81 6 7822 7820 7823 5135 5133 5136
9454 6 42 81 6 3369 3368 3372 7825 7824 7828
9455 6 42 81 6 7825 7824 7828 5138 5137 5141
9456 6 42 81 6 3366 3369 3376 7822 7825 7832
9457 6 42 81 6 7822 7825 7832 5135 5138 5145
9458 6 42 81 6 3365 3364 3366 7821 7820 7822
9459 6 42 81 6 7821 7820 7822 5134 5133 5135
9460 6 42 81 6 3357 3359 3379 7813 7815 7835
9461 6 42 81 6 7813 7815 7835 5126 5128 5148
9462 6 42 81 6 3367 3377 3378 7823 7833 7834
9463 6 42 81 6 7823 7833 7834 5136 5146 5147
9464 6 42 81 6 3367 3364 3377 7823 7820 7833
9465 6 42 81 6 7823 7820 7833 5136 5133 5146
9466 6 42 81 6 3364 3363 3377 7820 7819 7833
9467 6 42 81 6 7820 7819 7833 5133 5132 5146
9468 6 42 81 6 3359 3362 3379 7815 7818 7835
9469 6 42 81 6 7815 7818 7835 5128 5131 5148
9470 6 42 81 6 3362 3365 3379 7818 7821 7835
9471 6 42 81 6 7818 7821 7835 5131 5134 5148
9472 6 42 81 6 3356 3354 3380 7812 7810 7836
9473 6 42 81 6 7812 7810 7836 5125 5123 5149
9474 6 42 81 6 3370 3356 3380 7826 7812 7836
9475 6 42 81 6 7826 7812 7836 5139 5125 5149
9476 6 42 81 6 3350 3352 3381 7806 7808 7837
9477 6 42 81 6 7806 7808 7837 5119 5121 5150
9478 6 42 81 6 3352 3355 3381 7808 7811 7837
9479 6 42 81 6 7808 7811 7837 5121 5124 5150
9480 6 42 81 6 3371 3345 3382 7827 7801 7838
9481 6 42 81 6 7827 7801 7838 5140 5114 5151
9482 6 42 81 6 3350 3381 3382 7806 7837 7838
9483 6 42 81 6 7806 7837 7838 5119 5150 5151
9484 6 42 81 6 3345 3347 3382 7801 7803 7838
9485 6 42 81 6 7801 7803 7838 5114 5116 5151
9486 6 42 81 6 3347 3350 3382 7803 7806 7838
9487 6 42 81 6 7803 7806 7838 5116 5119 5151
9488 6 42 81 6 3376 3384 3393 7832 7840 7849
9489 6 42 81 6 7832 7840 7849 5145 5153 5162
9490 6 42 81 6 3409 3391 3419 7865 7847 7875
9491 6 42 81 6 7865 7847 7875 5178 5160 5188
9492 6 42 81 6 3391 3390 3415 7847 7846 7871
9493 6 42 81 6 7847 7846 7871 5160 5159 5184
9494 6 42 81 6 3332 3339 3395 7788 7795 7851
9495 6 42 81 6 7788 7795 7851 5101 5108 5164
9496 6 42 81 6 3405 3378 3406 7861 7834 7862
9497 6 42 81 6 7861 7834 7862 5174 5147 5175
9498 6 42 81 6 3401 728 3407 7857 5071 7863
9499 6 42 81 6 7857 5071 7863 5170 1360 5176
9500 6 42 81 6 3341 3340 3383 7797 7796 7839
9501 6 42 81 6 7797 7796 7839 5110 5109 5152
9502 6 42 81 6 3380 3336 3422 7836 7792 7878
9503 6 42 81 6 7836 7792 7878 5149 5105 5191
9504 6 42 81 6 3340 3343 3383 7796 7799 7839
9505 6 42 81 6 7796 7799 7839 5109 5112 5152
9506 6 42 81 6 3384 3369 3387 7840 7825 7843
9507 6 42 81 6 7840 7825 7843 5153 5138 5156
9508 6 42 81 6 3336 3380 3423 7792 7836 7879
9509 6 42 81 6 7792 7836 7879 5105 5149 5192
9510 6 42 81 6 3343 3371 3383 7799 7827 7839
9511 6 42 81 6 7799 7827 7839 5112 5140 5152
9512 6 42 81 6 3390 3331 3415 7846 7787 7871
9513 6 42 81 6 7846 7787 7871 5159 5100 5184
9514 6 42 81 6 3358 3370 3390 7814 7826 7846
9515 6 42 81 6 7814 7826 7846 5127 5139 5159
9516 6 42 81 6 3354 3353 3392 7810 7809 7848
9517 6 42 81 6 7810 7809 7848 5123 5122 5161
9518 6 42 81 6 3334 3388 3412 7790 7844 7868
9519 6 42 81 6 7790 7844 7868 5103 5157 5181
9520 6 42 81 6 3357 3379 3394 7813 7835 7850
9521 6 42 81 6 7813 7835 7850 5126 5148 5163
9522 6 42 81 6 3381 3355 3394 7837 7811 7850
9523 6 42 81 6 7837 7811 7850 5150 5124 5163
9524 6 42 81 6 3323 3374 3409 7779 7830 7865
9525 6 42 81 6 7779 7830 7865 5092 5143 5178
9526 6 42 81 6 3341 3383 3384 7797 7839 7840
9527 6 42 81 6 7797 7839 7840 5110 5152 5153
9528 6 42 81 6 3330 3377 3403 7786 7833 7859
9529 6 42 81 6 7786 7833 7859 5099 5146 5172
9530 6 42 81 6 3386 3329 3397 7842 7785 7853
9531 6 42 81 6 7842 7785 7853 5155 5098 5166
9532 6 42 81 6 3393 57 3413 7849 7881 7869
9533 6 42 81 6 7849 7881 7869 5162 5194 5182
9534 6 42 81 6 3360 3390 3391 7816 7846 7847
9535 6 42 81 6 7816 7846 7847 5129 5159 5160
9536 6 42 81 6 3333 726 3402 7789 5069 7858
9537 6 42 81 6 7789 5069 7858 5102 1358 5171
9538 6 42 81 6 3351 3349 3386 7807 7805 7842
9539 6 42 81 6 7807 7805 7842 5120 5118 5155
9540 6 42 81 6 3377 3363 3403 7833 7819 7859
9541 6 42 81 6 7833 7819 7859 5146 5132 5172
9542 6 42 81 6 3374 3323 3408 7830 7779 7864
9543 6 42 81 6 7830 7779 7864 5143 5092 5177
9544 6 42 81 6 3373 3341 3387 7829 7797 7843
9545 6 42 81 6 7829 7797 7843 5142 5110 5156
9546 6 42 81 6 3372 3368 3388 7828 7824 7844
9547 6 42 81 6 7828 7824 7844 5141 5137 5157
9548 6 42 81 6 3341 3384 3387 7797 7840 7843
9549 6 42 81 6 7797 7840 7843 5110 5153 5156
9550 6 42 81 6 3337 3327 3338 7793 7783 7794
9551 6 42 81 6 7793 7783 7794 5106 5096 5107
9552 6 42 81 6 3360 3358 3390 7816 7814 7846
9553 6 42 81 6 7816 7814 7846 5129 5127 5159
9554 6 42 81 6 736 3331 3396 5079 7787 7852
9555 6 42 81 6 5079 7787 7852 1368 5100 5165
9556 6 42 81 6 3332 722 3337 7788 5065 7793
9557 6 42 81 6 7788 5065 7793 5101 1354 5106
9558 6 42 81 6 3329 730 3397 7785 5073 7853
9559 6 42 81 6 7785 5073 7853 5098 1362 5166
9560 6 42 81 6 731 3335 3397 5074 7791 7853
9561 6 42 81 6 5074 7791 7853 1363 5104 5166
9562 6 42 81 6 723 3327 3337 5066 7783 7793
9563 6 42 81 6 5066 7783 7793 1355 5096 5106
9564 6 42 81 6 3336 735 3396 7792 5078 7852
9565 6 42 81 6 7792 5078 7852 5105 1367 5165
9566 6 42 81 6 60 3336 3398 1383 7792 7854
9567 6 42 81 6 1383 7792 7854 125 5105 5167
9568 6 42 81 6 3324 734 3398 7780 5077 7854
9569 6 42 81 6 7780 5077 7854 5093 1366 5167
9570 6 42 81 6 3335 732 3399 7791 5075 7855
9571 6 42 81 6 7791 5075 7855 5104 1364 5168
9572 6 42 81 6 733 3324 3399 5076 7780 7855
9573 6 42 81 6 5076 7780 7855 1365 5093 5168
9574 6 42 81 6 3380 3354 3392 7836 7810 7848
9575 6 42 81 6 7836 7810 7848 5149 5123 5161
9576 6 42 81 6 3339 3373 3395 7795 7829 7851
9577 6 42 81 6 7795 7829 7851 5108 5142 5164
9578 6 42 81 6 3323 3409 3419 7779 7865 7875
9579 6 42 81 6 7779 7865 7875 5092 5178 5188
9580 6 42 81 6 3375 3333 3402 7831 7789 7858
9581 6 42 81 6 7831 7789 7858 5144 5102 5171
9582 6 42 81 6 3367 3378 3405 7823 7834 7861
9583 6 42 81 6 7823 7834 7861 5136 5147 5174
9584 6 42 81 6 3374 3361 3409 7830 7817 7865
9585 6 42 81 6 7830 7817 7865 5143 5130 5178
9586 6 42 81 6 727 3326 3402 5070 7782 7858
9587 6 42 81 6 5070 7782 7858 1359 5095 5171
9588 6 42 81 6 3323 740 3408 7779 5083 7864
9589 6 42 81 6 7779 5083 7864 5092 1372 5177
9590 6 42 81 6 3379 3365 3413 7835 7821 7869
9591 6 42 81 6 7835 7821 7869 5148 5134 5182
9592 6 42 81 6 3346 3375 3414 7802 7831 7870
9593 6 42 81 6 7802 7831 7870 5115 5144 5183
9594 6 42 81 6 3334 747 3410 7790 5090 7866
9595 6 42 81 6 7790 5090 7866 5103 1379 5179
9596 6 42 81 6 748 3325 3410 5091 7781 7866
9597 6 42 81 6 5091 7781 7866 1380 5094 5179
9598 6 42 81 6 3328 745 3412 7784 5088 7868
9599 6 42 81 6 7784 5088 7868 5097 1377 5181
9600 6 42 81 6 746 3334 3412 5089 7790 7868
9601 6 42 81 6 5089 7790 7868 1378 5103 5181
9602 6 42 81 6 3344 3342 3418 7800 7798 7874
9603 6 42 81 6 7800 7798 7874 5113 5111 5187
9604 6 42 81 6 61 3330 3416 1384 7786 7872
9605 6 42 81 6 1384 7786 7872 126 5099 5185
9606 6 42 81 6 3392 3324 3423 7848 7780 7879
9607 6 42 81 6 7848 7780 7879 5161 5093 5192
9608 6 42 81 6 3382 3381 3421 7838 7837 7877
9609 6 42 81 6 7838 7837 7877 5151 5150 5190
9610 6 42 81 6 721 3332 3424 5064 7788 7880
9611 6 42 81 6 5064 7788 7880 1353 5101 5193
9612 6 42 81 6 3325 58 3424 7781 1381 7880
9613 6 42 81 6 7781 1381 7880 5094 123 5193
9614 6 42 81 6 3389 3334 3410 7845 7790 7866
9615 6 42 81 6 7845 7790 7866 5158 5103 5179
9616 6 42 81 6 3325 3389 3410 7781 7845 7866
9617 6 42 81 6 7781 7845 7866 5094 5158 5179
9618 6 42 81 6 3360 3391 3409 7816 7847 7865
9619 6 42 81 6 7816 7847 7865 5129 5160 5178
9620 6 42 81 6 3386 3349 3400 7842 7805 7856
9621 6 42 81 6 7842 7805 7856 5155 5118 5169
9622 6 42 81 6 3329 3386 3400 7785 7842 7856
9623 6 42 81 6 7785 7842 7856 5098 5155 5169
9624 6 42 81 6 3327 724 3420 7783 5067 7876
9625 6 42 81 6 7783 5067 7876 5096 1356 5189
9626 6 42 81 6 725 3333 3420 5068 7789 7876
9627 6 42 81 6 5068 7789 7876 1357 5102 5189
9628 6 42 81 6 3355 3357 3394 7811 7813 7850
9629 6 42 81 6 7811 7813 7850 5124 5126 5163
9630 6 42 81 6 3324 3398 3423 7780 7854 7879
9631 6 42 81 6 7780 7854 7879 5093 5167 5192
9632 6 42 81 6 3383 3371 3393 7839 7827 7849
9633 6 42 81 6 7839 7827 7849 5152 5140 5162
9634 6 42 81 6 3400 3348 3401 7856 7804 7857
9635 6 42 81 6 7856 7804 7857 5169 5117 5170
9636 6 42 81 6 3384 3383 3393 7840 7839 7849
9637 6 42 81 6 7840 7839 7849 5153 5152 5162
9638 6 42 81 6 3328 3405 3406 7784 7861 7862
9639 6 42 81 6 7784 7861 7862 5097 5174 5175
9640 6 42 81 6 3401 3348 3414 7857 7804 7870
9641 6 42 81 6 7857 7804 7870 5170 5117 5183
9642 6 42 81 6 3351 3386 3404 7807 7842 7860
9643 6 42 81 6 7807 7842 7860 5120 5155 5173
9644 6 42 81 6 3388 3368 3405 7844 7824 7861
9645 6 42 81 6 7844 7824 7861 5157 5137 5174
9646 6 42 81 6 3328 3388 3405 7784 7844 7861
9647 6 42 81 6 7784 7844 7861 5097 5157 5174
9648 6 42 81 6 730 731 3397 5073 5074 7853
9649 6 42 81 6 5073 5074 7853 1362 1363 5166
9650 6 42 81 6 722 723 3337 5065 5066 7793
9651 6 42 81 6 5065 5066 7793 1354 1355 5106
9652 6 42 81 6 735 736 3396 5078 5079 7852
9653 6 42 81 6 5078 5079 7852 1367 1368 5165
9654 6 42 81 6 734 60 3398 5077 1383 7854
9655 6 42 81 6 5077 1383 7854 1366 125 5167
9656 6 42 81 6 732 733 3399 5075 5076 7855
9657 6 42 81 6 5075 5076 7855 1364 1365 5168
9658 6 42 81 6 3342 3385 3418 7798 7841 7874
9659 6 42 81 6 7798 7841 7874 5111 5154 5187
9660 6 42 81 6 726 727 3402 5069 5070 7858
9661 6 42 81 6 5069 5070 7858 1358 1359 5171
9662 6 42 81 6 744 3328 3406 5087 7784 7862
9663 6 42 81 6 5087 7784 7862 1376 5097 5175
9664 6 42 81 6 3349 3348 3400 7805 7804 7856
9665 6 42 81 6 7805 7804 7856 5118 5117 5169
9666 6 42 81 6 743 744 3406 5086 5087 7862
9667 6 42 81 6 5086 5087 7862 1375 1376 5175
9668 6 42 81 6 728 729 3407 5071 5072 7863
9669 6 42 81 6 5071 5072 7863 1360 1361 5176
9670 6 42 81 6 729 3329 3407 5072 7785 7863
9671 6 42 81 6 5072 7785 7863 1361 5098 5176
9672 6 42 81 6 737 738 3415 5080 5081 7871
9673 6 42 81 6 5080 5081 7871 1369 1370 5184
9674 6 42 81 6 742 743 3417 5085 5086 7873
9675 6 42 81 6 5085 5086 7873 1374 1375 5186
9676 6 42 81 6 3363 3374 3403 7819 7830 7859
9677 6 42 81 6 7819 7830 7859 5132 5143 5172
9678 6 42 81 6 738 739 3419 5081 5082 7875
9679 6 42 81 6 5081 5082 7875 1370 1371 5188
9680 6 42 81 6 3388 3328 3412 7844 7784 7868
9681 6 42 81 6 7844 7784 7868 5157 5097 5181
9682 6 42 81 6 3385 3327 3420 7841 7783 7876
9683 6 42 81 6 7841 7783 7876 5154 5096 5189
9684 6 42 81 6 3333 3385 3420 7789 7841 7876
9685 6 42 81 6 7789 7841 7876 5102 5154 5189
9686 6 42 81 6 57 3393 3421 7881 7849 7877
9687 6 42 81 6 7881 7849 7877 5194 5162 5190
9688 6 42 81 6 3393 3371 3421 7849 7827 7877
9689 6 42 81 6 7849 7827 7877 5162 5140 5190
9690 6 42 81 6 3332 3395 3424 7788 7851 7880
9691 6 42 81 6 7788 7851 7880 5101 5164 5193
9692 6 42 81 6 3395 3325 3424 7851 7781 7880
9693 6 42 81 6 7851 7781 7880 5164 5094 5193
9694 6 42 81 6 3331 737 3415 7787 5080 7871
9695 6 42 81 6 7787 5080 7871 5100 1369 5184
9696 6 42 81 6 3353 3404 3411 7809 7860 7867
9697 6 42 81 6 7809 7860 7867 5122 5173 5180
9698 6 42 81 6 3330 742 3417 7786 5085 7873
9699 6 42 81 6 7786 5085 7873 5099 1374 5186
9700 6 42 81 6 3400 3401 3407 7856 7857 7863
9701 6 42 81 6 7856 7857 7863 5169 5170 5176
9702 6 42 81 6 3370 3380 3422 7826 7836 7878
9703 6 42 81 6 7826 7836 7878 5139 5149 5191
9704 6 42 81 6 739 3323 3419 5082 7779 7875
9705 6 42 81 6 5082 7779 7875 1371 5092 5188
9706 6 42 81 6 3353 3351 3404 7809 7807 7860
9707 6 42 81 6 7809 7807 7860 5122 5120 5173
9708 6 42 81 6 740 741 3408 5083 5084 7864
9709 6 42 81 6 5083 5084 7864 1372 1373 5177
9710 6 42 81 6 747 748 3410 5090 5091 7866
9711 6 42 81 6 5090 5091 7866 1379 1380 5179
9712 6 42 81 6 745 746 3412 5088 5089 7868
9713 6 42 81 6 5088 5089 7868 1377 1378 5181
9714 6 42 81 6 3368 3367 3405 7824 7823 7861
9715 6 42 81 6 7824 7823 7861 5137 5136 5174
9716 6 42 81 6 3330 3403 3416 7786 7859 7872
9717 6 42 81 6 7786 7859 7872 5099 5172 5185
9718 6 42 81 6 741 61 3416 5084 1384 7872
9719 6 42 81 6 5084 1384 7872 1373 126 5185
9720 6 42 81 6 3392 3353 3411 7848 7809 7867
9721 6 42 81 6 7848 7809 7867 5161 5122 5180
9722 6 42 81 6 3361 3360 3409 7817 7816 7865
9723 6 42 81 6 7817 7816 7865 5130 5129 5178
9724 6 42 81 6 3333 3375 3418 7789 7831 7874
9725 6 42 81 6 7789 7831 7874 5102 5144 5187
9726 6 42 81 6 724 725 3420 5067 5068 7876
9727 6 42 81 6 5067 5068 7876 1356 1357 5189
9728 6 42 81 6 58 721 3424 1381 5064 7880
9729 6 42 81 6 1381 5064 7880 123 1353 5193
9730 6 42 81 6 3365 3376 3413 7821 7832 7869
9731 6 42 81 6 7821 7832 7869 5134 5145 5182
9732 6 42 81 6 3348 3346 3414 7804 7802 7870
9733 6 42 81 6 7804 7802 7870 5117 5115 5183
9734 6 42 81 6 3329 3400 3407 7785 7856 7863
9735 6 42 81 6 7785 7856 7863 5098 5169 5176
9736 6 42 81 6 3375 3344 3418 7831 7800 7874
9737 6 42 81 6 7831 7800 7874 5144 5113 5187
9738 6 42 81 6 3324 3392 3411 7780 7848 7867
9739 6 42 81 6 7780 7848 7867 5093 5161 5180
9740 6 42 81 6 3371 3382 3421 7827 7838 7877
9741 6 42 81 6 7827 7838 7877 5140 5151 5190
9742 6 42 81 6 3408 741 3416 7864 5084 7872
9743 6 42 81 6 7864 5084 7872 5177 1373 5185
9744 6 42 81 6 3385 3333 3418 7841 7789 7874
9745 6 42 81 6 7841 7789 7874 5154 5102 5187
9746 6 42 81 6 3398 3336 3423 7854 7792 7879
9747 6 42 81 6 7854 7792 7879 5167 5105 5192
9748 6 42 81 6 3399 3324 3411 7855 7780 7867
9749 6 42 81 6 7855 7780 7867 5168 5093 5180
9750 6 42 81 6 3380 3392 3423 7836 7848 7879
9751 6 42 81 6 7836 7848 7879 5149 5161 5192
9752 6 42 81 6 3336 3396 3422 7792 7852 7878
9753 6 42 81 6 7792 7852 7878 5105 5165 5191
9754 6 52 90 6 3512 71 3590 7969 1489 8047
9755 6 52 90 6 7969 1489 8047 5378 135 5456
9756 6 52 90 6 3525 3513 3529 7982 7970 7986
9757 6 52 90 6 7982 7970 7986 5391 5379 5395
9758 6 52 90 6 3529 3513 3571 7986 7970 8028
9759 6 52 90 6 7986 7970 8028 5395 5379 5437
9760 6 52 90 6 3519 3525 3526 7976 7982 7983
9761 6 52 90 6 7976 7982 7983 5385 5391 5392
9762 6 52 90 6 3572 3584 3593 8029 8041 8050
9763 6 52 90 6 8029 8041 8050 5438 5450 5459
9764 6 52 90 6 71 817 3590 1489 5347 8047
9765 6 52 90 6 1489 5347 8047 135 1461 5456
9766 6 52 90 6 3584 3517 3593 8041 7974 8050
9767 6 52 90 6 8041 7974 8050 5450 5383 5459
9768 6 52 90 6 3515 3556 3608 7972 8013 8065
9769 6 52 90 6 7972 8013 8065 5381 5422 5474
9770 6 52 90 6 3579 3547 3600 8036 8004 8057
9771 6 52 90 6 8036 8004 8057 5445 5413 5466
9772 6 52 90 6 3573 3562 3575 8030 8019 8032
9773 6 52 90 6 8030 8019 8032 5439 5428 5441
9774 6 52 90 6 3559 3573 3575 8016 8030 8032
9775 6 52 90 6 8016 8030 8032 5425 5439 5441
9776 6 52 90 6 3519 3524 3525 7976 7981 7982
9777 6 52 90 6 7976 7981 7982 5385 5390 5391
9778 6 52 90 6 70 3579 3600 8068 8036 8057
9779 6 52 90 6 8068 8036 8057 5477 5445 5466
9780 6 52 90 6 3556 3515 3576 8013 7972 8033
9781 6 52 90 6 8013 7972 8033 5422 5381 5442
9782 6 52 90 6 3574 3561 3594 8031 8018 8051
9783 6 52 90 6 8031 8018 8051 5440 5427 5460
9784 6 52 90 6 3520 3562 3574 7977 8019 8031
9785 6 52 90 6 7977 8019 8031 5386 5428 5440
9786 6 52 90 6 3562 3520 3575 8019 7977 8032
9787 6 52 90 6 8019 7977 8032 5428 5386 5441
9788 6 52 90 6 3518 3558 3592 7975 8015 8049
9789 6 52 90 6 7975 8015 8049 5384 5424 5458
9790 6 52 90 6 70 3567 3579 8068 8024 8036
9791 6 52 90 6 8068 8024 8036 5477 5433 5445
9792 6 52 90 6 3593 3517 3598 8050 7974 8055
9793 6 52 90 6 8050 7974 8055 5459 5383 5464
9794 6 52 90 6 3588 3510 3596 8045 7967 8053
9795 6 52 90 6 8045 7967 8053 5454 5376 5462
9796 6 52 90 6 3587 3510 3588 8044 7967 8045
9797 6 52 90 6 8044 7967 8045 5453 5376 5454
9798 6 52 90 6 3511 3559 3575 7968 8016 8032
9799 6 52 90 6 7968 8016 8032 5377 5425 5441
9800 6 52 90 6 3517 3586 3598 7974 8043 8055
9801 6 52 90 6 7974 8043 8055 5383 5452 5464
9802 6 52 90 6 3583 3515 3608 8040 7972 8065
9803 6 52 90 6 8040 7972 8065 5449 5381 5474
9804 6 52 90 6 3567 70 3607 8024 8068 8064
9805 6 52 90 6 8024 8068 8064 5433 5477 5473
9806 6 52 90 6 3514 3574 3594 7971 8031 8051
9807 6 52 90 6 7971 8031 8051 5380 5440 5460
9808 6 52 90 6 3558 3564 3592 8015 8021 8049
9809 6 52 90 6 8015 8021 8049 5424 5430 5458
9810 6 52 90 6 3526 3525 3527 7983 7982 7984
9811 6 52 90 6 7983 7982 7984 5392 5391 5393
9812 6 52 90 6 3560 3512 3601 8017 7969 8058
9813 6 52 90 6 8017 7969 8058 5426 5378 5467
9814 6 52 90 6 3512 3560 3591 7969 8017 8048
9815 6 52 90 6 7969 8017 8048 5378 5426 5457
9816 6 52 90 6 833 834 3514 5363 5364 7971
9817 6 52 90 6 5363 5364 7971 1477 1478 5380
9818 6 52 90 6 840 841 3513 5370 5371 7970
9819 6 52 90 6 5370 5371 7970 1484 1485 5379
9820 6 52 90 6 838 839 3519 5368 5369 7976
9821 6 52 90 6 5368 5369 7976 1482 1483 5385
9822 6 52 90 6 72 824 3523 1490 5354 7980
9823 6 52 90 6 1490 5354 7980 136 1468 5389
9824 6 52 90 6 825 826 3515 5355 5356 7972
9825 6 52 90 6 5355 5356 7972 1469 1470 5381
9826 6 52 90 6 831 832 3518 5361 5362 7975
9827 6 52 90 6 5361 5362 7975 1475 1476 5384
9828 6 52 90 6 818 819 3516 5348 5349 7973
9829 6 52 90 6 5348 5349 7973 1462 1463 5382
9830 6 52 90 6 827 828 3522 5357 5358 7979
9831 6 52 90 6 5357 5358 7979 1471 1472 5388
9832 6 52 90 6 842 843 3521 5372 5373 7978
9833 6 52 90 6 5372 5373 7978 1486 1487 5387
9834 6 52 90 6 835 836 3520 5365 5366 7977
9835 6 52 90 6 5365 5366 7977 1479 1480 5386
9836 6 52 90 6 844 71 3512 5374 1489 7969
9837 6 52 90 6 5374 1489 7969 1488 135 5378
9838 6 52 90 6 837 74 3511 5367 1492 7968
9839 6 52 90 6 5367 1492 7968 1481 138 5377
9840 6 52 90 6 820 821 3517 5350 5351 7974
9841 6 52 90 6 5350 5351 7974 1464 1465 5383
9842 6 52 90 6 829 830 3510 5359 5360 7967
9843 6 52 90 6 5359 5360 7967 1473 1474 5376
9844 6 52 90 6 822 823 3509 5352 5353 7966
9845 6 52 90 6 5352 5353 7966 1466 1467 5375
9846 6 52 90 6 3510 3564 3596 7967 8021 8053
9847 6 52 90 6 7967 8021 8053 5376 5430 5462
9848 6 52 90 6 3564 3510 3603 8021 7967 8060
9849 6 52 90 6 8021 7967 8060 5430 5376 5469
9850 6 52 90 6 3512 3590 3601 7969 8047 8058
9851 6 52 90 6 7969 8047 8058 5378 5456 5467
9852 6 52 90 6 3552 3578 3600 8009 8035 8057
9853 6 52 90 6 8009 8035 8057 5418 5444 5466
9854 6 52 90 6 3527 3525 3529 7984 7982 7986
9855 6 52 90 6 7984 7982 7986 5393 5391 5395
9856 6 52 90 6 3526 3527 3528 7983 7984 7985
9857 6 52 90 6 7983 7984 7985 5392 5393 5394
9858 6 52 90 6 3559 3511 3580 8016 7968 8037
9859 6 52 90 6 8016 7968 8037 5425 5377 5446
9860 6 52 90 6 3552 3553 3570 8009 8010 8027
9861 6 52 90 6 8009 8010 8027 5418 5419 5436
9862 6 52 90 6 3576 3515 3582 8033 7972 8039
9863 6 52 90 6 8033 7972 8039 5442 5381 5448
9864 6 52 90 6 3526 3528 3559 7983 7985 8016
9865 6 52 90 6 7983 7985 8016 5392 5394 5425
9866 6 52 90 6 3527 3529 3530 7984 7986 7987
9867 6 52 90 6 7984 7986 7987 5393 5395 5396
9868 6 52 90 6 3553 3562 3573 8010 8019 8030
9869 6 52 90 6 8010 8019 8030 5419 5428 5439
9870 6 52 90 6 3530 3529 3531 7987 7986 7988
9871 6 52 90 6 7987 7986 7988 5396 5395 5397
9872 6 52 90 6 3530 3531 3532 7987 7988 7989
9873 6 52 90 6 7987 7988 7989 5396 5397 5398
9874 6 52 90 6 3530 3532 3557 7987 7989 8014
9875 6 52 90 6 7987 7989 8014 5396 5398 5423
9876 6 52 90 6 3532 3531 3533 7989 7988 7990
9877 6 52 90 6 7989 7988 7990 5398 5397 5399
9878 6 52 90 6 3533 3531 3560 7990 7988 8017
9879 6 52 90 6 7990 7988 8017 5399 5397 5426
9880 6 52 90 6 3532 3533 3534 7989 7990 7991
9881 6 52 90 6 7989 7990 7991 5398 5399 5400
9882 6 52 90 6 3534 3533 3535 7991 7990 7992
9883 6 52 90 6 7991 7990 7992 5400 5399 5401
9884 6 52 90 6 3534 3535 3536 7991 7992 7993
9885 6 52 90 6 7991 7992 7993 5400 5401 5402
9886 6 52 90 6 3534 3536 3537 7991 7993 7994
9887 6 52 90 6 7991 7993 7994 5400 5402 5403
9888 6 52 90 6 3537 3536 3538 7994 7993 7995
9889 6 52 90 6 7994 7993 7995 5403 5402 5404
9890 6 52 90 6 3537 3538 3539 7994 7995 7996
9891 6 52 90 6 7994 7995 7996 5403 5404 5405
9892 6 52 90 6 3539 3538 3540 7996 7995 7997
9893 6 52 90 6 7996 7995 7997 5405 5404 5406
9894 6 52 90 6 3539 3540 3541 7996 7997 7998
9895 6 52 90 6 7996 7997 7998 5405 5406 5407
9896 6 52 90 6 3539 3541 3542 7996 7998 7999
9897 6 52 90 6 7996 7998 7999 5405 5407 5408
9898 6 52 90 6 3542 3541 3543 7999 7998 8000
9899 6 52 90 6 7999 7998 8000 5408 5407 5409
9900 6 52 90 6 3542 3543 3544 7999 8000 8001
9901 6 52 90 6 7999 8000 8001 5408 5409 5410
9902 6 52 90 6 3544 3543 3545 8001 8000 8002
9903 6 52 90 6 8001 8000 8002 5410 5409 5411
9904 6 52 90 6 3545 3543 3556 8002 8000 8013
9905 6 52 90 6 8002 8000 8013 5411 5409 5422
9906 6 52 90 6 3544 3545 3546 8001 8002 8003
9907 6 52 90 6 8001 8002 8003 5410 5411 5412
9908 6 52 90 6 3544 3546 3547 8001 8003 8004
9909 6 52 90 6 8001 8003 8004 5410 5412 5413
9910 6 52 90 6 3547 3546 3548 8004 8003 8005
9911 6 52 90 6 8004 8003 8005 5413 5412 5414
9912 6 52 90 6 3547 3548 3549 8004 8005 8006
9913 6 52 90 6 8004 8005 8006 5413 5414 5415
9914 6 52 90 6 3548 3546 3554 8005 8003 8011
9915 6 52 90 6 8005 8003 8011 5414 5412 5420
9916 6 52 90 6 3549 3548 3550 8006 8005 8007
9917 6 52 90 6 8006 8005 8007 5415 5414 5416
9918 6 52 90 6 3553 3561 3562 8010 8018 8019
9919 6 52 90 6 8010 8018 8019 5419 5427 5428
9920 6 52 90 6 3553 3551 3561 8010 8008 8018
9921 6 52 90 6 8010 8008 8018 5419 5417 5427
9922 6 52 90 6 3549 3550 3551 8006 8007 8008
9923 6 52 90 6 8006 8007 8008 5415 5416 5417
9924 6 52 90 6 3551 3550 3555 8008 8007 8012
9925 6 52 90 6 8008 8007 8012 5417 5416 5421
9926 6 52 90 6 3555 3550 3558 8012 8007 8015
9927 6 52 90 6 8012 8007 8015 5421 5416 5424
9928 6 52 90 6 3552 3551 3553 8009 8008 8010
9929 6 52 90 6 8009 8008 8010 5418 5417 5419
9930 6 52 90 6 3549 3551 3552 8006 8008 8009
9931 6 52 90 6 8006 8008 8009 5415 5417 5418
9932 6 52 90 6 3551 3555 3561 8008 8012 8018
9933 6 52 90 6 8008 8012 8018 5417 5421 5427
9934 6 52 90 6 3548 3554 3563 8005 8011 8020
9935 6 52 90 6 8005 8011 8020 5414 5420 5429
9936 6 52 90 6 3550 3548 3563 8007 8005 8020
9937 6 52 90 6 8007 8005 8020 5416 5414 5429
9938 6 52 90 6 3558 3563 3564 8015 8020 8021
9939 6 52 90 6 8015 8020 8021 5424 5429 5430
9940 6 52 90 6 3558 3550 3563 8015 8007 8020
9941 6 52 90 6 8015 8007 8020 5424 5416 5429
9942 6 52 90 6 3546 3545 3565 8003 8002 8022
9943 6 52 90 6 8003 8002 8022 5412 5411 5431
9944 6 52 90 6 3554 3546 3565 8011 8003 8022
9945 6 52 90 6 8011 8003 8022 5420 5412 5431
9946 6 52 90 6 3543 3541 3566 8000 7998 8023
9947 6 52 90 6 8000 7998 8023 5409 5407 5432
9948 6 52 90 6 3556 3543 3566 8013 8000 8023
9949 6 52 90 6 8013 8000 8023 5422 5409 5432
9950 6 52 90 6 3537 3539 3567 7994 7996 8024
9951 6 52 90 6 7994 7996 8024 5403 5405 5433
9952 6 52 90 6 3539 3542 3567 7996 7999 8024
9953 6 52 90 6 7996 7999 8024 5405 5408 5433
9954 6 52 90 6 3557 3532 3568 8014 7989 8025
9955 6 52 90 6 8014 7989 8025 5423 5398 5434
9956 6 52 90 6 3537 3567 3568 7994 8024 8025
9957 6 52 90 6 7994 8024 8025 5403 5433 5434
9958 6 52 90 6 3532 3534 3568 7989 7991 8025
9959 6 52 90 6 7989 7991 8025 5398 5400 5434
9960 6 52 90 6 3534 3537 3568 7991 7994 8025
9961 6 52 90 6 7991 7994 8025 5400 5403 5434
9962 6 52 90 6 3552 3570 3578 8009 8027 8035
9963 6 52 90 6 8009 8027 8035 5418 5436 5444
9964 6 52 90 6 3519 3526 3580 7976 7983 8037
9965 6 52 90 6 7976 7983 8037 5385 5392 5446
9966 6 52 90 6 3590 817 3595 8047 5347 8052
9967 6 52 90 6 8047 5347 8052 5456 1461 5461
9968 6 52 90 6 3528 3527 3569 7985 7984 8026
9969 6 52 90 6 7985 7984 8026 5394 5393 5435
9970 6 52 90 6 3566 3523 3608 8023 7980 8065
9971 6 52 90 6 8023 7980 8065 5432 5389 5474
9972 6 52 90 6 3527 3530 3569 7984 7987 8026
9973 6 52 90 6 7984 7987 8026 5393 5396 5435
9974 6 52 90 6 3570 3553 3573 8027 8010 8030
9975 6 52 90 6 8027 8010 8030 5436 5419 5439
9976 6 52 90 6 3561 3555 3594 8018 8012 8051
9977 6 52 90 6 8018 8012 8051 5427 5421 5460
9978 6 52 90 6 3523 3566 3609 7980 8023 8066
9979 6 52 90 6 7980 8023 8066 5389 5432 5475
9980 6 52 90 6 3530 3557 3569 7987 8014 8026
9981 6 52 90 6 7987 8014 8026 5396 5423 5435
9982 6 52 90 6 3545 3556 3576 8002 8013 8033
9983 6 52 90 6 8002 8013 8033 5411 5422 5442
9984 6 52 90 6 3541 3540 3577 7998 7997 8034
9985 6 52 90 6 7998 7997 8034 5407 5406 5443
9986 6 52 90 6 3520 3574 3599 7977 8031 8056
9987 6 52 90 6 7977 8031 8056 5386 5440 5465
9988 6 52 90 6 3544 3547 3579 8001 8004 8036
9989 6 52 90 6 8001 8004 8036 5410 5413 5445
9990 6 52 90 6 3567 3542 3579 8024 7999 8036
9991 6 52 90 6 8024 7999 8036 5433 5408 5445
9992 6 52 90 6 3528 3569 3570 7985 8026 8027
9993 6 52 90 6 7985 8026 8027 5394 5435 5436
9994 6 52 90 6 3572 3516 3584 8029 7973 8041
9995 6 52 90 6 8029 7973 8041 5438 5382 5450
9996 6 52 90 6 3578 70 3600 8035 8068 8057
9997 6 52 90 6 8035 8068 8057 5444 5477 5466
9998 6 52 90 6 3521 843 3591 7978 5373 8048
9999 6 52 90 6 7978 5373 8048 5387 1487 5457
10000 6 52 90 6 3558 3518 3606 8015 7975 8063
10001 6 52 90 6 8015 7975 8063 5424 5384 5472
10002 6 52 90 6 3538 3536 3572 7995 7993 8029
10003 6 52 90 6 7995 7993 8029 5404 5402 5438
10004 6 52 90 6 3559 3528 3573 8016 7985 8030
10005 6 52 90 6 8016 7985 8030 5425 5394 5439
10006 6 52 90 6 3562 3561 3574 8019 8018 8031
10007 6 52 90 6 8019 8018 8031 5428 5427 5440
10008 6 52 90 6 3528 3570 3573 7985 8027 8030
10009 6 52 90 6 7985 8027 8030 5394 5436 5439
10010 6 52 90 6 3524 3513 3525 7981 7970 7982
10011 6 52 90 6 7981 7970 7982 5390 5379 5391
10012 6 52 90 6 3565 3545 3576 8022 8002 8033
10013 6 52 90 6 8022 8002 8033 5431 5411 5442
10014 6 52 90 6 3518 832 3581 7975 5362 8038
10015 6 52 90 6 7975 5362 8038 5384 1476 5447
10016 6 52 90 6 3515 826 3582 7972 5356 8039
10017 6 52 90 6 7972 5356 8039 5381 1470 5448
10018 6 52 90 6 825 3515 3583 5355 7972 8040
10019 6 52 90 6 5355 7972 8040 1469 5381 5449
10020 6 52 90 6 3519 839 3524 7976 5369 7981
10021 6 52 90 6 7976 5369 7981 5385 1483 5390
10022 6 52 90 6 3516 819 3584 7973 5349 8041
10023 6 52 90 6 7973 5349 8041 5382 1463 5450
10024 6 52 90 6 827 3522 3582 5357 7979 8039
10025 6 52 90 6 5357 7979 8039 1471 5388 5448
10026 6 52 90 6 840 3513 3524 5370 7970 7981
10027 6 52 90 6 5370 7970 7981 1484 5379 5390
10028 6 52 90 6 833 3514 3581 5363 7971 8038
10029 6 52 90 6 5363 7971 8038 1477 5380 5447
10030 6 52 90 6 3523 824 3583 7980 5354 8040
10031 6 52 90 6 7980 5354 8040 5389 1468 5449
10032 6 52 90 6 820 3517 3584 5350 7974 8041
10033 6 52 90 6 5350 7974 8041 1464 5383 5450
10034 6 52 90 6 72 3523 3585 1490 7980 8042
10035 6 52 90 6 1490 7980 8042 136 5389 5451
10036 6 52 90 6 3509 823 3585 7966 5353 8042
10037 6 52 90 6 7966 5353 8042 5375 1467 5451
10038 6 52 90 6 3522 828 3587 7979 5358 8044
10039 6 52 90 6 7979 5358 8044 5388 1472 5453
10040 6 52 90 6 3517 821 3586 7974 5351 8043
10041 6 52 90 6 7974 5351 8043 5383 1465 5452
10042 6 52 90 6 822 3509 3586 5352 7966 8043
10043 6 52 90 6 5352 7966 8043 1466 5375 5452
10044 6 52 90 6 829 3510 3587 5359 7967 8044
10045 6 52 90 6 5359 7967 8044 1473 5376 5453
10046 6 52 90 6 3566 3541 3577 8023 7998 8034
10047 6 52 90 6 8023 7998 8034 5432 5407 5443
10048 6 52 90 6 3526 3559 3580 7983 8016 8037
10049 6 52 90 6 7983 8016 8037 5392 5425 5446
10050 6 52 90 6 3560 3521 3591 8017 7978 8048
10051 6 52 90 6 8017 7978 8048 5426 5387 5457
10052 6 52 90 6 3564 3563 3596 8021 8020 8053
10053 6 52 90 6 8021 8020 8053 5430 5429 5462
10054 6 52 90 6 844 3512 3591 5374 7969 8048
10055 6 52 90 6 5374 7969 8048 1488 5378 5457
10056 6 52 90 6 3547 3549 3600 8004 8006 8057
10057 6 52 90 6 8004 8006 8057 5413 5415 5466
10058 6 52 90 6 3533 3560 3601 7990 8017 8058
10059 6 52 90 6 7990 8017 8058 5399 5426 5467
10060 6 52 90 6 3520 836 3597 7977 5366 8054
10061 6 52 90 6 7977 5366 8054 5386 1480 5463
10062 6 52 90 6 837 3511 3597 5367 7968 8054
10063 6 52 90 6 5367 7968 8054 1481 5377 5463
10064 6 52 90 6 3514 834 3599 7971 5364 8056
10065 6 52 90 6 7971 5364 8056 5380 1478 5465
10066 6 52 90 6 835 3520 3599 5365 7977 8056
10067 6 52 90 6 5365 7977 8056 1479 5386 5465
10068 6 52 90 6 3576 3582 3605 8033 8039 8062
10069 6 52 90 6 8033 8039 8062 5442 5448 5471
10070 6 52 90 6 3531 3529 3602 7988 7986 8059
10071 6 52 90 6 7988 7986 8059 5397 5395 5468
10072 6 52 90 6 3577 3509 3609 8034 7966 8066
10073 6 52 90 6 8034 7966 8066 5443 5375 5475
10074 6 52 90 6 3568 3567 3607 8025 8024 8064
10075 6 52 90 6 8025 8024 8064 5434 5433 5473
10076 6 52 90 6 838 3519 3610 5368 7976 8067
10077 6 52 90 6 5368 7976 8067 1482 5385 5476
10078 6 52 90 6 3511 74 3610 7968 1492 8067
10079 6 52 90 6 7968 1492 8067 5377 138 5476
10080 6 52 90 6 3575 3520 3597 8032 7977 8054
10081 6 52 90 6 8032 7977 8054 5441 5386 5463
10082 6 52 90 6 3511 3575 3597 7968 8032 8054
10083 6 52 90 6 7968 8032 8054 5377 5441 5463
10084 6 52 90 6 3572 3536 3589 8029 7993 8046
10085 6 52 90 6 8029 7993 8046 5438 5402 5455
10086 6 52 90 6 3516 3572 3589 7973 8029 8046
10087 6 52 90 6 7973 8029 8046 5382 5438 5455
10088 6 52 90 6 3510 830 3603 7967 5360 8060
10089 6 52 90 6 7967 5360 8060 5376 1474 5469
10090 6 52 90 6 3513 841 3604 7970 5371 8061
10091 6 52 90 6 7970 5371 8061 5379 1485 5470
10092 6 52 90 6 842 3521 3604 5372 7978 8061
10093 6 52 90 6 5372 7978 8061 1486 5387 5470
10094 6 52 90 6 3542 3544 3579 7999 8001 8036
10095 6 52 90 6 7999 8001 8036 5408 5410 5445
10096 6 52 90 6 3509 3585 3609 7966 8042 8066
10097 6 52 90 6 7966 8042 8066 5375 5451 5475
10098 6 52 90 6 831 3518 3592 5361 7975 8049
10099 6 52 90 6 5361 7975 8049 1475 5384 5458
10100 6 52 90 6 3569 3557 3578 8026 8014 8035
10101 6 52 90 6 8026 8014 8035 5435 5423 5444
10102 6 52 90 6 3589 3535 3590 8046 7992 8047
10103 6 52 90 6 8046 7992 8047 5455 5401 5456
10104 6 52 90 6 3570 3569 3578 8027 8026 8035
10105 6 52 90 6 8027 8026 8035 5436 5435 5444
10106 6 52 90 6 3590 3535 3601 8047 7992 8058
10107 6 52 90 6 8047 7992 8058 5456 5401 5467
10108 6 52 90 6 3538 3572 3593 7995 8029 8050
10109 6 52 90 6 7995 8029 8050 5404 5438 5459
10110 6 52 90 6 826 827 3582 5356 5357 8039
10111 6 52 90 6 5356 5357 8039 1470 1471 5448
10112 6 52 90 6 819 820 3584 5349 5350 8041
10113 6 52 90 6 5349 5350 8041 1463 1464 5450
10114 6 52 90 6 839 840 3524 5369 5370 7981
10115 6 52 90 6 5369 5370 7981 1483 1484 5390
10116 6 52 90 6 824 825 3583 5354 5355 8040
10117 6 52 90 6 5354 5355 8040 1468 1469 5449
10118 6 52 90 6 832 833 3581 5362 5363 8038
10119 6 52 90 6 5362 5363 8038 1476 1477 5447
10120 6 52 90 6 821 822 3586 5351 5352 8043
10121 6 52 90 6 5351 5352 8043 1465 1466 5452
10122 6 52 90 6 823 72 3585 5353 1490 8042
10123 6 52 90 6 5353 1490 8042 1467 136 5451
10124 6 52 90 6 828 829 3587 5358 5359 8044
10125 6 52 90 6 5358 5359 8044 1472 1473 5453
10126 6 52 90 6 3529 3571 3602 7986 8028 8059
10127 6 52 90 6 7986 8028 8059 5395 5437 5468
10128 6 52 90 6 843 844 3591 5373 5374 8048
10129 6 52 90 6 5373 5374 8048 1487 1488 5457
10130 6 52 90 6 73 831 3592 1491 5361 8049
10131 6 52 90 6 1491 5361 8049 137 1475 5458
10132 6 52 90 6 3554 3565 3588 8011 8022 8045
10133 6 52 90 6 8011 8022 8045 5420 5431 5454
10134 6 52 90 6 3536 3535 3589 7993 7992 8046
10135 6 52 90 6 7993 7992 8046 5402 5401 5455
10136 6 52 90 6 817 818 3595 5347 5348 8052
10137 6 52 90 6 5347 5348 8052 1461 1462 5461
10138 6 52 90 6 818 3516 3595 5348 7973 8052
10139 6 52 90 6 5348 7973 8052 1462 5382 5461
10140 6 52 90 6 3574 3514 3599 8031 7971 8056
10141 6 52 90 6 8031 7971 8056 5440 5380 5465
10142 6 52 90 6 3571 3513 3604 8028 7970 8061
10143 6 52 90 6 8028 7970 8061 5437 5379 5470
10144 6 52 90 6 3521 3571 3604 7978 8028 8061
10145 6 52 90 6 7978 8028 8061 5387 5437 5470
10146 6 52 90 6 70 3578 3607 8068 8035 8064
10147 6 52 90 6 8068 8035 8064 5477 5444 5473
10148 6 52 90 6 3578 3557 3607 8035 8014 8064
10149 6 52 90 6 8035 8014 8064 5444 5423 5473
10150 6 52 90 6 3519 3580 3610 7976 8037 8067
10151 6 52 90 6 7976 8037 8067 5385 5446 5476
10152 6 52 90 6 3580 3511 3610 8037 7968 8067
10153 6 52 90 6 8037 7968 8067 5446 5377 5476
10154 6 52 90 6 3540 3593 3598 7997 8050 8055
10155 6 52 90 6 7997 8050 8055 5406 5459 5464
10156 6 52 90 6 3554 3588 3596 8011 8045 8053
10157 6 52 90 6 8011 8045 8053 5420 5454 5462
10158 6 52 90 6 3589 3590 3595 8046 8047 8052
10159 6 52 90 6 8046 8047 8052 5455 5456 5461
10160 6 52 90 6 3556 3566 3608 8013 8023 8065
10161 6 52 90 6 8013 8023 8065 5422 5432 5474
10162 6 52 90 6 3518 3581 3606 7975 8038 8063
10163 6 52 90 6 7975 8038 8063 5384 5447 5472
10164 6 52 90 6 3540 3538 3593 7997 7995 8050
10165 6 52 90 6 7997 7995 8050 5406 5404 5459
10166 6 52 90 6 3522 3587 3588 7979 8044 8045
10167 6 52 90 6 7979 8044 8045 5388 5453 5454
10168 6 52 90 6 3592 3564 3603 8049 8021 8060
10169 6 52 90 6 8049 8021 8060 5458 5430 5469
10170 6 52 90 6 836 837 3597 5366 5367 8054
10171 6 52 90 6 5366 5367 8054 1480 1481 5463
10172 6 52 90 6 834 835 3599 5364 5365 8056
10173 6 52 90 6 5364 5365 8056 1478 1479 5465
10174 6 52 90 6 3522 3588 3605 7979 8045 8062
10175 6 52 90 6 7979 8045 8062 5388 5454 5471
10176 6 52 90 6 3588 3565 3605 8045 8022 8062
10177 6 52 90 6 8045 8022 8062 5454 5431 5471
10178 6 52 90 6 3577 3540 3598 8034 7997 8055
10179 6 52 90 6 8034 7997 8055 5443 5406 5464
10180 6 52 90 6 73 3592 3603 1491 8049 8060
10181 6 52 90 6 1491 8049 8060 137 5458 5469
10182 6 52 90 6 3563 3554 3596 8020 8011 8053
10183 6 52 90 6 8020 8011 8053 5429 5420 5462
10184 6 52 90 6 3521 3560 3602 7978 8017 8059
10185 6 52 90 6 7978 8017 8059 5387 5426 5468
10186 6 52 90 6 3581 3594 3606 8038 8051 8063
10187 6 52 90 6 8038 8051 8063 5447 5460 5472
10188 6 52 90 6 830 73 3603 5360 1491 8060
10189 6 52 90 6 5360 1491 8060 1474 137 5469
10190 6 52 90 6 841 842 3604 5371 5372 8061
10191 6 52 90 6 5371 5372 8061 1485 1486 5470
10192 6 52 90 6 74 838 3610 1492 5368 8067
10193 6 52 90 6 1492 5368 8067 138 1482 5476
10194 6 52 90 6 3549 3552 3600 8006 8009 8057
10195 6 52 90 6 8006 8009 8057 5415 5418 5466
10196 6 52 90 6 3535 3533 3601 7992 7990 8058
10197 6 52 90 6 7992 7990 8058 5401 5399 5467
10198 6 52 90 6 3516 3589 3595 7973 8046 8052
10199 6 52 90 6 7973 8046 8052 5382 5455 5461
10200 6 52 90 6 3555 3558 3606 8012 8015 8063
10201 6 52 90 6 8012 8015 8063 5421 5424 5472
10202 6 52 90 6 3581 3514 3594 8038 7971 8051
10203 6 52 90 6 8038 7971 8051 5447 5380 5460
10204 6 52 90 6 3560 3531 3602 8017 7988 8059
10205 6 52 90 6 8017 7988 8059 5426 5397 5468
10206 6 52 90 6 3509 3577 3598 7966 8034 8055
10207 6 52 90 6 7966 8034 8055 5375 5443 5464
10208 6 52 90 6 3557 3568 3607 8014 8025 8064
10209 6 52 90 6 8014 8025 8064 5423 5434 5473
10210 6 52 90 6 3571 3521 3602 8028 7978 8059
10211 6 52 90 6 8028 7978 8059 5437 5387 5468
10212 6 52 90 6 3585 3523 3609 8042 7980 8066
10213 6 52 90 6 8042 7980 8066 5451 5389 5475
10214 6 52 90 6 3586 3509 3598 8043 7966 8055
10215 6 52 90 6 8043 7966 8055 5452 5375 5464
10216 6 52 90 6 3582 3522 3605 8039 7979 8062
10217 6 52 90 6 8039 7979 8062 5448 5388 5471
10218 6 52 90 6 3565 3576 3605 8022 8033 8062
10219 6 52 90 6 8022 8033 8062 5431 5442 5471
10220 6 52 90 6 3566 3577 3609 8023 8034 8066
10221 6 52 90 6 8023 8034 8066 5432 5443 5475
10222 6 52 90 6 3523 3583 3608 7980 8040 8065
10223 6 52 90 6 7980 8040 8065 5389 5449 5474
10224 6 52 90 6 3594 3555 3606 8051 8012 8063
10225 6 52 90 6 8051 8012 8063 5460 5421 5472
$ENDELM
